district,price,surface,rooms_num,floor_no,building_floors_num,construction_status,market,build_year,transit_dur_m
Mokotów,609000.0,36.42,2.0,3.0,5.0,do remontu,wtórny,1953.0,34.38333333333333
Żoliborz,840000.0,56.1,3.0,1.0,3.0,do remontu,wtórny,1969.0,18.65
Białołęka,911516.0,67.37,4.0,3.0,3.0,do wykończenia,pierwotny,2026.0,48.25
Wola,1062100.0,38.0,2.0,0.0,6.0,do zamieszkania,wtórny,2021.0,31.45
Ochota,490000.0,39.0,2.0,4.0,4.0,do remontu,wtórny,1969.0,46.733333333333334
Białołęka,535000.0,34.0,1.0,0.0,3.0,do zamieszkania,wtórny,2003.0,43.5
Ursus,776197.0,5944.0,4.0,1.0,8.0,do wykończenia,pierwotny,2026.0,58.86666666666667
Bemowo,779000.0,43.0,2.0,2.0,5.0,do wykończenia,pierwotny,2025.0,57.65
Włochy,1040022.0,70.51,3.0,2.0,6.0,do wykończenia,pierwotny,2025.0,41.11666666666667
Ursus,620033.0,42.92,2.0,1.0,8.0,do wykończenia,pierwotny,2026.0,58.86666666666667
Mokotów,3600000.0,140.0,3.0,0.0,8.0,do zamieszkania,wtórny,2018.0,59.75
Praga-Południe,529000.0,32.23,1.0,0.0,2.0,do zamieszkania,wtórny,1936.0,30.533333333333335
Praga-Południe,2200000.0,88.63,4.0,4.0,4.0,do zamieszkania,wtórny,2010.0,37.18333333333333
Targówek,699000.0,58.4,3.0,3.0,3.0,do zamieszkania,wtórny,1995.0,38.15
Wola,880000.0,54.14,3.0,8.0,10.0,do zamieszkania,wtórny,1970.0,37.2
Wola,435000.0,27.54,1.0,0.0,2.0,do zamieszkania,wtórny,1950.0,43.5
Białołęka,580897.0,38.4,2.0,1.0,3.0,do wykończenia,pierwotny,2026.0,69.83333333333333
Śródmieście,749180.0,36.58,2.0,3.0,10.0,do zamieszkania,wtórny,1963.0,16.966666666666665
Praga-Południe,480000.0,20.0,1.0,0.0,3.0,do zamieszkania,wtórny,2025.0,35.2
Ursynów,1259000.0,84.6,3.0,3.0,4.0,do zamieszkania,wtórny,1999.0,59.416666666666664
Ursus,599000.0,44.0,2.0,1.0,8.0,do zamieszkania,wtórny,2000.0,58.6
Śródmieście,749180.0,36.58,2.0,3.0,10.0,do zamieszkania,wtórny,1963.0,16.966666666666665
Praga-Północ,686646.0,24.89,1.0,1.0,8.0,do wykończenia,pierwotny,2025.0,22.25
Wola,3443550.0,104.35,3.0,6.0,7.0,do wykończenia,pierwotny,2024.0,34.63333333333333
Włochy,779000.0,63.63,3.0,1.0,1.0,do zamieszkania,wtórny,2002.0,64.85
Wilanów,990000.0,64.0,2.0,1.0,4.0,do zamieszkania,wtórny,2007.0,79.11666666666666
Praga,1030000.0,54.68,3.0,10.0,17.0,do zamieszkania,wtórny,2018.0,45.5
Praga-Południe,2500000.0,89.78,3.0,6.0,6.0,do zamieszkania,wtórny,2023.0,43.25
Białołęka,620789.0,38.57,2.0,1.0,5.0,do wykończenia,pierwotny,2026.0,54.56666666666667
Żoliborz,1075000.0,38.37,2.0,0.0,4.0,do wykończenia,pierwotny,2026.0,18.65
Praga-Południe,450000.0,32.2,1.0,4.0,4.0,do remontu,wtórny,1960.0,28.25
Białołęka,523940.0,39.1,2.0,3.0,4.0,do zamieszkania,wtórny,1999.0,76.35
Wola,695000.0,30.4,2.0,6.0,6.0,do wykończenia,wtórny,1914.0,27.3
Śródmieście,1275000.0,44.0,2.0,0.0,6.0,do zamieszkania,wtórny,2020.0,35.083333333333336
Śródmieście,755000.0,33.0,2.0,3.0,8.0,do zamieszkania,wtórny,1957.0,28.166666666666668
Włochy,1140000.0,61.75,3.0,1.0,4.0,do zamieszkania,wtórny,2024.0,48.61666666666667
Ursynów,845000.0,54.6,2.0,1.0,8.0,do zamieszkania,wtórny,2002.0,54.36666666666667
Białołęka,565000.0,37.3,2.0,0.0,2.0,do zamieszkania,wtórny,2020.0,58.63333333333333
Ochota,815000.0,56.1,3.0,4.0,4.0,do zamieszkania,wtórny,1976.0,46.733333333333334
Mokotów,785126.0,36.69,2.0,2.0,5.0,do wykończenia,pierwotny,2025.0,54.266666666666666
Wola,782000.0,31.01,2.0,7.0,9.0,do wykończenia,pierwotny,2025.0,32.083333333333336
Bemowo,999900.0,55.58,3.0,2.0,6.0,do wykończenia,wtórny,2023.0,54.55
Białołęka,750000.0,54.62,3.0,1.0,4.0,do wykończenia,wtórny,2025.0,74.91666666666667
Włochy,1799000.0,100.0,5.0,2.0,5.0,do zamieszkania,wtórny,2025.0,55.31666666666667
Mokotów,1399000.0,74.5,3.0,3.0,12.0,do zamieszkania,wtórny,2010.0,48.266666666666666
Praga-Południe,1450000.0,79.6,3.0,3.0,7.0,do zamieszkania,wtórny,2009.0,39.93333333333333
Mokotów,550000.0,37.7,2.0,0.0,10.0,do zamieszkania,wtórny,1974.0,66.45
Ursynów,690000.0,32.0,2.0,9.0,10.0,do zamieszkania,wtórny,2012.0,59.2
Praga,699000.0,52.32,2.0,2.0,3.0,do zamieszkania,wtórny,1957.0,44.43333333333333
Wilanów,1450000.0,75.6,3.0,1.0,5.0,do zamieszkania,wtórny,2009.0,62.18333333333333
Białołęka,620789.0,38.57,2.0,1.0,5.0,do wykończenia,pierwotny,2026.0,54.56666666666667
Białołęka,566730.0,41.98,2.0,3.0,3.0,do wykończenia,pierwotny,2025.0,44.06666666666667
Praga-Północ,746924.0,39.73,2.0,0.0,6.0,do wykończenia,pierwotny,2025.0,21.833333333333332
Ursynów,950000.0,57.0,3.0,10.0,15.0,do zamieszkania,wtórny,1988.0,61.85
Mokotów,1300000.0,34.04,1.0,0.0,3.0,do zamieszkania,wtórny,2022.0,58.56666666666667
Włochy,2125000.0,125.25,5.0,1.0,4.0,do zamieszkania,wtórny,2000.0,23.6
Bielany,1220842.0,62.93,3.0,4.0,5.0,do wykończenia,pierwotny,2025.0,53.2
Ochota,539860.0,25.0,1.0,7.0,10.0,do zamieszkania,wtórny,1970.0,37.03333333333333
Bemowo,805000.0,45.22,2.0,2.0,5.0,do zamieszkania,wtórny,2018.0,51.11666666666667
Mokotów,999999.0,61.68,3.0,1.0,3.0,do zamieszkania,wtórny,2015.0,63.65
Białołęka,590000.0,40.41,2.0,1.0,2.0,do zamieszkania,wtórny,2009.0,50.15
Mokotów,3650000.0,152.0,5.0,1.0,2.0,do wykończenia,wtórny,2024.0,54.416666666666664
Wola,1569000.0,80.57,4.0,1.0,6.0,do wykończenia,pierwotny,2026.0,36.583333333333336
Włochy,999974.0,56.14,3.0,2.0,7.0,do wykończenia,pierwotny,2026.0,51.483333333333334
Praga-Północ,867361.0,41.67,2.0,6.0,8.0,do wykończenia,pierwotny,2025.0,22.25
Białołęka,716924.0,64.48,3.0,2.0,2.0,do wykończenia,pierwotny,2023.0,75.55
Ursus,599151.0,37.97,2.0,0.0,7.0,do wykończenia,pierwotny,2027.0,67.2
Praga-Północ,1548887.0,86.53,4.0,2.0,5.0,do wykończenia,pierwotny,2027.0,26.15
Praga-Północ,1450460.0,69.4,4.0,5.0,6.0,do wykończenia,pierwotny,2025.0,19.233333333333334
Wola,695000.0,44.0,2.0,6.0,7.0,do zamieszkania,wtórny,1958.0,38.53333333333333
Mokotów,870000.0,44.7,1.0,1.0,4.0,do zamieszkania,wtórny,1939.0,34.38333333333333
Wola,755000.0,48.36,2.0,4.0,4.0,do remontu,wtórny,1953.0,31.733333333333334
Wola,520000.0,20.9,1.0,4.0,10.0,do zamieszkania,wtórny,2019.0,34.53333333333333
Ochota,1590000.0,70.0,3.0,0.0,3.0,do remontu,wtórny,1928.0,30.533333333333335
Wola,1643331.0,78.5,3.0,1.0,6.0,do zamieszkania,wtórny,2008.0,31.766666666666666
Bemowo,964000.0,53.85,3.0,4.0,4.0,do wykończenia,wtórny,2025.0,57.56666666666667
Bielany,750000.0,38.1,2.0,0.0,7.0,do zamieszkania,wtórny,2016.0,42.03333333333333
Śródmieście,1090000.0,53.0,2.0,1.0,4.0,do zamieszkania,wtórny,1955.0,22.2
Praga-Południe,620000.0,48.9,2.0,5.0,10.0,do remontu,wtórny,1964.0,36.266666666666666
Wola,795000.0,36.2,1.0,10.0,30.0,do zamieszkania,wtórny,2005.0,29.483333333333334
Ochota,752000.0,45.3,3.0,3.0,12.0,do zamieszkania,wtórny,1970.0,23.6
Ursynów,780000.0,60.2,3.0,0.0,3.0,do zamieszkania,wtórny,1980.0,64.18333333333334
Praga-Północ,990000.0,66.89,3.0,6.0,6.0,do remontu,wtórny,1955.0,17.166666666666668
Praga-Południe,599000.0,27.0,1.0,1.0,3.0,do zamieszkania,wtórny,1960.0,36.266666666666666
Wola,2965000.0,127.71,5.0,6.0,6.0,do wykończenia,pierwotny,2026.0,41.88333333333333
Włochy,1000595.0,59.58,3.0,0.0,7.0,do wykończenia,pierwotny,2026.0,51.483333333333334
Bielany,3325917.0,101.71,4.0,5.0,5.0,do wykończenia,pierwotny,2027.0,50.96666666666667
Mokotów,879000.0,49.39,3.0,6.0,10.0,do zamieszkania,wtórny,1969.0,63.25
Bielany,920000.0,64.48,3.0,4.0,4.0,do zamieszkania,wtórny,1968.0,36.55
Białołęka,688919.0,53.23,3.0,0.0,2.0,do wykończenia,pierwotny,2026.0,48.35
Włochy,4104100.0,122.48,4.0,5.0,5.0,do wykończenia,pierwotny,2026.0,49.266666666666666
Wola,946000.0,29.54,1.0,2.0,8.0,do wykończenia,pierwotny,2026.0,30.466666666666665
Włochy,843000.0,58.1,4.0,6.0,6.0,do wykończenia,wtórny,2022.0,23.6
Ursynów,1160000.0,75.8,3.0,1.0,3.0,do remontu,wtórny,1996.0,63.1
Ursynów,980000.0,46.0,2.0,6.0,7.0,do zamieszkania,wtórny,2003.0,62.28333333333333
Mokotów,1890000.0,72.0,2.0,3.0,4.0,do zamieszkania,wtórny,1928.0,54.416666666666664
Śródmieście,4199000.0,151.4,4.0,1.0,7.0,do wykończenia,wtórny,2006.0,11.866666666666667
Wilanów,950000.0,45.05,2.0,2.0,5.0,do zamieszkania,wtórny,2018.0,63.38333333333333
Ursynów,649000.0,32.22,2.0,10.0,12.0,do zamieszkania,wtórny,2003.0,59.13333333333333
Białołęka,1050000.0,70.8,3.0,3.0,4.0,do zamieszkania,wtórny,1999.0,51.3
Włochy,1200000.0,61.94,3.0,2.0,3.0,do zamieszkania,wtórny,2000.0,47.88333333333333
Mokotów,2049000.0,116.89,5.0,2.0,2.0,do zamieszkania,wtórny,1954.0,58.9
Wola,990000.0,41.55,2.0,0.0,7.0,do wykończenia,pierwotny,2026.0,36.583333333333336
Mokotów,818235.0,44.81,2.0,1.0,9.0,do wykończenia,pierwotny,2025.0,35.95
Ursus,800060.0,59.42,3.0,1.0,3.0,do wykończenia,pierwotny,2024.0,57.333333333333336
Śródmieście,1800000.0,72.57,2.0,1.0,4.0,do zamieszkania,wtórny,1938.0,32.96666666666667
Śródmieście,1480000.0,77.37,4.0,7.0,7.0,do remontu,wtórny,1957.0,32.55
Mokotów,690000.0,48.0,3.0,2.0,10.0,do remontu,wtórny,1970.0,55.35
Ursynów,1150000.0,72.21,3.0,0.0,10.0,do zamieszkania,wtórny,1996.0,64.35
Mokotów,1575000.0,86.6,4.0,4.0,5.0,do remontu,wtórny,1991.0,35.11666666666667
Ochota,800000.0,43.5,2.0,5.0,8.0,do zamieszkania,wtórny,2001.0,46.78333333333333
Wola,1380000.0,62.8,3.0,3.0,9.0,do zamieszkania,wtórny,2014.0,45.56666666666667
Mokotów,1330000.0,72.0,3.0,3.0,7.0,do zamieszkania,wtórny,2018.0,56.88333333333333
Wola,900000.0,37.0,2.0,3.0,5.0,do zamieszkania,wtórny,2023.0,36.583333333333336
Żoliborz,1000000.0,45.31,2.0,0.0,4.0,do zamieszkania,wtórny,2014.0,46.516666666666666
Ochota,2850000.0,133.87,4.0,1.0,3.0,do zamieszkania,wtórny,2009.0,52.416666666666664
Praga-Południe,900000.0,47.04,2.0,10.0,17.0,do zamieszkania,wtórny,2018.0,39.46666666666667
Śródmieście,830000.0,43.72,2.0,2.0,8.0,do zamieszkania,wtórny,1955.0,31.066666666666666
Śródmieście,1900000.0,68.81,3.0,4.0,6.0,do zamieszkania,wtórny,2018.0,35.516666666666666
Bielany,790045.0,42.59,2.0,1.0,5.0,do wykończenia,pierwotny,2025.0,53.2
Bemowo,570000.0,36.44,1.0,2.0,6.0,do zamieszkania,wtórny,2002.0,49.43333333333333
Ursynów,970000.0,65.0,3.0,8.0,12.0,do zamieszkania,wtórny,1985.0,58.31666666666667
Białołęka,1044693.0,89.29,4.0,0.0,1.0,do wykończenia,pierwotny,2026.0,46.15
Wilanów,850000.0,38.44,2.0,3.0,4.0,do zamieszkania,wtórny,2012.0,65.83333333333333
Targówek,535000.0,44.59,3.0,3.0,3.0,do wykończenia,pierwotny,1956.0,29.65
Włochy,1200000.0,61.94,3.0,2.0,3.0,do zamieszkania,wtórny,2000.0,47.88333333333333
Mokotów,1380000.0,50.51,2.0,0.0,2.0,do wykończenia,pierwotny,2026.0,60.05
Bemowo,1430000.0,67.59,3.0,4.0,8.0,do zamieszkania,wtórny,2017.0,51.63333333333333
Mokotów,2750000.0,165.2,4.0,3.0,3.0,do zamieszkania,wtórny,1997.0,56.11666666666667
Białołęka,1124880.0,187.64,6.0,1.0,1.0,do wykończenia,pierwotny,2026.0,46.15
Bielany,564000.0,27.67,1.0,6.0,6.0,do wykończenia,wtórny,2025.0,64.18333333333334
Wola,1114000.0,34.2,2.0,4.0,6.0,do zamieszkania,wtórny,2024.0,36.583333333333336
Wola,1048000.0,32.0,2.0,6.0,6.0,do zamieszkania,wtórny,2024.0,36.583333333333336
Białołęka,452731.0,34.69,2.0,1.0,2.0,do wykończenia,pierwotny,2025.0,74.8
Praga-Południe,921200.0,43.87,2.0,5.0,5.0,do zamieszkania,wtórny,2023.0,44.5
Bemowo,965000.0,52.55,3.0,3.0,6.0,do zamieszkania,wtórny,2024.0,37.2
Bielany,655000.0,47.24,3.0,3.0,3.0,do remontu,wtórny,1968.0,35.11666666666667
Mokotów,1149000.0,65.46,3.0,1.0,10.0,do zamieszkania,wtórny,2013.0,54.05
Ursynów,544835.5,36.4,1.0,0.0,1.0,do remontu,wtórny,1979.0,51.13333333333333
Ursynów,970000.0,65.0,3.0,8.0,12.0,do zamieszkania,wtórny,1985.0,58.31666666666667
Mokotów,3075000.0,109.82,4.0,9.0,10.0,do wykończenia,pierwotny,2027.0,49.333333333333336
Białołęka,760625.0,60.85,3.0,2.0,2.0,do zamieszkania,pierwotny,2024.0,46.15
Śródmieście,800000.0,35.51,1.0,1.0,3.0,do zamieszkania,wtórny,1958.0,24.033333333333335
Praga-Północ,690000.0,30.0,2.0,3.0,7.0,do zamieszkania,wtórny,1960.0,43.75
Praga,715000.0,56.6,3.0,5.0,5.0,do zamieszkania,wtórny,1976.0,19.933333333333334
Praga-Północ,780000.0,55.55,2.0,3.0,3.0,do zamieszkania,wtórny,1955.0,22.05
Praga-Północ,770000.0,55.2,3.0,5.0,15.0,do remontu,wtórny,1978.0,22.2
Praga-Północ,995000.0,30.59,1.0,6.0,6.0,do zamieszkania,wtórny,2018.0,25.666666666666668
Bemowo,2150000.0,100.0,5.0,5.0,5.0,do zamieszkania,wtórny,2010.0,42.75
Mokotów,969804.0,61.38,3.0,1.0,5.0,do wykończenia,pierwotny,2025.0,39.083333333333336
Mokotów,714923.0,37.2,2.0,0.0,7.0,do wykończenia,pierwotny,2025.0,66.51666666666667
Mokotów,1212941.0,70.8,4.0,2.0,7.0,do wykończenia,pierwotny,2025.0,66.51666666666667
Mokotów,867921.0,48.0,3.0,1.0,7.0,do wykończenia,pierwotny,2025.0,66.51666666666667
Mokotów,1025790.0,66.18,4.0,1.0,5.0,do wykończenia,pierwotny,2025.0,39.083333333333336
Mokotów,1800000.0,86.77,4.0,1.0,7.0,do zamieszkania,wtórny,2022.0,56.88333333333333
Wilanów,3100000.0,147.68,4.0,1.0,4.0,do zamieszkania,wtórny,2010.0,62.18333333333333
Praga-Północ,642484.0,45.72,2.0,4.0,7.0,do wykończenia,pierwotny,2025.0,46.45
Praga-Północ,850764.0,45.74,2.0,1.0,6.0,do wykończenia,pierwotny,2025.0,21.833333333333332
Bemowo,643906.0,37.22,2.0,0.0,5.0,do wykończenia,pierwotny,2025.0,54.53333333333333
Ursynów,1586655.0,83.95,4.0,1.0,3.0,do wykończenia,pierwotny,2025.0,64.25
Mokotów,1149000.0,65.46,3.0,1.0,10.0,do zamieszkania,wtórny,2013.0,54.05
Wawer,1015575.0,77.53,4.0,1.0,4.0,do wykończenia,pierwotny,2026.0,36.03333333333333
Ochota,699000.0,42.88,2.0,5.0,2.0,do zamieszkania,wtórny,1968.0,41.266666666666666
Mokotów,1460000.0,63.65,3.0,3.0,6.0,do zamieszkania,wtórny,2020.0,55.28333333333333
Praga-Południe,1295272.0,90.58,5.0,0.0,5.0,do wykończenia,pierwotny,2025.0,35.516666666666666
Targówek,1268279.0,92.58,5.0,1.0,5.0,do wykończenia,pierwotny,2025.0,44.4
Ursus,599000.0,36.0,2.0,7.0,7.0,do zamieszkania,wtórny,2008.0,54.6
Praga-Południe,830000.0,42.5,2.0,4.0,4.0,do zamieszkania,pierwotny,2025.0,44.483333333333334
Wola,750000.0,38.5,2.0,6.0,15.0,do zamieszkania,wtórny,1969.0,29.85
Wola,949000.0,67.0,3.0,4.0,4.0,do wykończenia,wtórny,1953.0,36.166666666666664
Bielany,1400000.0,80.8,3.0,2.0,3.0,do zamieszkania,wtórny,2001.0,40.38333333333333
Ursynów,795000.0,56.0,2.0,9.0,10.0,do zamieszkania,wtórny,2001.0,62.666666666666664
Mokotów,2045000.0,88.27,4.0,7.0,8.0,do zamieszkania,wtórny,2017.0,59.833333333333336
Ochota,670000.0,37.7,2.0,10.0,12.0,do zamieszkania,wtórny,1970.0,23.6
Ursus,710000.0,50.86,2.0,2.0,4.0,do zamieszkania,wtórny,1999.0,53.53333333333333
Ursynów,1586655.0,83.95,4.0,1.0,3.0,do wykończenia,pierwotny,2025.0,64.25
Praga-Północ,1465914.0,82.82,4.0,1.0,5.0,do wykończenia,pierwotny,2027.0,26.15
Ursynów,799000.0,94.0,3.0,1.0,1.0,do wykończenia,pierwotny,2024.0,75.35
Żoliborz,630000.0,32.0,1.0,3.0,4.0,do remontu,wtórny,1955.0,35.9
Wilanów,1290000.0,70.0,3.0,2.0,4.0,do zamieszkania,wtórny,2015.0,62.88333333333333
Śródmieście,1070000.0,55.4,2.0,1.0,4.0,do zamieszkania,wtórny,1950.0,18.166666666666668
Ochota,990000.0,65.3,3.0,3.0,12.0,do zamieszkania,wtórny,1978.0,39.11666666666667
Ursynów,2945000.0,147.3,5.0,2.0,2.0,do zamieszkania,wtórny,2009.0,55.53333333333333
Śródmieście,4400000.0,110.0,2.0,3.0,5.0,do zamieszkania,wtórny,1903.0,20.933333333333334
Praga-Południe,990000.0,55.5,2.0,3.0,14.0,do zamieszkania,wtórny,2014.0,38.85
Śródmieście,955000.0,49.23,3.0,8.0,14.0,do remontu,wtórny,1962.0,5.483333333333333
Wilanów,3600000.0,164.96,6.0,0.0,3.0,do zamieszkania,wtórny,2018.0,79.36666666666666
Praga-Południe,679000.0,53.35,2.0,2.0,4.0,do remontu,wtórny,1991.0,34.666666666666664
Ursus,999000.0,51.4,3.0,3.0,8.0,do zamieszkania,wtórny,2023.0,67.2
Ursus,710000.0,50.86,2.0,2.0,4.0,do zamieszkania,wtórny,1999.0,53.53333333333333
Żoliborz,1100000.0,77.29,3.0,8.0,19.0,do zamieszkania,wtórny,1986.0,35.1
Wola,599000.0,36.5,2.0,2.0,10.0,do zamieszkania,wtórny,1966.0,33.56666666666667
Białołęka,967000.0,88.0,4.0,3.0,4.0,do zamieszkania,wtórny,2001.0,58.45
Wola,1034621.0,56.26,3.0,0.0,7.0,do wykończenia,wtórny,2016.0,47.166666666666664
Włochy,1127000.0,65.33,3.0,4.0,6.0,do zamieszkania,wtórny,2024.0,41.11666666666667
Włochy,859460.0,44.39,2.0,4.0,6.0,do zamieszkania,wtórny,2024.0,41.11666666666667
Ursus,689000.0,46.96,2.0,2.0,3.0,do wykończenia,pierwotny,2025.0,59.68333333333333
Mokotów,1650000.0,80.82,4.0,8.0,8.0,do zamieszkania,wtórny,2013.0,60.333333333333336
Mokotów,1920000.0,84.0,3.0,1.0,5.0,do zamieszkania,wtórny,2012.0,48.266666666666666
Ursus,550000.0,46.0,3.0,4.0,4.0,do remontu,wtórny,1969.0,55.18333333333333
Ursus,1100000.0,60.0,3.0,3.0,3.0,do zamieszkania,wtórny,2024.0,70.63333333333334
Bielany,1290000.0,54.0,2.0,0.0,2.0,do zamieszkania,wtórny,1970.0,35.11666666666667
Mokotów,830000.0,47.0,3.0,1.0,4.0,do zamieszkania,wtórny,1969.0,52.833333333333336
Praga-Południe,995000.0,61.0,3.0,2.0,10.0,do zamieszkania,wtórny,1970.0,33.483333333333334
Ursus,999000.0,63.5,3.0,2.0,7.0,do zamieszkania,wtórny,2019.0,65.95
Wawer,816370.0,68.38,4.0,0.0,1.0,do wykończenia,pierwotny,2027.0,60.61666666666667
Praga-Południe,745989.0,44.67,2.0,1.0,5.0,do wykończenia,pierwotny,2026.0,40.15
Śródmieście,743900.0,37.2,2.0,3.0,4.0,do wykończenia,wtórny,1950.0,27.883333333333333
Bielany,740000.0,50.7,3.0,3.0,5.0,do zamieszkania,wtórny,1998.0,53.483333333333334
Praga-Południe,1155000.0,79.72,1.0,5.0,5.0,do wykończenia,pierwotny,2026.0,40.15
Wola,1519000.0,65.0,3.0,1.0,4.0,do zamieszkania,wtórny,2011.0,36.583333333333336
Ursus,550000.0,46.0,3.0,4.0,4.0,do remontu,wtórny,1969.0,55.18333333333333
Ursus,1049000.0,82.5,4.0,2.0,7.0,do wykończenia,pierwotny,2025.0,70.63333333333334
Praga-Południe,849990.0,60.0,2.0,9.0,15.0,do zamieszkania,wtórny,2001.0,33.516666666666666
Wola,2499000.0,160.0,4.0,9.0,13.0,do remontu,wtórny,1998.0,29.483333333333334
Białołęka,843024.0,75.27,4.0,0.0,2.0,do wykończenia,pierwotny,2024.0,46.15
Wawer,1000000.0,69.4,3.0,0.0,2.0,do wykończenia,pierwotny,2025.0,54.61666666666667
Śródmieście,930000.0,41.7,2.0,4.0,16.0,do zamieszkania,wtórny,2007.0,31.5
Wola,730000.0,45.5,2.0,9.0,10.0,do zamieszkania,wtórny,1970.0,36.68333333333333
Mokotów,2277660.0,112.2,3.0,1.0,6.0,do zamieszkania,wtórny,2008.0,53.0
Białołęka,610500.0,42.0,2.0,1.0,3.0,do zamieszkania,wtórny,2012.0,49.78333333333333
Ursus,900000.0,41.25,2.0,6.0,6.0,do zamieszkania,wtórny,2023.0,48.03333333333333
Białołęka,669578.0,51.51,3.0,0.0,4.0,do wykończenia,pierwotny,2027.0,57.8
Śródmieście,1670000.0,72.6,3.0,9.0,12.0,do zamieszkania,wtórny,1977.0,46.7
Wawer,1189000.0,120.0,5.0,1.0,2.0,do zamieszkania,wtórny,2019.0,57.88333333333333
Praga-Południe,999000.0,59.0,3.0,1.0,6.0,do zamieszkania,wtórny,2024.0,32.483333333333334
Białołęka,1198080.0,83.2,3.0,1.0,3.0,do zamieszkania,wtórny,2024.0,44.06666666666667
Białołęka,1180000.0,91.5,4.0,1.0,6.0,do remontu,wtórny,2005.0,47.38333333333333
Mokotów,940000.0,68.2,3.0,1.0,4.0,do remontu,wtórny,1991.0,54.25
Mokotów,420000.0,18.8,1.0,3.0,15.0,do remontu,wtórny,1970.0,34.38333333333333
Wawer,1059065.0,70.97,4.0,1.0,1.0,do wykończenia,pierwotny,2027.0,60.61666666666667
Białołęka,452704.5,34.69,2.0,2.0,2.0,do wykończenia,pierwotny,2026.0,48.93333333333333
Wola,1095000.0,43.78,2.0,5.0,10.0,do zamieszkania,wtórny,2014.0,32.38333333333333
Ursynów,790000.0,61.1,3.0,2.0,4.0,do remontu,wtórny,1981.0,56.916666666666664
Praga-Południe,850000.0,54.5,2.0,2.0,10.0,do zamieszkania,wtórny,1971.0,37.18333333333333
Śródmieście,930000.0,51.21,3.0,7.0,9.0,do zamieszkania,wtórny,1960.0,24.183333333333334
Mokotów,953343.0,53.52,3.0,1.0,7.0,do wykończenia,pierwotny,2026.0,55.28333333333333
Śródmieście,1190000.0,55.8,2.0,1.0,15.0,do zamieszkania,wtórny,2007.0,32.016666666666666
Bemowo,1540000.0,95.0,3.0,2.0,4.0,do zamieszkania,wtórny,2009.0,58.03333333333333
Wola,654000.0,38.3,2.0,5.0,10.0,do wykończenia,pierwotny,2025.0,32.38333333333333
Wola,930375.0,56.0,3.0,4.0,10.0,do wykończenia,pierwotny,2025.0,32.38333333333333
Wola,592000.0,29.35,2.0,6.0,10.0,do wykończenia,pierwotny,2025.0,32.38333333333333
Bemowo,1850000.0,106.27,4.0,5.0,5.0,do wykończenia,pierwotny,2026.0,57.916666666666664
Praga,798350.0,45.62,3.0,1.0,3.0,do wykończenia,pierwotny,2026.0,40.71666666666667
Żoliborz,1630000.0,61.84,3.0,2.0,5.0,do zamieszkania,wtórny,2012.0,44.21666666666667
Białołęka,1124880.0,104.64,4.0,1.0,1.0,do wykończenia,pierwotny,2027.0,46.15
Praga-Północ,1001319.0,47.91,2.0,2.0,6.0,do wykończenia,pierwotny,2025.0,19.233333333333334
Bielany,684768.0,30.57,1.0,1.0,5.0,do wykończenia,pierwotny,2027.0,50.96666666666667
Wilanów,2890000.0,140.0,6.0,1.0,2.0,do wykończenia,pierwotny,2025.0,79.11666666666666
Wilanów,1850000.0,90.2,4.0,2.0,4.0,do zamieszkania,wtórny,2010.0,78.16666666666667
Białołęka,757000.0,57.92,4.0,3.0,5.0,do zamieszkania,wtórny,2023.0,52.516666666666666
Mokotów,780000.0,46.0,2.0,0.0,4.0,do zamieszkania,wtórny,1937.0,45.1
Praga-Południe,846195.0,52.42,2.0,0.0,5.0,do wykończenia,pierwotny,2024.0,43.31666666666667
Praga-Północ,710215.0,38.39,2.0,0.0,6.0,do wykończenia,pierwotny,2025.0,21.866666666666667
Włochy,1056627.0,73.89,3.0,1.0,6.0,do wykończenia,pierwotny,2025.0,41.11666666666667
Bielany,770910.0,36.71,1.0,3.0,8.0,do wykończenia,pierwotny,2025.0,57.35
Białołęka,583885.0,37.67,2.0,0.0,3.0,do wykończenia,pierwotny,2025.0,46.65
Praga-Północ,660000.0,48.0,2.0,1.0,7.0,do wykończenia,pierwotny,2025.0,46.483333333333334
Białołęka,776378.0,60.03,3.0,0.0,3.0,do wykończenia,pierwotny,2026.0,59.416666666666664
Praga-Północ,1001319.0,47.91,2.0,2.0,6.0,do wykończenia,pierwotny,2025.0,19.233333333333334
Mokotów,769000.0,35.0,2.0,0.0,3.0,do zamieszkania,wtórny,1952.0,31.683333333333334
Ursynów,1992000.0,108.6,4.0,1.0,3.0,do zamieszkania,wtórny,2000.0,63.766666666666666
Śródmieście,1083000.0,57.0,2.0,4.0,8.0,do remontu,wtórny,1957.0,32.71666666666667
Wawer,916940.0,72.2,4.0,3.0,3.0,do wykończenia,pierwotny,2026.0,61.266666666666666
Praga-Południe,880000.0,54.79,2.0,4.0,4.0,do zamieszkania,wtórny,2010.0,43.31666666666667
Wilanów,1899000.0,110.25,3.0,2.0,3.0,do zamieszkania,wtórny,2018.0,78.16666666666667
Ursus,800186.0,59.3,3.0,0.0,3.0,do wykończenia,pierwotny,2024.0,57.333333333333336
Wawer,927123.0,78.0,4.0,1.0,1.0,do wykończenia,pierwotny,2026.0,43.88333333333333
Wola,1399000.0,70.6,3.0,2.0,11.0,do zamieszkania,wtórny,2008.0,39.9
Wola,745000.0,50.0,3.0,10.0,10.0,do zamieszkania,wtórny,1980.0,36.016666666666666
Włochy,927000.0,61.8,3.0,4.0,6.0,do wykończenia,pierwotny,2025.0,41.11666666666667
Śródmieście,919000.0,55.0,3.0,7.0,9.0,do zamieszkania,wtórny,1968.0,32.766666666666666
Białołęka,549000.0,45.9,2.0,0.0,7.0,do zamieszkania,wtórny,2003.0,70.75
Ursynów,720000.0,42.0,2.0,2.0,4.0,do zamieszkania,wtórny,1979.0,54.88333333333333
Białołęka,787622.0,57.44,3.0,3.0,5.0,do wykończenia,pierwotny,2026.0,54.56666666666667
Wawer,1286434.11,76.93,4.0,1.0,5.0,do zamieszkania,pierwotny,2025.0,53.65
Włochy,484500.0,25.31,1.0,3.0,3.0,do wykończenia,pierwotny,2024.0,52.1
Ursus,394695.32,27.45,1.0,1.0,3.0,do wykończenia,pierwotny,2026.0,58.6
Ursynów,830000.0,69.4,3.0,8.0,8.0,do wykończenia,wtórny,1980.0,62.0
Ochota,1590000.0,84.0,3.0,2.0,12.0,do zamieszkania,wtórny,2001.0,45.11666666666667
Wilanów,950000.0,40.7,2.0,0.0,4.0,do zamieszkania,wtórny,2009.0,62.18333333333333
Ursus,1069000.0,77.21,4.0,2.0,2.0,do zamieszkania,pierwotny,2025.0,58.86666666666667
Mokotów,2880000.0,90.0,4.0,2.0,2.0,do wykończenia,pierwotny,2026.0,60.05
Praga-Południe,1199279.34,92.58,4.0,3.0,6.0,do wykończenia,pierwotny,2025.0,35.516666666666666
Białołęka,787622.0,57.44,3.0,3.0,5.0,do wykończenia,pierwotny,2026.0,54.56666666666667
Ursus,616671.0,38.22,2.0,0.0,4.0,do wykończenia,pierwotny,2026.0,68.2
Targówek,740000.0,51.82,3.0,2.0,6.0,do wykończenia,pierwotny,2026.0,29.666666666666668
Targówek,690786.84,43.04,2.0,1.0,5.0,do wykończenia,pierwotny,2026.0,29.666666666666668
Targówek,715662.0,45.53,2.0,5.0,7.0,do wykończenia,pierwotny,2026.0,29.666666666666668
Ursus,805500.0,45.0,2.0,0.0,4.0,do zamieszkania,wtórny,1958.0,55.96666666666667
Mokotów,840188.0,39.64,2.0,1.0,5.0,do wykończenia,pierwotny,2025.0,53.016666666666666
Ursus,899000.0,58.33,3.0,5.0,8.0,do zamieszkania,wtórny,2016.0,57.78333333333333
Ursynów,1859910.0,95.38,4.0,2.0,3.0,do wykończenia,pierwotny,2025.0,63.083333333333336
Mokotów,1250000.0,37.23,2.0,1.0,2.0,do zamieszkania,wtórny,2024.0,60.05
Wola,689000.0,40.0,2.0,8.0,9.0,do zamieszkania,wtórny,1977.0,40.18333333333333
Włochy,645000.0,32.88,2.0,3.0,6.0,do zamieszkania,wtórny,2024.0,55.31666666666667
Ochota,880000.0,53.5,2.0,3.0,3.0,do wykończenia,wtórny,2002.0,42.31666666666667
Wilanów,1420000.0,72.52,3.0,4.0,4.0,do wykończenia,wtórny,2025.0,79.11666666666666
Bemowo,870000.0,42.7,2.0,1.0,4.0,do zamieszkania,wtórny,2018.0,51.63333333333333
Praga-Południe,1170000.0,70.26,3.0,2.0,5.0,do zamieszkania,wtórny,2021.0,40.85
Białołęka,649253.0,45.2,2.0,6.0,8.0,do wykończenia,pierwotny,2027.0,72.76666666666667
Bielany,1290000.0,59.5,3.0,2.0,6.0,do zamieszkania,wtórny,2016.0,37.016666666666666
Wola,2890000.0,98.61,4.0,6.0,7.0,do zamieszkania,wtórny,2017.0,46.63333333333333
Wilanów,1500000.0,69.0,3.0,1.0,4.0,do zamieszkania,wtórny,2011.0,63.63333333333333
Śródmieście,1050000.0,45.56,2.0,3.0,5.0,do remontu,wtórny,1949.0,34.4
Wawer,1449000.0,101.0,4.0,0.0,2.0,do zamieszkania,pierwotny,2017.0,46.483333333333334
Wola,339000.0,16.0,1.0,0.0,3.0,do remontu,wtórny,1960.0,34.53333333333333
Bielany,1089675.0,48.43,2.0,4.0,5.0,do wykończenia,pierwotny,2027.0,50.96666666666667
Praga,779000.0,61.54,4.0,4.0,10.0,do remontu,wtórny,1974.0,21.866666666666667
Wola,788000.0,37.55,2.0,2.0,4.0,do zamieszkania,wtórny,1953.0,70.53333333333333
Praga,533900.0,35.63,1.0,1.0,3.0,do remontu,wtórny,1954.0,21.3
Mokotów,1040000.0,47.42,3.0,8.0,11.0,do zamieszkania,wtórny,1970.0,51.65
Śródmieście,2099000.0,90.0,3.0,2.0,4.0,do wykończenia,wtórny,1953.0,15.316666666666666
Żoliborz,699000.0,47.0,2.0,7.0,10.0,do remontu,wtórny,1965.0,35.9
Śródmieście,809000.0,53.0,3.0,4.0,4.0,do wykończenia,wtórny,1958.0,37.7
Wola,935000.0,47.0,2.0,2.0,7.0,do zamieszkania,wtórny,2017.0,45.18333333333333
Białołęka,649253.0,45.2,2.0,6.0,8.0,do wykończenia,pierwotny,2027.0,72.76666666666667
Żoliborz,1740000.0,59.6,3.0,1.0,5.0,do zamieszkania,wtórny,2016.0,50.06666666666667
Ursus,835000.0,38.33,2.0,5.0,7.0,do zamieszkania,wtórny,2023.0,59.38333333333333
Białołęka,704100.0,46.94,2.0,2.0,3.0,do wykończenia,pierwotny,2025.0,46.65
Mokotów,839999.0,49.5,3.0,3.0,6.0,do remontu,wtórny,1957.0,33.15
Białołęka,499000.0,38.4,1.0,1.0,8.0,do zamieszkania,wtórny,2007.0,63.78333333333333
Bemowo,879000.0,63.0,3.0,6.0,9.0,do zamieszkania,wtórny,1986.0,43.18333333333333
Praga-Południe,745000.0,62.3,3.0,2.0,16.0,do zamieszkania,wtórny,1982.0,43.96666666666667
Praga-Północ,620000.0,34.0,1.0,3.0,4.0,do zamieszkania,wtórny,1930.0,28.35
Praga-Południe,535000.0,32.9,2.0,9.0,12.0,do zamieszkania,wtórny,1978.0,34.13333333333333
Wola,715000.0,54.31,3.0,10.0,11.0,do zamieszkania,wtórny,1975.0,36.016666666666666
Śródmieście,829000.0,47.5,2.0,3.0,10.0,do zamieszkania,wtórny,1966.0,28.733333333333334
Mokotów,697674.0,36.67,2.0,0.0,7.0,do wykończenia,pierwotny,2026.0,55.28333333333333
Wola,2600000.0,108.0,4.0,9.0,15.0,do wykończenia,pierwotny,2027.0,36.583333333333336
Praga-Południe,1170000.0,70.26,3.0,2.0,5.0,do zamieszkania,wtórny,2021.0,40.833333333333336
Białołęka,564000.0,44.5,2.0,0.0,7.0,do zamieszkania,wtórny,2000.0,70.75
Białołęka,680000.0,56.3,2.0,3.0,3.0,do zamieszkania,wtórny,2008.0,43.5
Praga-Południe,1212000.0,58.2,3.0,3.0,8.0,do zamieszkania,wtórny,2010.0,27.8
Białołęka,452704.5,34.69,2.0,2.0,2.0,do wykończenia,pierwotny,2026.0,48.93333333333333
Białołęka,704100.0,46.94,2.0,2.0,3.0,do wykończenia,pierwotny,2025.0,46.65
Wilanów,965412.0,47.16,2.0,1.0,4.0,do wykończenia,pierwotny,2025.0,73.65
Ursynów,1586655.0,83.95,4.0,1.0,3.0,do wykończenia,pierwotny,2025.0,55.96666666666667
Włochy,1054800.0,70.32,3.0,4.0,6.0,do wykończenia,pierwotny,2025.0,41.11666666666667
Wilanów,4495000.0,122.0,5.0,4.0,4.0,do zamieszkania,wtórny,2020.0,60.333333333333336
Śródmieście,4900000.0,164.0,3.0,3.0,7.0,do zamieszkania,wtórny,2007.0,9.283333333333333
Mokotów,927528.0,55.68,3.0,0.0,7.0,do wykończenia,pierwotny,2026.0,55.28333333333333
Włochy,1079000.0,50.6,2.0,2.0,2.0,do zamieszkania,wtórny,2023.0,56.63333333333333
Białołęka,939000.0,69.7,3.0,2.0,3.0,do zamieszkania,wtórny,2004.0,60.7
Białołęka,1390000.0,109.2,4.0,1.0,2.0,do zamieszkania,wtórny,2010.0,44.85
Mokotów,1450000.0,80.4,4.0,4.0,6.0,do remontu,wtórny,1961.0,41.18333333333333
Wilanów,1350000.0,87.9,3.0,0.0,3.0,do remontu,wtórny,2010.0,63.2
Śródmieście,1490000.0,50.0,2.0,3.0,3.0,do zamieszkania,wtórny,1900.0,23.916666666666668
Bielany,1340000.0,74.0,3.0,5.0,10.0,do zamieszkania,wtórny,1990.0,37.233333333333334
Włochy,574000.0,30.0,2.0,3.0,3.0,do zamieszkania,wtórny,1960.0,52.1
Mokotów,1175000.0,73.9,3.0,1.0,4.0,do zamieszkania,wtórny,1991.0,57.983333333333334
Praga-Południe,1240000.0,54.88,2.0,10.0,17.0,do zamieszkania,wtórny,2018.0,40.833333333333336
Ursynów,930000.0,83.1,4.0,3.0,3.0,do remontu,wtórny,1985.0,61.63333333333333
Bemowo,1049000.0,70.0,3.0,5.0,5.0,do wykończenia,pierwotny,2025.0,37.2
Wola,725000.0,40.5,2.0,3.0,3.0,do zamieszkania,wtórny,1959.0,32.11666666666667
Bielany,725000.0,56.0,3.0,2.0,10.0,do remontu,wtórny,1973.0,41.46666666666667
Praga-Północ,1300000.0,65.35,3.0,2.0,6.0,do zamieszkania,wtórny,2023.0,43.75
Bielany,1050000.0,56.82,3.0,1.0,8.0,do zamieszkania,wtórny,2015.0,55.86666666666667
Bielany,930000.0,45.51,2.0,2.0,10.0,do zamieszkania,wtórny,2017.0,30.433333333333334
Wola,1781000.0,41.4,2.0,5.0,8.0,do wykończenia,pierwotny,2026.0,34.4
Wola,720000.0,49.0,3.0,0.0,3.0,do remontu,wtórny,1964.0,37.7
Ochota,948000.0,73.0,3.0,1.0,11.0,do remontu,wtórny,1992.0,50.81666666666667
Bemowo,999000.0,48.5,2.0,0.0,10.0,do zamieszkania,wtórny,2008.0,37.2
Bielany,695000.0,49.1,3.0,6.0,10.0,do zamieszkania,wtórny,1968.0,40.38333333333333
Białołęka,810000.0,54.0,3.0,1.0,5.0,do zamieszkania,wtórny,2020.0,51.3
Ochota,949000.0,50.0,2.0,10.0,11.0,do zamieszkania,wtórny,2010.0,41.266666666666666
Wola,899000.0,47.5,2.0,10.0,12.0,do wykończenia,wtórny,2017.0,42.46666666666667
Ursynów,1270000.0,62.0,3.0,2.0,4.0,do zamieszkania,wtórny,2019.0,60.56666666666667
Mokotów,390000.0,19.0,1.0,9.0,16.0,do remontu,wtórny,1968.0,46.88333333333333
Bemowo,1149000.0,75.0,2.0,3.0,3.0,do wykończenia,wtórny,2025.0,37.2
Wola,624900.0,38.0,2.0,6.0,10.0,do zamieszkania,wtórny,1968.0,37.7
Bielany,1149900.0,66.34,4.0,2.0,12.0,do zamieszkania,wtórny,1980.0,56.75
Wilanów,1559000.0,67.0,3.0,3.0,4.0,do zamieszkania,wtórny,2023.0,79.11666666666666
Ursus,740000.0,42.0,2.0,1.0,6.0,do zamieszkania,wtórny,2016.0,65.95
Bielany,3739000.0,142.76,4.0,1.0,2.0,do wykończenia,pierwotny,2026.0,39.2
Ursus,1025000.0,82.72,4.0,2.0,2.0,do wykończenia,pierwotny,2025.0,59.38333333333333
Mokotów,1630000.0,121.7,5.0,1.0,3.0,do wykończenia,wtórny,1993.0,57.983333333333334
Wola,1600000.0,50.9,2.0,4.0,7.0,do wykończenia,pierwotny,2025.0,32.38333333333333
Mokotów,899000.0,45.5,2.0,0.0,7.0,do zamieszkania,wtórny,2022.0,59.31666666666667
Mokotów,750000.0,39.49,2.0,6.0,10.0,do zamieszkania,wtórny,1972.0,61.016666666666666
Praga-Północ,790000.0,63.0,3.0,0.0,3.0,do zamieszkania,wtórny,1984.0,20.75
Bielany,719000.0,48.5,3.0,4.0,4.0,do zamieszkania,wtórny,1972.0,49.53333333333333
Śródmieście,559000.0,28.0,1.0,4.0,15.0,do zamieszkania,wtórny,1968.0,22.85
Włochy,915800.0,54.97,3.0,2.0,3.0,do wykończenia,pierwotny,2025.0,52.1
Ursynów,1270000.0,62.0,3.0,2.0,4.0,do zamieszkania,wtórny,2019.0,60.56666666666667
Wawer,1067910.0,71.58,4.0,1.0,1.0,do wykończenia,pierwotny,2027.0,60.61666666666667
Białołęka,779000.0,43.36,2.0,3.0,3.0,do zamieszkania,wtórny,2020.0,68.03333333333333
Praga,698000.0,60.92,3.0,2.0,4.0,do remontu,wtórny,1990.0,33.483333333333334
Bemowo,999000.0,84.27,4.0,3.0,4.0,do zamieszkania,wtórny,1982.0,61.28333333333333
Praga-Południe,1550000.0,108.19,4.0,4.0,4.0,do zamieszkania,wtórny,1996.0,32.75
Ursynów,1449000.0,66.0,3.0,0.0,3.0,do zamieszkania,wtórny,2020.0,60.56666666666667
Mokotów,549000.0,38.0,2.0,5.0,10.0,do zamieszkania,wtórny,1972.0,50.85
Praga,2499000.0,87.91,3.0,1.0,5.0,do zamieszkania,wtórny,1950.0,54.86666666666667
Bemowo,740000.0,51.48,3.0,10.0,11.0,do zamieszkania,wtórny,1978.0,52.666666666666664
Białołęka,605500.0,52.2,3.0,3.0,3.0,do zamieszkania,wtórny,2009.0,53.483333333333334
Wola,1400000.0,51.68,2.0,1.0,5.0,do zamieszkania,wtórny,2018.0,36.75
Mokotów,1925000.0,83.2,3.0,6.0,8.0,do zamieszkania,wtórny,2005.0,42.583333333333336
Praga-Południe,479000.0,36.97,1.0,4.0,4.0,do remontu,wtórny,1954.0,40.8
Śródmieście,1054000.0,55.5,2.0,2.0,4.0,do remontu,wtórny,1950.0,5.483333333333333
Ursus,855000.0,69.68,3.0,0.0,4.0,do zamieszkania,wtórny,2000.0,51.81666666666667
Praga-Północ,890000.0,35.5,2.0,4.0,5.0,do zamieszkania,wtórny,1912.0,22.2
Śródmieście,999000.0,41.43,1.0,6.0,8.0,do zamieszkania,wtórny,2004.0,33.833333333333336
Wilanów,1430000.0,72.0,3.0,4.0,4.0,do zamieszkania,wtórny,2009.0,58.85
Śródmieście,2990000.0,58.0,2.0,10.0,44.0,do zamieszkania,wtórny,2013.0,30.116666666666667
Ursynów,1095000.0,66.6,3.0,2.0,3.0,do zamieszkania,wtórny,1995.0,73.41666666666667
Wola,1875000.0,92.06,4.0,1.0,6.0,do wykończenia,pierwotny,2026.0,36.583333333333336
Białołęka,827290.0,61.26,3.0,2.0,5.0,do wykończenia,pierwotny,2026.0,54.56666666666667
Śródmieście,2900000.0,120.0,3.0,8.0,10.0,do zamieszkania,wtórny,2000.0,24.183333333333334
Mokotów,729000.0,41.23,2.0,0.0,4.0,do remontu,wtórny,1953.0,50.85
Praga,580000.0,44.36,2.0,3.0,12.0,do remontu,wtórny,1963.0,22.65
Włochy,1037633.0,56.32,3.0,3.0,7.0,do wykończenia,pierwotny,2026.0,51.483333333333334
Białołęka,540000.0,40.22,2.0,2.0,2.0,do zamieszkania,wtórny,2012.0,63.81666666666667
Praga-Południe,499000.0,36.0,2.0,2.0,2.0,do zamieszkania,wtórny,1958.0,40.43333333333333
Żoliborz,599000.0,27.5,1.0,0.0,1.0,do zamieszkania,wtórny,1932.0,29.633333333333333
Śródmieście,730000.0,36.7,1.0,2.0,5.0,do remontu,wtórny,1955.0,20.45
Wola,995000.0,56.49,2.0,9.0,11.0,do zamieszkania,wtórny,2009.0,39.0
Białołęka,570000.0,43.0,2.0,3.0,4.0,do remontu,wtórny,2008.0,62.4
Praga-Południe,680000.0,56.0,3.0,3.0,4.0,do remontu,wtórny,1971.0,35.75
Śródmieście,2298000.0,72.4,3.0,1.0,4.0,do zamieszkania,wtórny,1925.0,33.78333333333333
Wola,750000.0,43.0,2.0,5.0,6.0,do remontu,wtórny,2014.0,45.56666666666667
Żoliborz,699000.0,41.0,3.0,0.0,11.0,do zamieszkania,wtórny,1970.0,55.083333333333336
Wola,559999.0,37.3,2.0,1.0,4.0,do zamieszkania,wtórny,1960.0,34.81666666666667
Śródmieście,1150000.0,46.75,2.0,5.0,6.0,do zamieszkania,wtórny,1914.0,29.55
Wola,730000.0,38.0,2.0,3.0,12.0,do zamieszkania,wtórny,1970.0,39.95
Żoliborz,979000.0,59.5,4.0,0.0,4.0,do zamieszkania,wtórny,1970.0,51.0
Wawer,1550000.0,86.0,3.0,3.0,3.0,do zamieszkania,wtórny,2022.0,53.63333333333333
Białołęka,815000.0,54.03,3.0,0.0,2.0,do zamieszkania,wtórny,2024.0,60.7
Białołęka,1060000.0,70.8,3.0,3.0,3.0,do zamieszkania,wtórny,2011.0,72.91666666666667
Białołęka,645338.0,42.01,2.0,3.0,5.0,do wykończenia,pierwotny,2026.0,54.56666666666667
Mokotów,740000.0,45.4,3.0,4.0,12.0,do remontu,wtórny,1980.0,50.85
Praga-Południe,499000.0,36.0,2.0,2.0,2.0,do zamieszkania,wtórny,1958.0,40.43333333333333
Bielany,815000.0,55.07,3.0,2.0,4.0,do zamieszkania,wtórny,2008.0,53.483333333333334
Ursynów,728000.0,56.0,2.0,1.0,3.0,do remontu,wtórny,1993.0,55.61666666666667
Włochy,1071000.0,63.6,3.0,2.0,7.0,do wykończenia,pierwotny,2024.0,51.483333333333334
Białołęka,570000.0,44.88,2.0,2.0,4.0,do zamieszkania,wtórny,2018.0,70.75
Mokotów,2099000.0,79.79,3.0,2.0,2.0,do zamieszkania,wtórny,2015.0,53.983333333333334
Praga-Południe,920000.0,76.45,4.0,3.0,4.0,do zamieszkania,wtórny,1987.0,32.13333333333333
Wola,880000.0,41.55,2.0,0.0,7.0,do zamieszkania,wtórny,2016.0,43.56666666666667
Mokotów,1040000.0,65.0,3.0,10.0,10.0,do zamieszkania,wtórny,1968.0,54.25
Targówek,672000.0,47.0,3.0,4.0,4.0,do zamieszkania,wtórny,1971.0,34.983333333333334
Mokotów,749000.0,56.9,3.0,7.0,16.0,do remontu,wtórny,1974.0,38.13333333333333
Białołęka,799000.0,73.19,3.0,3.0,3.0,do wykończenia,wtórny,2003.0,63.78333333333333
Białołęka,757000.0,57.92,4.0,3.0,5.0,do zamieszkania,wtórny,2023.0,52.516666666666666
Praga-Północ,970000.0,63.0,3.0,8.0,10.0,do zamieszkania,wtórny,1970.0,22.8
Praga-Południe,672000.0,56.0,3.0,4.0,4.0,do zamieszkania,wtórny,1973.0,32.21666666666667
Mokotów,949999.0,58.5,3.0,4.0,10.0,do zamieszkania,wtórny,1973.0,47.35
Ochota,1048000.0,58.43,3.0,2.0,4.0,do zamieszkania,wtórny,1951.0,32.28333333333333
Włochy,499999.0,37.5,2.0,0.0,9.0,do remontu,wtórny,1970.0,49.68333333333333
Wola,778000.0,39.2,2.0,7.0,15.0,do zamieszkania,wtórny,1972.0,35.083333333333336
Śródmieście,2250000.0,55.0,2.0,3.0,4.0,do zamieszkania,wtórny,1900.0,29.55
Włochy,1599000.0,99.8,4.0,4.0,5.0,do zamieszkania,wtórny,2019.0,52.1
Ochota,455000.0,26.21,1.0,3.0,4.0,do zamieszkania,wtórny,1963.0,41.266666666666666
Śródmieście,1549549.0,46.27,2.0,7.0,14.0,do zamieszkania,wtórny,2009.0,22.85
Praga-Południe,710000.0,48.0,2.0,6.0,10.0,do zamieszkania,wtórny,1967.0,26.566666666666666
Ursynów,850000.0,47.34,3.0,3.0,3.0,do zamieszkania,wtórny,2020.0,12.983333333333333
Mokotów,1495000.0,62.85,3.0,2.0,5.0,do zamieszkania,wtórny,2016.0,60.81666666666667
Wola,699000.0,35.5,2.0,1.0,4.0,do zamieszkania,wtórny,1958.0,31.15
Włochy,980000.0,61.3,2.0,0.0,3.0,do zamieszkania,wtórny,2006.0,53.5
Śródmieście,915000.0,44.55,2.0,4.0,8.0,do remontu,wtórny,1962.0,20.4
Praga-Północ,1119000.0,75.02,3.0,2.0,3.0,do zamieszkania,wtórny,2007.0,21.033333333333335
Praga,420000.0,19.47,1.0,2.0,4.0,do zamieszkania,wtórny,1955.0,64.15
Śródmieście,699000.0,27.0,2.0,7.0,10.0,do zamieszkania,wtórny,1967.0,29.9
Mokotów,818235.0,44.81,2.0,1.0,9.0,do wykończenia,pierwotny,2025.0,38.13333333333333
Ursynów,1699000.0,110.0,4.0,2.0,11.0,do remontu,wtórny,2002.0,60.7
Śródmieście,2250000.0,55.0,2.0,3.0,4.0,do zamieszkania,wtórny,1900.0,29.9
Mokotów,445000.0,23.2,1.0,0.0,11.0,do zamieszkania,wtórny,1983.0,56.916666666666664
Ursus,799000.0,43.1,2.0,1.0,5.0,do zamieszkania,wtórny,2025.0,65.95
Bemowo,850000.0,62.9,3.0,6.0,7.0,do zamieszkania,wtórny,1982.0,51.166666666666664
Wola,1770000.0,96.4,3.0,4.0,8.0,do zamieszkania,wtórny,2008.0,38.68333333333333
Ochota,1195000.0,59.9,3.0,4.0,11.0,do zamieszkania,wtórny,2010.0,41.266666666666666
Targówek,1129000.0,68.0,3.0,4.0,4.0,do zamieszkania,wtórny,2015.0,36.733333333333334
Wola,1850000.0,78.15,3.0,3.0,4.0,do zamieszkania,wtórny,1900.0,30.65
Ursynów,1130000.0,55.22,3.0,2.0,6.0,do zamieszkania,wtórny,2019.0,70.43333333333334
Białołęka,948000.0,66.0,2.0,0.0,4.0,do zamieszkania,wtórny,2010.0,51.416666666666664
Mokotów,850000.0,64.8,3.0,10.0,10.0,do zamieszkania,wtórny,1975.0,53.983333333333334
Żoliborz,649000.0,34.01,1.0,2.0,3.0,do zamieszkania,wtórny,1948.0,35.9
Praga-Południe,1125000.0,64.05,3.0,4.0,6.0,do zamieszkania,wtórny,2023.0,40.85
Ursynów,1765000.0,93.0,4.0,2.0,5.0,do zamieszkania,wtórny,2001.0,51.9
Mokotów,968462.14,51.03,2.0,1.0,7.0,do wykończenia,pierwotny,2026.0,55.28333333333333
Włochy,1399000.0,100.21,5.0,2.0,6.0,do wykończenia,pierwotny,2025.0,48.38333333333333
Ursus,898000.0,56.16,2.0,5.0,6.0,do zamieszkania,wtórny,2018.0,68.95
Bemowo,879000.0,61.77,2.0,2.0,7.0,do zamieszkania,wtórny,1997.0,27.516666666666666
Białołęka,699000.0,52.5,2.0,2.0,2.0,do zamieszkania,wtórny,2007.0,46.05
Śródmieście,1229999.0,59.97,2.0,0.0,3.0,do zamieszkania,wtórny,1927.0,39.2
Wola,1440000.0,72.54,3.0,4.0,7.0,do zamieszkania,wtórny,2016.0,46.63333333333333
Bemowo,729000.0,48.85,3.0,7.0,10.0,do remontu,wtórny,1975.0,46.15
Ursynów,1075000.0,109.47,4.0,3.0,3.0,do remontu,wtórny,2000.0,58.71666666666667
Wola,599000.0,46.14,2.0,1.0,12.0,do zamieszkania,wtórny,1978.0,34.016666666666666
Białołęka,1699000.0,102.31,5.0,3.0,4.0,do zamieszkania,wtórny,2003.0,59.416666666666664
Białołęka,783652.0,73.57,3.0,0.0,3.0,do wykończenia,pierwotny,2025.0,42.483333333333334
Białołęka,630000.0,36.93,2.0,1.0,3.0,do zamieszkania,wtórny,2024.0,41.733333333333334
Wola,798000.0,55.36,3.0,3.0,3.0,do wykończenia,wtórny,1952.0,34.53333333333333
Mokotów,890000.0,55.4,2.0,4.0,4.0,do zamieszkania,wtórny,2001.0,57.03333333333333
Targówek,851000.0,46.0,2.0,0.0,6.0,do wykończenia,wtórny,2016.0,31.783333333333335
Ochota,480000.0,30.5,1.0,0.0,2.0,do remontu,wtórny,1937.0,45.11666666666667
Targówek,819000.0,56.8,3.0,3.0,4.0,do zamieszkania,wtórny,2007.0,25.483333333333334
Wola,529000.0,27.1,1.0,2.0,10.0,do zamieszkania,wtórny,1969.0,28.716666666666665
Mokotów,640000.0,37.2,2.0,6.0,10.0,do zamieszkania,wtórny,1970.0,56.733333333333334
Białołęka,1087000.0,60.44,3.0,1.0,1.0,do zamieszkania,wtórny,2012.0,47.15
Białołęka,528715.0,43.02,2.0,1.0,2.0,do wykończenia,pierwotny,2025.0,59.88333333333333
Bielany,799000.0,65.0,4.0,4.0,4.0,do zamieszkania,wtórny,1967.0,35.11666666666667
Śródmieście,499000.0,19.0,1.0,4.0,6.0,do zamieszkania,wtórny,1955.0,24.183333333333334
Śródmieście,1077000.0,47.0,2.0,2.0,6.0,do zamieszkania,wtórny,1960.0,24.183333333333334
Praga-Północ,919000.0,63.42,2.0,2.0,4.0,do zamieszkania,wtórny,1928.0,22.8
Wola,590000.0,41.4,2.0,0.0,7.0,do remontu,wtórny,1968.0,230.76666666666668
Ochota,949000.0,67.0,4.0,3.0,6.0,do wykończenia,pierwotny,2025.0,48.38333333333333
Wola,1070000.0,40.0,2.0,4.0,5.0,do zamieszkania,wtórny,1910.0,32.38333333333333
Praga,550000.0,33.24,2.0,2.0,4.0,do zamieszkania,wtórny,1965.0,33.28333333333333
Żoliborz,2540000.0,83.2,3.0,6.0,9.0,do zamieszkania,wtórny,2015.0,30.566666666666666
Wola,2250000.0,87.5,3.0,1.0,7.0,do zamieszkania,wtórny,2009.0,32.38333333333333
Wola,1320000.0,70.6,3.0,2.0,11.0,do zamieszkania,wtórny,2008.0,38.68333333333333
Praga-Północ,584000.0,27.0,1.0,1.0,4.0,do zamieszkania,wtórny,2025.0,43.75
Włochy,799000.0,48.21,2.0,1.0,5.0,do zamieszkania,wtórny,2014.0,69.28333333333333
Wilanów,1325000.0,71.7,3.0,1.0,4.0,do zamieszkania,wtórny,2006.0,52.38333333333333
Wilanów,2240000.0,93.0,3.0,2.0,4.0,do zamieszkania,wtórny,2017.0,79.11666666666666
Ursus,1590000.0,96.35,3.0,3.0,7.0,do zamieszkania,wtórny,2009.0,53.11666666666667
Ochota,2699000.0,115.0,4.0,4.0,5.0,do zamieszkania,wtórny,1928.0,44.43333333333333
Wilanów,2680000.0,116.0,5.0,1.0,3.0,do zamieszkania,wtórny,2014.0,79.11666666666666
Mokotów,1797500.0,71.9,2.0,2.0,10.0,do zamieszkania,wtórny,2008.0,50.85
Żoliborz,2400000.0,86.0,3.0,3.0,9.0,do zamieszkania,wtórny,2014.0,30.566666666666666
Mokotów,1980000.0,82.07,3.0,4.0,6.0,do zamieszkania,wtórny,2019.0,50.85
Praga-Południe,2750000.0,100.64,4.0,10.0,25.0,do zamieszkania,wtórny,2017.0,29.566666666666666
Bielany,4197000.0,209.0,5.0,3.0,6.0,do zamieszkania,wtórny,2011.0,35.11666666666667
Wola,1685000.0,66.0,2.0,8.0,8.0,do zamieszkania,wtórny,2020.0,32.38333333333333
Wola,1039000.0,51.52,2.0,5.0,6.0,do zamieszkania,wtórny,2021.0,35.35
Wola,590000.0,41.4,2.0,0.0,7.0,do remontu,wtórny,1968.0,230.76666666666668
Białołęka,698500.0,47.09,3.0,2.0,2.0,do zamieszkania,pierwotny,2025.0,62.31666666666667
Mokotów,2600000.0,101.71,4.0,7.0,7.0,do zamieszkania,wtórny,2019.0,50.85
Praga-Północ,939000.0,55.8,3.0,1.0,3.0,do zamieszkania,wtórny,2008.0,21.033333333333335
Mokotów,1065000.0,50.0,2.0,10.0,12.0,do zamieszkania,wtórny,2017.0,50.85
Żoliborz,950000.0,49.0,2.0,2.0,3.0,do zamieszkania,wtórny,1932.0,28.283333333333335
Praga-Północ,625858.0,45.72,2.0,1.0,7.0,do wykończenia,pierwotny,2025.0,41.56666666666667
Żoliborz,2399000.0,87.2,4.0,3.0,8.0,do zamieszkania,wtórny,2014.0,30.566666666666666
Ochota,523000.0,28.3,1.0,2.0,11.0,do zamieszkania,wtórny,1970.0,47.083333333333336
Bemowo,800000.0,64.3,3.0,1.0,11.0,do zamieszkania,wtórny,1978.0,54.53333333333333
Śródmieście,1200000.0,55.0,2.0,6.0,6.0,do zamieszkania,wtórny,1911.0,23.916666666666668
Wola,680000.0,38.0,1.0,3.0,18.0,do zamieszkania,wtórny,2008.0,46.7
Wola,835000.0,37.05,2.0,4.0,6.0,do wykończenia,pierwotny,2026.0,41.88333333333333
Śródmieście,960000.0,44.0,1.0,2.0,2.0,do zamieszkania,wtórny,1950.0,31.966666666666665
Wilanów,1368180.0,124.38,4.0,1.0,2.0,do zamieszkania,pierwotny,2024.0,79.11666666666666
Bemowo,740000.0,39.4,2.0,4.0,4.0,do zamieszkania,wtórny,2015.0,56.56666666666667
Ursus,460000.0,27.94,1.0,1.0,7.0,do zamieszkania,wtórny,2003.0,53.11666666666667
Wola,765000.0,42.5,2.0,1.0,7.0,do zamieszkania,wtórny,1958.0,38.53333333333333
Ochota,600000.0,41.3,2.0,3.0,10.0,do remontu,wtórny,1978.0,30.55
Wola,1701000.0,41.47,2.0,3.0,8.0,do wykończenia,pierwotny,2026.0,34.4
Bielany,4197000.0,209.0,5.0,3.0,6.0,do zamieszkania,wtórny,2011.0,35.11666666666667
Ursus,680000.0,38.0,2.0,2.0,4.0,do zamieszkania,wtórny,2003.0,46.46666666666667
Białołęka,730000.0,46.74,3.0,3.0,3.0,do zamieszkania,wtórny,2013.0,63.81666666666667
Żoliborz,749000.0,47.55,2.0,9.0,17.0,do zamieszkania,wtórny,1968.0,34.2
Bemowo,739000.0,50.8,2.0,8.0,12.0,do wykończenia,wtórny,1974.0,54.53333333333333
Praga-Południe,1529000.0,68.0,2.0,5.0,13.0,do zamieszkania,wtórny,2012.0,25.05
Wawer,1299000.0,114.64,5.0,2.0,2.0,do zamieszkania,wtórny,2013.0,47.733333333333334
Targówek,609000.0,49.0,3.0,4.0,10.0,do zamieszkania,wtórny,1972.0,34.28333333333333
Ochota,621000.0,39.55,2.0,5.0,6.0,do zamieszkania,wtórny,1961.0,30.666666666666668
Śródmieście,719000.0,24.6,1.0,2.0,5.0,do zamieszkania,wtórny,1957.0,19.866666666666667
Śródmieście,1950000.0,84.4,3.0,0.0,4.0,do zamieszkania,wtórny,1938.0,5.483333333333333
Mokotów,1150000.0,54.0,3.0,2.0,5.0,do zamieszkania,wtórny,1958.0,40.71666666666667
Wilanów,2550000.0,123.0,4.0,2.0,4.0,do zamieszkania,wtórny,2016.0,79.11666666666666
Śródmieście,920000.0,36.4,2.0,6.0,6.0,do zamieszkania,wtórny,1961.0,21.3
Mokotów,699328.0,31.15,1.0,4.0,9.0,do wykończenia,pierwotny,2025.0,37.416666666666664
Targówek,600000.0,46.4,2.0,2.0,10.0,do zamieszkania,wtórny,1977.0,36.18333333333333
Praga-Południe,2300000.0,114.0,5.0,2.0,15.0,do zamieszkania,wtórny,2006.0,29.583333333333332
Mokotów,999000.0,60.7,3.0,7.0,9.0,do zamieszkania,wtórny,2008.0,56.0
Ursus,1060000.0,60.65,3.0,5.0,6.0,do zamieszkania,wtórny,2023.0,67.2
Śródmieście,790000.0,35.75,2.0,1.0,10.0,do zamieszkania,wtórny,1964.0,18.35
Śródmieście,865000.0,36.0,2.0,6.0,7.0,do zamieszkania,wtórny,1958.0,29.95
Bielany,540000.0,37.0,2.0,10.0,10.0,do remontu,wtórny,1966.0,57.55
Mokotów,620000.0,42.0,2.0,2.0,10.0,do zamieszkania,wtórny,1963.0,56.36666666666667
Wilanów,1499000.0,68.0,3.0,3.0,3.0,do zamieszkania,wtórny,2018.0,70.51666666666667
Wola,1899000.0,106.83,4.0,9.0,10.0,do zamieszkania,wtórny,2009.0,27.516666666666666
Mokotów,715000.0,42.1,2.0,10.0,10.0,do remontu,wtórny,1970.0,51.733333333333334
Wawer,1299000.0,114.64,5.0,2.0,2.0,do zamieszkania,wtórny,2013.0,47.81666666666667
Praga-Północ,795000.0,45.0,2.0,1.0,13.0,do zamieszkania,wtórny,2013.0,31.433333333333334
Śródmieście,1732000.0,82.52,4.0,4.0,5.0,do zamieszkania,wtórny,1952.0,26.9
Wilanów,1325000.0,106.5,3.0,2.0,2.0,do zamieszkania,wtórny,2006.0,86.38333333333334
Wilanów,1650000.0,80.0,3.0,2.0,3.0,do zamieszkania,wtórny,2012.0,65.33333333333333
Ursus,1340000.0,77.78,4.0,5.0,6.0,do zamieszkania,wtórny,2025.0,53.1
Białołęka,546938.0,35.06,2.0,2.0,2.0,do zamieszkania,pierwotny,2025.0,51.416666666666664
Ursynów,1005000.0,58.8,2.0,5.0,8.0,do zamieszkania,wtórny,2008.0,74.98333333333333
Białołęka,474564.0,34.69,2.0,2.0,2.0,do zamieszkania,pierwotny,2025.0,60.7
Bemowo,1586070.94,106.45,4.0,3.0,5.0,do wykończenia,wtórny,2025.0,37.2
Praga-Północ,955962.0,50.58,1.0,0.0,6.0,do wykończenia,pierwotny,2025.0,19.233333333333334
Włochy,1764364.0,72.31,3.0,5.0,5.0,do wykończenia,pierwotny,2026.0,46.21666666666667
Ochota,600000.0,42.0,2.0,3.0,10.0,do zamieszkania,wtórny,1978.0,44.43333333333333
Włochy,956853.0,56.05,3.0,1.0,7.0,do wykończenia,pierwotny,2026.0,51.483333333333334
Wola,787000.0,38.63,2.0,1.0,6.0,do wykończenia,pierwotny,2026.0,41.88333333333333
Praga-Północ,839360.0,39.04,2.0,4.0,5.0,do wykończenia,pierwotny,2027.0,17.5
Włochy,1225000.0,81.0,4.0,2.0,4.0,do zamieszkania,wtórny,2005.0,48.68333333333333
Praga,949000.0,57.0,2.0,0.0,10.0,do zamieszkania,wtórny,1965.0,32.35
Wola,1556000.0,34.57,2.0,7.0,8.0,do wykończenia,pierwotny,2026.0,34.4
Wola,1370000.0,58.16,3.0,5.0,6.0,do wykończenia,pierwotny,2026.0,36.583333333333336
Wilanów,995000.0,52.23,2.0,3.0,4.0,do zamieszkania,wtórny,2015.0,78.16666666666667
Ursynów,760000.0,62.0,3.0,0.0,1.0,do wykończenia,pierwotny,2024.0,78.56666666666666
Wilanów,964074.0,45.3,2.0,3.0,4.0,do wykończenia,pierwotny,2025.0,73.63333333333334
Ursus,828086.0,60.92,3.0,1.0,7.0,do wykończenia,pierwotny,2025.0,67.2
Białołęka,702782.0,55.94,3.0,2.0,2.0,do wykończenia,pierwotny,2026.0,48.35
Praga-Północ,820394.0,39.99,2.0,1.0,8.0,do wykończenia,pierwotny,2025.0,22.25
Wilanów,840000.0,43.38,2.0,3.0,3.0,do zamieszkania,wtórny,2016.0,65.33333333333333
Śródmieście,1699000.0,85.34,4.0,2.0,6.0,do zamieszkania,wtórny,2000.0,61.96666666666667
Mokotów,760504.0,34.49,2.0,2.0,5.0,do wykończenia,pierwotny,2025.0,53.016666666666666
Mokotów,618000.0,36.6,2.0,2.0,3.0,do remontu,wtórny,1950.0,50.85
Włochy,1050000.0,99.6,5.0,4.0,5.0,do remontu,wtórny,1996.0,46.81666666666667
Praga,949000.0,57.0,2.0,0.0,10.0,do zamieszkania,wtórny,1965.0,32.35
Wola,1019000.0,54.8,3.0,3.0,6.0,do zamieszkania,wtórny,2014.0,45.583333333333336
Praga-Południe,2100000.0,95.0,4.0,3.0,13.0,do zamieszkania,wtórny,2014.0,32.35
Ochota,495000.0,23.47,1.0,6.0,10.0,do zamieszkania,wtórny,1974.0,44.63333333333333
Wilanów,1580000.0,60.98,3.0,2.0,4.0,do zamieszkania,wtórny,2024.0,71.53333333333333
Ursus,750000.0,39.6,2.0,7.0,7.0,do zamieszkania,wtórny,2025.0,67.2
Włochy,1070044.0,70.63,3.0,5.0,6.0,do wykończenia,pierwotny,2025.0,41.11666666666667
Bielany,935000.0,71.8,3.0,5.0,10.0,do zamieszkania,wtórny,1986.0,37.016666666666666
Bielany,650000.0,45.6,2.0,8.0,10.0,do remontu,wtórny,1976.0,40.43333333333333
Praga,779000.0,38.0,2.0,4.0,10.0,do zamieszkania,wtórny,1971.0,26.35
Śródmieście,4592440.0,158.36,5.0,5.0,8.0,do zamieszkania,wtórny,1913.0,27.816666666666666
Wola,1910000.0,75.7,3.0,10.0,15.0,do zamieszkania,wtórny,2003.0,34.4
Śródmieście,899000.0,45.81,2.0,6.0,10.0,do remontu,wtórny,1964.0,18.35
Śródmieście,999000.0,48.0,3.0,4.0,12.0,do zamieszkania,wtórny,1974.0,26.3
Ursus,750000.0,39.6,2.0,7.0,7.0,do zamieszkania,wtórny,2025.0,67.2
Wola,849000.0,48.45,2.0,2.0,9.0,do zamieszkania,wtórny,1962.0,30.65
Ochota,1139000.0,45.64,2.0,4.0,7.0,do zamieszkania,wtórny,2020.0,39.13333333333333
Praga,1199000.0,84.0,3.0,4.0,11.0,do zamieszkania,wtórny,2004.0,54.86666666666667
Wola,520000.0,26.4,1.0,0.0,9.0,do remontu,wtórny,1976.0,30.65
Śródmieście,939000.0,55.9,2.0,3.0,4.0,do zamieszkania,wtórny,1958.0,28.966666666666665
Ursynów,579000.0,36.3,2.0,5.0,12.0,do remontu,wtórny,1968.0,51.9
Ursus,679000.0,47.0,2.0,2.0,5.0,do zamieszkania,wtórny,2014.0,60.38333333333333
Bemowo,629700.0,53.3,3.0,3.0,3.0,do remontu,wtórny,1979.0,47.13333333333333
Bemowo,715000.0,47.7,2.0,10.0,11.0,do zamieszkania,wtórny,1979.0,57.31666666666667
Bemowo,625000.0,46.0,2.0,10.0,13.0,do remontu,wtórny,1981.0,42.61666666666667
Bielany,620000.0,42.0,2.0,8.0,10.0,do wykończenia,wtórny,1987.0,41.8
Włochy,1147021.0,78.11,4.0,1.0,6.0,do wykończenia,pierwotny,2026.0,52.1
Włochy,882517.0,57.87,3.0,1.0,6.0,do wykończenia,pierwotny,2026.0,52.1
Śródmieście,1399000.0,92.0,3.0,3.0,3.0,do remontu,wtórny,1932.0,24.183333333333334
Ochota,1570800.0,57.0,3.0,1.0,4.0,do zamieszkania,wtórny,1930.0,41.266666666666666
Ursus,590000.0,39.0,2.0,9.0,11.0,do zamieszkania,wtórny,1974.0,59.38333333333333
Żoliborz,1449999.0,68.0,3.0,4.0,8.0,do zamieszkania,wtórny,2014.0,30.566666666666666
Ursynów,1070000.0,47.0,2.0,4.0,5.0,do zamieszkania,wtórny,2019.0,70.43333333333334
Wawer,766612.0,58.52,3.0,2.0,3.0,do wykończenia,pierwotny,2026.0,61.266666666666666
Żoliborz,1700000.0,59.23,3.0,3.0,6.0,do zamieszkania,wtórny,2017.0,50.06666666666667
Śródmieście,549000.0,24.97,1.0,8.0,8.0,do remontu,wtórny,1965.0,28.0
Żoliborz,849000.0,45.0,2.0,1.0,3.0,do zamieszkania,wtórny,1958.0,29.083333333333332
Mokotów,2599000.0,103.96,4.0,2.0,5.0,do zamieszkania,wtórny,2018.0,50.85
Ursus,749000.0,49.2,2.0,0.0,4.0,do zamieszkania,wtórny,2000.0,28.1
Śródmieście,730000.0,46.0,3.0,8.0,9.0,do remontu,wtórny,1966.0,12.333333333333334
Mokotów,1750000.0,78.7,3.0,1.0,4.0,do zamieszkania,wtórny,2005.0,48.93333333333333
Białołęka,965000.0,68.7,3.0,1.0,4.0,do zamieszkania,wtórny,2015.0,58.45
Włochy,1147021.0,78.11,4.0,1.0,6.0,do wykończenia,pierwotny,2026.0,52.1
Ochota,580000.0,36.25,2.0,7.0,10.0,do zamieszkania,wtórny,1967.0,42.03333333333333
Wawer,1390000.0,91.4,4.0,0.0,2.0,do zamieszkania,wtórny,2015.0,42.25
Mokotów,829000.0,54.39,3.0,2.0,10.0,do wykończenia,wtórny,1970.0,51.65
Mokotów,1150000.0,50.0,2.0,1.0,3.0,do zamieszkania,wtórny,1954.0,47.96666666666667
Wawer,889000.0,69.0,3.0,1.0,3.0,do zamieszkania,wtórny,2008.0,52.86666666666667
Ursynów,908550.0,40.38,2.0,1.0,3.0,do zamieszkania,wtórny,2024.0,56.03333333333333
Ochota,625000.0,42.59,2.0,4.0,4.0,do zamieszkania,wtórny,1969.0,45.11666666666667
Praga-Południe,1200000.0,65.0,4.0,1.0,7.0,do zamieszkania,wtórny,2018.0,29.6
Ursynów,1190000.0,63.73,3.0,1.0,4.0,do zamieszkania,wtórny,2017.0,69.03333333333333
Wilanów,950000.0,42.5,2.0,3.0,4.0,do zamieszkania,wtórny,2008.0,79.11666666666666
Śródmieście,730000.0,46.0,3.0,8.0,9.0,do remontu,wtórny,1966.0,12.333333333333334
Praga-Południe,696000.0,44.0,2.0,1.0,2.0,do zamieszkania,wtórny,1960.0,32.8
Bielany,806520.0,36.66,1.0,4.0,8.0,do wykończenia,pierwotny,2025.0,58.68333333333333
Bielany,690882.0,30.57,1.0,2.0,5.0,do wykończenia,pierwotny,2027.0,50.96666666666667
Targówek,685000.0,42.0,2.0,3.0,3.0,do zamieszkania,wtórny,2003.0,44.85
Żoliborz,4800000.0,167.0,5.0,1.0,2.0,do zamieszkania,wtórny,1925.0,31.166666666666668
Śródmieście,1099000.0,57.6,3.0,1.0,4.0,do zamieszkania,wtórny,1946.0,48.96666666666667
Wola,1280000.0,58.7,3.0,3.0,7.0,do zamieszkania,wtórny,2017.0,43.666666666666664
Bemowo,749000.0,52.3,2.0,10.0,11.0,do zamieszkania,wtórny,1980.0,52.53333333333333
Żoliborz,579000.0,34.0,1.0,4.0,4.0,do zamieszkania,wtórny,1960.0,41.8
Włochy,799000.0,41.04,2.0,3.0,4.0,do zamieszkania,wtórny,2019.0,52.81666666666667
Mokotów,760000.0,48.1,2.0,3.0,10.0,do zamieszkania,wtórny,1970.0,54.18333333333333
Praga-Południe,950000.0,56.6,3.0,5.0,7.0,do zamieszkania,wtórny,2013.0,31.433333333333334
Wola,799000.0,34.5,2.0,0.0,4.0,do zamieszkania,wtórny,1922.0,27.516666666666666
Bemowo,1799000.0,73.38,3.0,1.0,3.0,do zamieszkania,wtórny,2018.0,53.15
Białołęka,597000.0,49.0,2.0,2.0,7.0,do zamieszkania,wtórny,2003.0,70.75
Targówek,1350000.0,87.77,4.0,3.0,3.0,do zamieszkania,wtórny,2018.0,25.716666666666665
Białołęka,617540.0,56.14,3.0,2.0,3.0,do zamieszkania,pierwotny,2025.0,60.7
Białołęka,549000.0,44.6,2.0,3.0,3.0,do zamieszkania,wtórny,2004.0,61.71666666666667
Wola,1199999.0,50.0,2.0,5.0,5.0,do wykończenia,wtórny,1914.0,27.3
Bielany,806520.0,36.66,1.0,4.0,8.0,do wykończenia,pierwotny,2025.0,58.68333333333333
Targówek,635000.0,37.5,2.0,0.0,4.0,do zamieszkania,wtórny,1972.0,46.55
Mokotów,497000.0,23.5,1.0,1.0,4.0,do zamieszkania,wtórny,1965.0,50.85
Wawer,699000.0,100.0,6.0,1.0,2.0,do wykończenia,pierwotny,2025.0,45.71666666666667
Włochy,899000.0,55.54,3.0,4.0,5.0,do wykończenia,wtórny,2023.0,39.333333333333336
Bielany,660000.0,36.7,2.0,2.0,3.0,do zamieszkania,wtórny,1962.0,39.18333333333333
Bielany,525000.0,34.4,2.0,3.0,10.0,do zamieszkania,wtórny,1968.0,46.36666666666667
Włochy,1090000.0,69.73,4.0,0.0,4.0,do zamieszkania,wtórny,2004.0,53.483333333333334
Wola,480000.0,24.7,1.0,7.0,10.0,do remontu,wtórny,1970.0,32.38333333333333
Ursus,849000.0,58.8,3.0,3.0,6.0,do zamieszkania,wtórny,2011.0,59.38333333333333
Bemowo,1400000.0,87.21,3.0,3.0,4.0,do zamieszkania,wtórny,2009.0,37.2
Śródmieście,630000.0,34.0,1.0,5.0,6.0,do remontu,wtórny,1956.0,24.183333333333334
Śródmieście,990000.0,25.55,1.0,2.0,5.0,do zamieszkania,wtórny,2023.0,23.05
Ursus,593500.0,33.0,2.0,1.0,7.0,do zamieszkania,wtórny,2001.0,54.43333333333333
Mokotów,620000.0,48.14,2.0,1.0,3.0,do zamieszkania,wtórny,1939.0,57.733333333333334
Śródmieście,2700000.0,136.31,5.0,1.0,5.0,do remontu,wtórny,1913.0,24.183333333333334
Ursus,1400000.0,84.41,4.0,1.0,6.0,do zamieszkania,wtórny,2008.0,53.11666666666667
Ursynów,939000.0,53.4,3.0,0.0,4.0,do zamieszkania,wtórny,1970.0,55.28333333333333
Wilanów,854000.0,48.0,2.0,0.0,2.0,do zamieszkania,wtórny,2025.0,68.61666666666666
Wilanów,1300000.0,70.84,3.0,0.0,4.0,do wykończenia,wtórny,2024.0,73.73333333333333
Włochy,1299000.0,67.0,3.0,2.0,2.0,do zamieszkania,wtórny,2023.0,56.63333333333333
Włochy,1079000.0,53.1,2.0,1.0,2.0,do zamieszkania,wtórny,2023.0,56.63333333333333
Białołęka,1144000.0,71.5,3.0,1.0,3.0,do zamieszkania,pierwotny,2024.0,41.733333333333334
Mokotów,698000.0,39.0,2.0,2.0,4.0,do remontu,wtórny,1954.0,44.1
Białołęka,799000.0,54.2,3.0,3.0,5.0,do zamieszkania,wtórny,2019.0,60.7
Wilanów,820000.0,44.25,2.0,3.0,4.0,do wykończenia,wtórny,2025.0,73.75
Mokotów,600000.0,39.02,2.0,6.0,6.0,do wykończenia,wtórny,2025.0,69.38333333333334
Wilanów,960000.0,41.0,2.0,1.0,3.0,do zamieszkania,wtórny,2023.0,60.333333333333336
Bemowo,930000.0,62.0,4.0,3.0,8.0,do zamieszkania,wtórny,1978.0,37.2
Śródmieście,995000.0,41.34,2.0,3.0,4.0,do remontu,wtórny,1935.0,24.116666666666667
Śródmieście,1800000.0,85.87,4.0,0.0,6.0,do zamieszkania,wtórny,1910.0,27.816666666666666
Mokotów,687900.0,43.0,2.0,0.0,4.0,do zamieszkania,wtórny,1955.0,52.86666666666667
Ursynów,650000.0,36.0,2.0,2.0,2.0,do wykończenia,wtórny,2025.0,66.55
Mokotów,665000.0,42.95,2.0,6.0,6.0,do wykończenia,wtórny,2025.0,69.38333333333334
Mokotów,2100000.0,102.0,4.0,3.0,6.0,do zamieszkania,wtórny,2000.0,53.55
Białołęka,880000.0,59.5,3.0,7.0,7.0,do zamieszkania,wtórny,2016.0,66.33333333333333
Praga-Południe,670000.0,39.81,2.0,3.0,4.0,do wykończenia,wtórny,2025.0,39.4
Praga-Południe,640000.0,38.04,2.0,3.0,4.0,do wykończenia,wtórny,2025.0,40.85
Praga-Południe,1090000.0,74.89,3.0,0.0,4.0,do wykończenia,wtórny,2025.0,42.233333333333334
Bemowo,1650000.0,82.99,4.0,0.0,3.0,do zamieszkania,wtórny,2017.0,47.1
Śródmieście,890000.0,41.6,2.0,6.0,7.0,do zamieszkania,wtórny,1963.0,32.43333333333333
Ursus,875000.0,63.83,3.0,3.0,7.0,do wykończenia,wtórny,2024.0,67.58333333333333
Mokotów,650700.0,48.2,3.0,2.0,10.0,do remontu,wtórny,1969.0,56.11666666666667
Praga-Południe,1290000.0,69.8,3.0,1.0,4.0,do zamieszkania,wtórny,2017.0,37.416666666666664
Śródmieście,2074800.0,114.0,3.0,10.0,25.0,do zamieszkania,wtórny,2001.0,29.816666666666666
Śródmieście,699000.0,32.5,1.0,3.0,3.0,do zamieszkania,wtórny,1953.0,22.533333333333335
Wola,2280000.0,116.5,4.0,10.0,30.0,do zamieszkania,wtórny,2004.0,29.483333333333334
Śródmieście,799000.0,37.5,2.0,4.0,5.0,do remontu,wtórny,1958.0,31.066666666666666
Śródmieście,1150000.0,52.6,2.0,0.0,5.0,do remontu,wtórny,1910.0,24.183333333333334
Ochota,590000.0,33.0,1.0,1.0,5.0,do zamieszkania,wtórny,1965.0,32.7
Praga,1699000.0,86.06,2.0,4.0,5.0,do zamieszkania,wtórny,2019.0,18.55
Ochota,559000.0,41.6,2.0,5.0,10.0,do remontu,wtórny,1971.0,45.483333333333334
Praga,675000.0,44.4,2.0,4.0,4.0,do zamieszkania,wtórny,1937.0,27.916666666666668
Białołęka,629000.0,44.4,2.0,7.0,8.0,do zamieszkania,wtórny,2003.0,70.75
Wilanów,1490000.0,77.07,3.0,3.0,3.0,do zamieszkania,wtórny,2010.0,64.23333333333333
Mokotów,799000.0,53.31,3.0,9.0,10.0,do remontu,wtórny,1975.0,55.016666666666666
Praga-Północ,356000.0,21.96,1.0,4.0,4.0,do remontu,wtórny,1957.0,19.116666666666667
Mokotów,599000.0,34.7,1.0,6.0,10.0,do zamieszkania,wtórny,1975.0,56.55
Praga-Południe,1090000.0,74.89,3.0,0.0,4.0,do wykończenia,wtórny,2025.0,42.233333333333334
Praga-Południe,545000.0,33.4,2.0,1.0,12.0,do zamieszkania,wtórny,1980.0,36.416666666666664
Ursynów,1070000.0,47.0,2.0,4.0,5.0,do zamieszkania,wtórny,2019.0,70.43333333333334
Śródmieście,909000.0,54.0,2.0,4.0,6.0,do remontu,wtórny,1955.0,34.483333333333334
Ursynów,908550.0,40.38,2.0,1.0,3.0,do zamieszkania,wtórny,2024.0,56.03333333333333
Białołęka,680000.0,30.0,1.0,0.0,3.0,do zamieszkania,wtórny,2021.0,68.76666666666667
Ursus,593500.0,33.0,2.0,1.0,7.0,do zamieszkania,wtórny,2001.0,58.86666666666667
Bemowo,930000.0,62.0,4.0,3.0,8.0,do zamieszkania,wtórny,1978.0,42.7
Praga-Północ,1037000.0,47.51,2.0,1.0,7.0,do wykończenia,pierwotny,2025.0,22.8
Mokotów,1750000.0,94.0,4.0,10.0,14.0,do zamieszkania,wtórny,2011.0,53.5
Targówek,1399000.0,84.0,3.0,1.0,3.0,do zamieszkania,wtórny,2020.0,25.716666666666665
Praga-Południe,529000.0,34.0,2.0,1.0,6.0,do remontu,wtórny,1973.0,21.033333333333335
Mokotów,1190000.0,32.58,2.0,0.0,1.0,do zamieszkania,wtórny,2018.0,54.95
Praga-Południe,855000.0,71.0,3.0,2.0,4.0,do remontu,wtórny,1973.0,29.666666666666668
Ochota,559000.0,41.6,2.0,5.0,10.0,do remontu,wtórny,1971.0,40.06666666666667
Praga-Południe,619000.0,37.0,2.0,6.0,6.0,do zamieszkania,wtórny,1970.0,29.666666666666668
Białołęka,411991.0,26.58,1.0,1.0,2.0,do wykończenia,pierwotny,2025.0,60.7
Mokotów,540000.0,29.44,2.0,1.0,11.0,do zamieszkania,wtórny,1974.0,54.95
Bielany,1056000.0,48.0,2.0,1.0,3.0,do zamieszkania,wtórny,1954.0,37.96666666666667
Białołęka,452731.0,34.69,2.0,1.0,2.0,do wykończenia,pierwotny,2025.0,60.7
Wawer,1030000.0,69.4,3.0,0.0,1.0,do wykończenia,pierwotny,2025.0,52.18333333333333
Wola,939900.0,50.9,2.0,5.0,10.0,do zamieszkania,wtórny,1980.0,37.233333333333334
Mokotów,1390000.0,68.0,3.0,5.0,6.0,do zamieszkania,wtórny,2016.0,54.95
Wilanów,2599000.0,123.0,4.0,1.0,4.0,do zamieszkania,wtórny,2016.0,62.6
Włochy,745000.0,39.0,2.0,1.0,4.0,do zamieszkania,wtórny,2014.0,50.25
Mokotów,2100000.0,102.0,4.0,3.0,6.0,do zamieszkania,wtórny,2000.0,28.683333333333334
Żoliborz,893845.0,34.0,2.0,5.0,5.0,do zamieszkania,wtórny,2017.0,26.45
Praga-Północ,1990000.0,93.2,4.0,10.0,13.0,do zamieszkania,wtórny,2011.0,32.233333333333334
Śródmieście,1011360.0,51.6,2.0,4.0,7.0,do remontu,wtórny,1950.0,13.116666666666667
Bielany,1980000.0,71.0,3.0,2.0,6.0,do zamieszkania,wtórny,2025.0,33.6
Włochy,499000.0,27.58,2.0,3.0,3.0,do wykończenia,pierwotny,2025.0,50.25
Wola,750000.0,47.0,2.0,6.0,10.0,do zamieszkania,wtórny,1970.0,29.15
Bielany,1056000.0,48.0,2.0,1.0,3.0,do zamieszkania,wtórny,1954.0,33.6
Włochy,1890000.0,134.8,5.0,1.0,3.0,do zamieszkania,wtórny,1996.0,50.25
Mokotów,4699000.0,165.9,5.0,1.0,11.0,do zamieszkania,wtórny,2012.0,28.683333333333334
Włochy,419000.0,31.0,1.0,3.0,3.0,do zamieszkania,wtórny,2001.0,50.25
Wawer,799000.0,67.0,3.0,2.0,2.0,do wykończenia,wtórny,2025.0,40.2
Ursus,699000.0,45.8,2.0,6.0,6.0,do zamieszkania,wtórny,2005.0,27.05
Praga-Północ,845635.0,45.71,2.0,0.0,6.0,do wykończenia,pierwotny,2025.0,32.233333333333334
Praga-Południe,652200.0,31.66,1.0,3.0,6.0,do zamieszkania,wtórny,2021.0,26.383333333333333
Wola,955000.0,51.2,2.0,2.0,3.0,do zamieszkania,wtórny,1949.0,29.15
Wola,750000.0,37.5,2.0,9.0,10.0,do remontu,wtórny,1975.0,15.333333333333334
Praga-Północ,955000.0,56.09,2.0,1.0,6.0,do zamieszkania,wtórny,2020.0,23.366666666666667
Mokotów,570000.0,32.0,1.0,2.0,3.0,do zamieszkania,wtórny,1961.0,28.716666666666665
Mokotów,1391000.0,63.21,3.0,1.0,7.0,do zamieszkania,wtórny,2017.0,28.716666666666665
Mokotów,720000.0,31.58,1.0,2.0,5.0,do zamieszkania,wtórny,2010.0,28.716666666666665
Ochota,750000.0,50.0,2.0,0.0,4.0,do zamieszkania,wtórny,2022.0,30.833333333333332
Białołęka,899000.0,65.4,4.0,1.0,3.0,do zamieszkania,wtórny,2019.0,58.483333333333334
Włochy,1890000.0,134.8,5.0,1.0,3.0,do zamieszkania,wtórny,1996.0,50.25
Praga-Południe,1179000.0,72.3,4.0,2.0,13.0,do zamieszkania,wtórny,2012.0,26.383333333333333
Włochy,960000.0,55.0,3.0,2.0,4.0,do zamieszkania,wtórny,2017.0,50.25
Białołęka,512248.0,38.65,2.0,1.0,2.0,do wykończenia,pierwotny,2026.0,58.483333333333334
Bemowo,749000.0,52.0,2.0,1.0,9.0,do remontu,wtórny,1978.0,33.96666666666667
Wola,800000.0,46.0,2.0,0.0,4.0,do zamieszkania,wtórny,1951.0,21.2
Śródmieście,1259000.0,54.0,2.0,0.0,3.0,do zamieszkania,wtórny,1936.0,12.4
Śródmieście,749000.0,30.0,1.0,1.0,6.0,do zamieszkania,wtórny,2002.0,19.316666666666666
Wawer,545648.0,40.72,2.0,1.0,3.0,do wykończenia,pierwotny,2026.0,40.2
Mokotów,769000.0,38.0,2.0,1.0,7.0,do zamieszkania,wtórny,1964.0,19.333333333333332
Białołęka,940000.0,72.3,3.0,0.0,3.0,do zamieszkania,wtórny,2009.0,58.483333333333334
Wilanów,1280000.0,67.76,2.0,2.0,4.0,do zamieszkania,wtórny,2009.0,62.65
Mokotów,1700000.0,92.0,3.0,1.0,4.0,do zamieszkania,wtórny,2007.0,31.983333333333334
Bielany,639000.0,39.0,2.0,7.0,10.0,do zamieszkania,wtórny,1979.0,33.6
Wola,2249000.0,105.0,4.0,6.0,8.0,do wykończenia,wtórny,2025.0,28.883333333333333
Ursynów,899000.0,48.88,2.0,3.0,6.0,do zamieszkania,wtórny,2015.0,39.65
Ursynów,2245000.0,160.93,5.0,1.0,2.0,do zamieszkania,wtórny,2008.0,39.65
Śródmieście,1899000.0,68.0,3.0,2.0,6.0,do wykończenia,wtórny,1901.0,12.866666666666667
Wola,680000.0,42.68,2.0,1.0,3.0,do remontu,wtórny,1953.0,21.183333333333334
Bemowo,699000.0,47.0,2.0,8.0,10.0,do zamieszkania,wtórny,1980.0,33.96666666666667
Ursus,795000.0,62.2,3.0,4.0,4.0,do zamieszkania,wtórny,1975.0,27.05
Bielany,800000.0,73.0,4.0,9.0,12.0,do remontu,wtórny,1978.0,33.6
Białołęka,610000.0,41.2,2.0,0.0,2.0,do zamieszkania,pierwotny,2025.0,58.483333333333334
Śródmieście,816000.0,35.5,2.0,1.0,6.0,do zamieszkania,wtórny,1956.0,12.383333333333333
Ursynów,899000.0,48.88,2.0,3.0,6.0,do zamieszkania,wtórny,2015.0,39.63333333333333
Targówek,585000.0,47.5,3.0,4.0,4.0,do remontu,wtórny,1969.0,30.983333333333334
Praga,999899.0,56.83,3.0,2.0,4.0,do zamieszkania,wtórny,2020.0,33.95
Bielany,2939000.0,118.77,4.0,0.0,2.0,do wykończenia,pierwotny,2026.0,33.6
Mokotów,2350000.0,98.0,3.0,1.0,5.0,do zamieszkania,wtórny,1914.0,20.95
Ursus,922525.0,57.47,3.0,0.0,3.0,do wykończenia,pierwotny,2024.0,27.05
Wola,1045000.0,40.33,2.0,5.0,15.0,do zamieszkania,wtórny,2018.0,29.15
Praga-Południe,995000.0,64.0,3.0,0.0,11.0,do zamieszkania,wtórny,1980.0,26.333333333333332
Ursynów,830000.0,43.7,2.0,3.0,3.0,do zamieszkania,wtórny,1998.0,39.65
Targówek,585000.0,47.5,3.0,4.0,4.0,do remontu,wtórny,1969.0,30.983333333333334
Białołęka,493680.0,29.92,1.0,1.0,2.0,do wykończenia,pierwotny,2026.0,58.483333333333334
Wola,1490000.0,52.0,2.0,10.0,22.0,do zamieszkania,wtórny,2009.0,29.15
Śródmieście,1790000.0,62.0,3.0,3.0,5.0,do zamieszkania,wtórny,1920.0,12.383333333333333
Wilanów,1799000.0,103.95,4.0,3.0,4.0,do zamieszkania,wtórny,2006.0,37.68333333333333
Mokotów,2570000.0,136.0,5.0,2.0,3.0,do zamieszkania,wtórny,1934.0,28.716666666666665
Wilanów,2450000.0,97.88,3.0,3.0,3.0,do zamieszkania,wtórny,2017.0,47.733333333333334
Ursynów,1699000.0,126.21,4.0,0.0,2.0,do zamieszkania,wtórny,1996.0,39.65
Mokotów,970000.0,46.2,2.0,2.0,14.0,do zamieszkania,wtórny,2005.0,28.716666666666665
Wola,988000.0,51.1,3.0,0.0,6.0,do zamieszkania,wtórny,2014.0,29.15
Bemowo,1599999.0,77.92,4.0,1.0,5.0,do zamieszkania,wtórny,2024.0,33.96666666666667
Ochota,1199000.0,62.5,3.0,2.0,4.0,do zamieszkania,wtórny,2014.0,30.7
Mokotów,1060144.0,55.8,3.0,0.0,6.0,do zamieszkania,wtórny,2015.0,28.583333333333332
Śródmieście,885000.0,36.9,2.0,2.0,4.0,do zamieszkania,wtórny,1922.0,12.35
Mokotów,629000.0,37.8,2.0,10.0,10.0,do zamieszkania,wtórny,1968.0,27.3
Ochota,720000.0,47.42,2.0,1.0,4.0,do remontu,wtórny,1960.0,29.2
Ochota,499000.0,38.3,2.0,4.0,4.0,do remontu,wtórny,1969.0,30.7
Śródmieście,799999.0,36.0,2.0,2.0,6.0,do wykończenia,wtórny,1963.0,11.633333333333333
Wola,870000.0,51.0,2.0,3.0,8.0,do zamieszkania,wtórny,1998.0,25.766666666666666
Targówek,820000.0,51.9,2.0,3.0,3.0,do zamieszkania,wtórny,2016.0,30.983333333333334
Śródmieście,599999.0,20.0,1.0,10.0,16.0,do zamieszkania,wtórny,1964.0,12.35
Wawer,819000.0,60.0,2.0,0.0,1.0,do zamieszkania,wtórny,2005.0,40.2
Białołęka,493680.0,29.92,1.0,1.0,2.0,do wykończenia,pierwotny,2026.0,58.483333333333334
Śródmieście,2600000.0,155.0,4.0,10.0,15.0,do zamieszkania,wtórny,2000.0,12.35
Bielany,674900.0,36.6,2.0,5.0,7.0,do zamieszkania,wtórny,1961.0,33.6
Wola,599000.0,36.2,1.0,3.0,4.0,do remontu,wtórny,1936.0,25.766666666666666
Wola,499999.0,32.1,1.0,0.0,2.0,do zamieszkania,wtórny,1935.0,29.15
Śródmieście,799000.0,54.63,2.0,2.0,5.0,do remontu,wtórny,1951.0,19.466666666666665
Bielany,1059000.0,55.46,2.0,0.0,7.0,do zamieszkania,wtórny,2020.0,38.833333333333336
Mokotów,799000.0,47.0,2.0,0.0,4.0,do zamieszkania,wtórny,1978.0,28.566666666666666
Mokotów,499999.0,32.99,2.0,2.0,12.0,do remontu,wtórny,1985.0,35.583333333333336
Wawer,779000.0,58.21,3.0,4.0,4.0,do zamieszkania,wtórny,1986.0,40.2
Praga,999000.0,75.8,3.0,0.0,7.0,do wykończenia,wtórny,2007.0,33.95
Praga,650000.0,59.0,3.0,6.0,10.0,do zamieszkania,wtórny,1970.0,33.95
Mokotów,1019000.0,58.0,3.0,9.0,10.0,do zamieszkania,wtórny,1975.0,28.566666666666666
Mokotów,379000.0,14.5,1.0,3.0,4.0,do zamieszkania,wtórny,1945.0,28.566666666666666
Białołęka,1244000.0,103.7,5.0,3.0,3.0,do zamieszkania,wtórny,1996.0,58.483333333333334
Białołęka,781353.0,57.43,3.0,1.0,5.0,do wykończenia,pierwotny,2026.0,58.483333333333334
Mokotów,1708390.0,56.17,3.0,1.0,2.0,do wykończenia,pierwotny,2025.0,28.566666666666666
Praga-Północ,558530.0,35.35,2.0,1.0,8.0,do wykończenia,pierwotny,2026.0,31.333333333333332
Bemowo,1379000.0,111.0,4.0,7.0,7.0,do zamieszkania,wtórny,1981.0,33.96666666666667
Białołęka,555431.0,40.06,2.0,1.0,4.0,do wykończenia,pierwotny,2026.0,58.483333333333334
Mokotów,1055408.0,59.85,3.0,1.0,3.0,do wykończenia,pierwotny,2025.0,28.833333333333332
Białołęka,839699.0,67.37,4.0,1.0,3.0,do wykończenia,pierwotny,2026.0,58.483333333333334
Bielany,674900.0,36.6,2.0,5.0,7.0,do zamieszkania,wtórny,1961.0,33.6
Śródmieście,1845000.0,70.19,2.0,2.0,3.0,do zamieszkania,wtórny,1910.0,12.633333333333333
Białołęka,478720.0,29.92,1.0,0.0,2.0,do wykończenia,pierwotny,2026.0,58.483333333333334
Wawer,444000.0,30.0,1.0,1.0,3.0,do wykończenia,pierwotny,2026.0,41.56666666666667
Wawer,796796.0,57.8,3.0,1.0,4.0,do wykończenia,pierwotny,2026.0,41.56666666666667
Wilanów,1866930.0,95.74,4.0,1.0,3.0,do wykończenia,pierwotny,2025.0,62.95
Wawer,801172.0,54.66,3.0,0.0,3.0,do wykończenia,pierwotny,2025.0,41.56666666666667
Wilanów,623896.0,36.4,2.0,0.0,2.0,do wykończenia,pierwotny,2027.0,62.95
Białołęka,650689.0,45.3,3.0,4.0,8.0,do wykończenia,pierwotny,2027.0,58.483333333333334
Wawer,770000.0,58.22,3.0,0.0,1.0,do wykończenia,pierwotny,2026.0,41.56666666666667
Białołęka,605590.0,52.66,3.0,0.0,2.0,do wykończenia,pierwotny,2025.0,58.483333333333334
Ursynów,2091700.0,80.45,4.0,1.0,6.0,do wykończenia,pierwotny,2027.0,39.666666666666664
Białołęka,629855.0,54.77,3.0,0.0,3.0,do wykończenia,pierwotny,2026.0,54.083333333333336
Wawer,949500.0,73.56,4.0,1.0,1.0,do wykończenia,pierwotny,2027.0,41.55
Ursus,713212.0,45.14,2.0,1.0,6.0,do wykończenia,pierwotny,2027.0,27.05
Białołęka,1112002.0,78.31,4.0,4.0,4.0,do wykończenia,pierwotny,2027.0,58.483333333333334
Mokotów,1500590.0,67.9,4.0,1.0,5.0,do wykończenia,pierwotny,2025.0,28.883333333333333
Ursus,472984.0,29.58,1.0,2.0,4.0,do wykończenia,pierwotny,2026.0,27.05
Śródmieście,1845000.0,70.19,2.0,2.0,3.0,do zamieszkania,wtórny,1910.0,12.633333333333333
Wawer,785000.0,52.39,2.0,0.0,2.0,do zamieszkania,wtórny,1970.0,41.55
Mokotów,813000.0,29.02,1.0,1.0,10.0,do wykończenia,pierwotny,2027.0,28.883333333333333
Białołęka,497100.0,33.14,2.0,1.0,5.0,do wykończenia,pierwotny,2026.0,58.483333333333334
Mokotów,810390.0,45.4,3.0,7.0,7.0,do wykończenia,pierwotny,2026.0,28.883333333333333
Bemowo,982098.0,55.96,3.0,1.0,7.0,do wykończenia,pierwotny,2027.0,33.96666666666667
Wawer,1000000.0,69.4,3.0,0.0,1.0,do wykończenia,pierwotny,2025.0,49.8
Wawer,1157682.0,65.28,3.0,0.0,5.0,do wykończenia,pierwotny,2025.0,41.55
Włochy,1033096.0,70.76,3.0,1.0,6.0,do wykończenia,pierwotny,2025.0,45.4
Śródmieście,980000.0,41.0,2.0,1.0,5.0,do zamieszkania,wtórny,1955.0,171.2
Włochy,635000.0,48.6,3.0,0.0,4.0,do remontu,wtórny,1972.0,45.4
Wola,1095000.0,50.78,2.0,1.0,6.0,do zamieszkania,wtórny,2015.0,29.15
Wola,3600000.0,95.0,3.0,8.0,8.0,do zamieszkania,wtórny,2015.0,23.966666666666665
Wilanów,3200000.0,166.47,4.0,2.0,2.0,do zamieszkania,wtórny,2009.0,63.016666666666666
Śródmieście,5425000.0,175.0,3.0,0.0,5.0,do zamieszkania,wtórny,1904.0,16.15
Wola,2960000.0,111.37,4.0,4.0,8.0,do zamieszkania,wtórny,2010.0,18.3
Śródmieście,4290000.0,122.0,5.0,2.0,6.0,do zamieszkania,wtórny,2020.0,19.966666666666665
Bielany,815000.0,31.35,1.0,0.0,4.0,do zamieszkania,wtórny,2009.0,33.6
Praga,985000.0,62.5,3.0,7.0,13.0,do zamieszkania,wtórny,1982.0,32.083333333333336
Wilanów,1040000.0,60.78,2.0,3.0,4.0,do zamieszkania,wtórny,2009.0,63.016666666666666
Ursus,849000.0,56.8,2.0,1.0,6.0,do zamieszkania,wtórny,2002.0,27.05
Bemowo,1050000.0,57.35,3.0,5.0,6.0,do zamieszkania,wtórny,2024.0,33.96666666666667
Ursynów,2225000.0,94.0,4.0,1.0,8.0,do zamieszkania,wtórny,2007.0,39.63333333333333
Wola,790000.0,55.0,3.0,2.0,3.0,do remontu,wtórny,1960.0,29.15
Włochy,1069893.0,70.62,3.0,5.0,6.0,do wykończenia,pierwotny,2025.0,45.43333333333333
Wola,449000.0,32.1,1.0,2.0,3.0,do remontu,wtórny,1955.0,29.15
Praga,419000.0,27.3,1.0,4.0,4.0,do remontu,wtórny,1920.0,33.95
Wilanów,1875000.0,90.68,4.0,1.0,4.0,do zamieszkania,wtórny,2010.0,63.083333333333336
Mokotów,935456.0,75.44,3.0,0.0,4.0,do remontu,wtórny,1930.0,28.85
Wola,800000.0,36.53,2.0,4.0,25.0,do zamieszkania,pierwotny,2021.0,29.15
Wola,1070000.0,46.5,2.0,2.0,8.0,do zamieszkania,wtórny,2009.0,29.15
Śródmieście,870000.0,44.76,2.0,5.0,8.0,do remontu,wtórny,1965.0,22.533333333333335
Ochota,849000.0,65.5,3.0,2.0,3.0,do zamieszkania,wtórny,1961.0,29.633333333333333
Mokotów,1350000.0,64.2,2.0,4.0,6.0,do zamieszkania,wtórny,2007.0,30.166666666666668
Włochy,1753384.0,71.86,3.0,5.0,5.0,do wykończenia,pierwotny,2026.0,45.43333333333333
Wawer,879626.0,61.18,3.0,0.0,4.0,do wykończenia,pierwotny,2026.0,41.516666666666666
Mokotów,935456.0,75.44,3.0,0.0,4.0,do remontu,wtórny,1930.0,28.85
Praga-Północ,816102.0,43.18,1.0,0.0,6.0,do wykończenia,pierwotny,2025.0,30.766666666666666
Wola,1150000.0,56.72,3.0,6.0,10.0,do zamieszkania,wtórny,1967.0,18.1
Ursus,477670.5,34.52,2.0,1.0,3.0,do wykończenia,pierwotny,2026.0,27.05
Bielany,850000.0,47.64,2.0,0.0,2.0,do wykończenia,pierwotny,2026.0,33.6
Wawer,702673.0,50.13,2.0,2.0,5.0,do wykończenia,pierwotny,2026.0,41.56666666666667
Bielany,798000.0,47.0,2.0,1.0,5.0,do zamieszkania,wtórny,2024.0,33.6
Praga-Południe,1080000.0,58.93,3.0,4.0,5.0,do zamieszkania,wtórny,2018.0,25.916666666666668
Śródmieście,619000.0,37.0,2.0,6.0,12.0,do remontu,wtórny,1967.0,18.3
Wola,1370000.0,55.14,3.0,3.0,8.0,do zamieszkania,wtórny,2020.0,34.53333333333333
Praga,485000.0,24.5,1.0,0.0,4.0,do zamieszkania,wtórny,1970.0,33.95
Śródmieście,986000.0,35.22,1.0,1.0,7.0,do zamieszkania,wtórny,2010.0,22.616666666666667
Praga-Południe,1600000.0,80.0,3.0,2.0,4.0,do zamieszkania,wtórny,2018.0,25.916666666666668
Wola,1340000.0,64.1,3.0,2.0,6.0,do zamieszkania,wtórny,2012.0,29.15
Śródmieście,2449000.0,92.7,4.0,2.0,5.0,do zamieszkania,wtórny,1939.0,23.033333333333335
Wilanów,2219826.0,124.36,5.0,0.0,2.0,do wykończenia,pierwotny,2027.0,63.11666666666667
Wawer,998000.0,71.7,4.0,0.0,1.0,do wykończenia,pierwotny,2026.0,41.55
Mokotów,860000.0,66.66,4.0,1.0,10.0,do zamieszkania,wtórny,1976.0,28.883333333333333
Wawer,960000.0,82.24,3.0,1.0,1.0,do wykończenia,pierwotny,2026.0,41.55
Mokotów,1750000.0,78.0,3.0,3.0,6.0,do zamieszkania,wtórny,2018.0,28.883333333333333
Ursynów,1950000.0,115.0,4.0,0.0,4.0,do zamieszkania,wtórny,1995.0,39.7
Ochota,890000.0,42.1,2.0,9.0,14.0,do zamieszkania,wtórny,2010.0,29.333333333333332
Białołęka,539000.0,39.9,2.0,4.0,5.0,do zamieszkania,wtórny,2001.0,58.483333333333334
Wola,595000.0,36.6,2.0,4.0,10.0,do zamieszkania,wtórny,1972.0,25.666666666666668
Mokotów,675000.0,34.64,2.0,5.0,6.0,do wykończenia,pierwotny,2025.0,28.866666666666667
Białołęka,724000.0,51.0,2.0,2.0,2.0,do zamieszkania,wtórny,2010.0,58.483333333333334
Wawer,960000.0,82.24,3.0,1.0,1.0,do wykończenia,pierwotny,2026.0,41.53333333333333
Bielany,1625000.0,85.42,4.0,3.0,3.0,do zamieszkania,wtórny,2008.0,33.6
Ursus,839259.0,58.56,3.0,1.0,7.0,do wykończenia,pierwotny,2027.0,27.05
Wilanów,1395000.0,69.0,3.0,0.0,4.0,do zamieszkania,wtórny,2017.0,50.75
Praga-Południe,770000.0,52.0,2.0,1.0,3.0,do zamieszkania,wtórny,2010.0,25.916666666666668
Mokotów,2457000.0,84.0,4.0,8.0,8.0,do wykończenia,wtórny,2025.0,28.866666666666667
Bielany,1071629.0,48.49,2.0,2.0,5.0,do wykończenia,pierwotny,2027.0,33.6
Śródmieście,1800000.0,82.0,4.0,2.0,5.0,do remontu,wtórny,1961.0,12.4
Ursus,800092.0,59.39,3.0,2.0,3.0,do wykończenia,pierwotny,2024.0,27.05
Wilanów,2336000.0,114.0,4.0,2.0,4.0,do wykończenia,pierwotny,2025.0,63.11666666666667
Mokotów,2740000.0,126.3,4.0,1.0,3.0,do zamieszkania,wtórny,2008.0,32.0
Ursus,839259.0,58.56,3.0,1.0,7.0,do wykończenia,pierwotny,2027.0,27.05
Śródmieście,4900000.0,80.0,2.0,2.0,6.0,do zamieszkania,wtórny,1925.0,19.15
Ursus,630000.0,44.65,2.0,5.0,5.0,do zamieszkania,wtórny,2002.0,27.05
Mokotów,2940000.0,125.0,3.0,6.0,9.0,do zamieszkania,wtórny,2009.0,28.833333333333332
Wilanów,1090000.0,66.0,2.0,3.0,4.0,do zamieszkania,wtórny,2007.0,37.68333333333333
Białołęka,850000.0,65.0,3.0,3.0,3.0,do zamieszkania,wtórny,2006.0,52.266666666666666
Śródmieście,1650000.0,64.0,3.0,5.0,5.0,do zamieszkania,wtórny,2008.0,17.95
Mokotów,1799000.0,100.0,4.0,0.0,6.0,do zamieszkania,wtórny,2010.0,26.783333333333335
Żoliborz,2150000.0,75.0,2.0,5.0,6.0,do zamieszkania,wtórny,2016.0,26.45
Praga-Południe,699000.0,39.0,2.0,2.0,7.0,do zamieszkania,wtórny,1974.0,25.916666666666668
Włochy,1499000.0,100.21,5.0,3.0,6.0,do wykończenia,wtórny,2025.0,47.833333333333336
Praga-Północ,679000.0,42.9,2.0,6.0,7.0,do remontu,wtórny,1958.0,26.633333333333333
Śródmieście,630000.0,27.0,2.0,0.0,4.0,do zamieszkania,wtórny,1938.0,12.35
Mokotów,799000.0,57.5,3.0,0.0,8.0,do remontu,wtórny,1972.0,28.833333333333332
Praga-Południe,870000.0,53.36,2.0,2.0,6.0,do zamieszkania,wtórny,2000.0,25.916666666666668
Białołęka,866286.0,63.71,3.0,5.0,5.0,do wykończenia,pierwotny,2026.0,52.266666666666666
Śródmieście,4800000.0,109.0,4.0,10.0,13.0,do zamieszkania,wtórny,2010.0,12.2
Mokotów,2550000.0,115.0,3.0,2.0,5.0,do zamieszkania,wtórny,1998.0,28.816666666666666
Mokotów,759000.0,45.6,2.0,0.0,12.0,do zamieszkania,wtórny,1978.0,28.816666666666666
Śródmieście,850000.0,38.0,2.0,6.0,8.0,do zamieszkania,wtórny,1965.0,15.316666666666666
Praga,725000.0,41.6,2.0,4.0,6.0,do remontu,wtórny,1954.0,29.6
Bielany,665000.0,50.0,2.0,9.0,10.0,do zamieszkania,wtórny,1984.0,33.6
Bemowo,970000.0,45.48,2.0,0.0,4.0,do zamieszkania,wtórny,2019.0,33.96666666666667
Mokotów,1429875.0,63.55,3.0,2.0,7.0,do zamieszkania,wtórny,2018.0,28.816666666666666
Bemowo,749000.0,53.0,2.0,5.0,8.0,do zamieszkania,wtórny,1978.0,33.96666666666667
Bielany,720000.0,56.0,3.0,2.0,10.0,do remontu,wtórny,1973.0,33.6
Wilanów,1559000.0,67.0,3.0,3.0,5.0,do wykończenia,wtórny,2025.0,63.2
Praga-Południe,1990000.0,78.4,2.0,4.0,5.0,do zamieszkania,wtórny,2010.0,21.283333333333335
Śródmieście,1299000.0,75.8,3.0,2.0,4.0,do zamieszkania,wtórny,1912.0,14.516666666666667
Bielany,888000.0,73.88,4.0,2.0,2.0,do zamieszkania,wtórny,1980.0,33.6
Białołęka,749000.0,54.0,3.0,0.0,3.0,do zamieszkania,wtórny,2024.0,52.266666666666666
Ursus,1200000.0,70.51,3.0,0.0,7.0,do zamieszkania,wtórny,2012.0,27.05
Śródmieście,2531180.0,133.22,5.0,5.0,7.0,do zamieszkania,wtórny,2000.0,12.35
Wola,715000.0,24.24,1.0,8.0,11.0,do zamieszkania,wtórny,2019.0,29.15
Praga-Północ,750000.0,38.0,1.0,1.0,3.0,do zamieszkania,wtórny,1953.0,29.966666666666665
Wilanów,665000.0,30.39,1.0,1.0,3.0,do wykończenia,pierwotny,2024.0,63.18333333333333
Ursus,659000.0,46.0,3.0,1.0,6.0,do zamieszkania,pierwotny,2026.0,27.05
Włochy,950000.0,85.5,4.0,4.0,5.0,do zamieszkania,wtórny,1994.0,45.1
Śródmieście,950000.0,48.2,2.0,3.0,3.0,do zamieszkania,wtórny,1955.0,12.35
Wola,850000.0,48.3,2.0,1.0,4.0,do zamieszkania,wtórny,1964.0,29.15
Żoliborz,775000.0,44.0,2.0,4.0,4.0,do zamieszkania,wtórny,1960.0,26.45
Ursynów,799500.5,42.19,2.0,0.0,3.0,do zamieszkania,wtórny,2020.0,39.6
Mokotów,870000.0,51.0,3.0,8.0,10.0,do zamieszkania,wtórny,1970.0,28.766666666666666
Mokotów,780000.0,39.32,2.0,2.0,7.0,do zamieszkania,wtórny,2019.0,28.766666666666666
Mokotów,1027641.0,59.4,3.0,1.0,7.0,do wykończenia,wtórny,2025.0,39.56666666666667
Mokotów,1023916.0,59.53,3.0,2.0,7.0,do wykończenia,wtórny,2025.0,39.56666666666667
Praga-Południe,571524.0,31.49,1.0,2.0,4.0,do wykończenia,wtórny,2025.0,32.85
Praga-Południe,1268279.0,92.58,4.0,1.0,4.0,do wykończenia,wtórny,2025.0,32.85
Wola,943500.0,28.17,1.0,6.0,8.0,do zamieszkania,wtórny,2020.0,17.033333333333335
Praga-Południe,730000.0,49.7,2.0,4.0,5.0,do zamieszkania,wtórny,2019.0,32.85
Białołęka,769000.0,50.5,2.0,5.0,5.0,do zamieszkania,wtórny,2018.0,67.23333333333333
Ursus,840500.0,41.43,2.0,2.0,7.0,do zamieszkania,wtórny,2024.0,41.96666666666667
Bemowo,659000.0,35.8,2.0,4.0,8.0,do zamieszkania,wtórny,1980.0,35.28333333333333
Włochy,949000.0,90.2,5.0,1.0,2.0,do wykończenia,pierwotny,2027.0,35.9
Praga-Północ,435000.0,23.1,1.0,3.0,3.0,do zamieszkania,wtórny,1954.0,25.566666666666666
Bemowo,999000.0,63.19,3.0,0.0,6.0,do zamieszkania,wtórny,2019.0,35.28333333333333
Ochota,987500.0,62.5,2.0,2.0,6.0,do remontu,wtórny,1989.0,27.633333333333333
Włochy,906192.0,71.92,4.0,1.0,6.0,do wykończenia,pierwotny,2027.0,35.9
Ursus,605000.0,42.5,2.0,1.0,8.0,do wykończenia,pierwotny,2026.0,27.083333333333332
Wola,900000.0,44.6,2.0,0.0,7.0,do zamieszkania,wtórny,2019.0,30.466666666666665
Ursus,870000.0,67.0,3.0,3.0,4.0,do zamieszkania,wtórny,1958.0,27.083333333333332
Praga,677703.0,39.0,2.0,0.0,5.0,do wykończenia,wtórny,2025.0,29.783333333333335
Praga,894466.0,60.0,3.0,0.0,5.0,do wykończenia,pierwotny,2025.0,29.783333333333335
Bielany,1589000.0,88.32,3.0,3.0,14.0,do zamieszkania,wtórny,2019.0,39.05
Praga-Północ,890000.0,63.5,3.0,6.0,10.0,do zamieszkania,wtórny,1975.0,36.0
Śródmieście,1010000.0,53.0,3.0,5.0,18.0,do zamieszkania,wtórny,1976.0,13.15
Ursynów,1299000.0,70.0,3.0,2.0,7.0,do zamieszkania,wtórny,2005.0,46.05
Praga-Południe,930000.0,44.85,2.0,3.0,5.0,do zamieszkania,wtórny,2024.0,32.85
Mokotów,980000.0,58.64,2.0,7.0,12.0,do zamieszkania,wtórny,2001.0,31.766666666666666
Wola,799000.0,40.0,1.0,6.0,8.0,do zamieszkania,wtórny,2014.0,30.466666666666665
Włochy,949000.0,90.2,5.0,1.0,2.0,do wykończenia,pierwotny,2027.0,35.9
Bielany,630000.0,37.0,2.0,4.0,10.0,do zamieszkania,wtórny,1967.0,39.05
Wola,925000.0,47.36,2.0,7.0,7.0,do wykończenia,wtórny,2015.0,30.466666666666665
Bemowo,2500000.0,94.3,3.0,0.0,3.0,do zamieszkania,wtórny,2009.0,35.28333333333333
Mokotów,900000.0,38.0,2.0,5.0,5.0,do zamieszkania,wtórny,1934.0,28.75
Wilanów,2625456.0,105.44,3.0,2.0,4.0,do zamieszkania,wtórny,2017.0,67.43333333333334
Śródmieście,5470000.0,136.0,5.0,0.0,5.0,do remontu,wtórny,1922.0,15.366666666666667
Śródmieście,2500000.0,73.0,3.0,6.0,8.0,do zamieszkania,wtórny,2020.0,15.366666666666667
Praga,760000.0,49.9,2.0,3.0,5.0,do zamieszkania,wtórny,2020.0,23.916666666666668
Mokotów,745000.0,31.11,2.0,1.0,4.0,do zamieszkania,wtórny,1951.0,28.75
Mokotów,1195000.0,39.0,2.0,0.0,8.0,do zamieszkania,wtórny,2006.0,28.75
Wola,3990000.0,104.0,4.0,5.0,12.0,do zamieszkania,wtórny,2016.0,13.15
Mokotów,599760.0,23.8,1.0,2.0,3.0,do zamieszkania,wtórny,1936.0,28.75
Śródmieście,998988.0,37.33,2.0,3.0,10.0,do zamieszkania,wtórny,1964.0,15.366666666666667
Mokotów,1990000.0,90.43,4.0,3.0,5.0,do zamieszkania,wtórny,2013.0,36.56666666666667
Bielany,630000.0,37.0,2.0,4.0,10.0,do zamieszkania,wtórny,1967.0,39.05
Śródmieście,2250000.0,66.0,2.0,3.0,10.0,do zamieszkania,wtórny,2012.0,13.15
Śródmieście,1200000.0,34.0,2.0,6.0,6.0,do zamieszkania,wtórny,1930.0,18.466666666666665
Mokotów,5990000.0,297.6,5.0,1.0,2.0,do zamieszkania,wtórny,2010.0,36.483333333333334
Wilanów,1680000.0,84.14,4.0,0.0,4.0,do zamieszkania,wtórny,2024.0,67.43333333333334
Śródmieście,3999000.0,119.0,4.0,6.0,7.0,do zamieszkania,wtórny,2006.0,15.366666666666667
Włochy,1060000.0,60.64,3.0,0.0,5.0,do zamieszkania,wtórny,2020.0,35.9
Mokotów,1149000.0,54.99,2.0,1.0,3.0,do zamieszkania,wtórny,1926.0,28.766666666666666
Wola,1060000.0,50.55,2.0,4.0,5.0,do wykończenia,wtórny,2015.0,30.466666666666665
Mokotów,2900000.0,103.07,3.0,2.0,4.0,do zamieszkania,wtórny,1935.0,28.766666666666666
Praga,1690000.0,65.0,4.0,0.0,5.0,do zamieszkania,wtórny,2018.0,29.783333333333335
Wola,5663000.0,124.46,4.0,10.0,30.0,do zamieszkania,wtórny,2022.0,13.15
Ochota,1720000.0,103.0,3.0,10.0,16.0,do zamieszkania,wtórny,2005.0,27.85
Targówek,1040000.0,62.19,3.0,3.0,3.0,do zamieszkania,wtórny,2022.0,34.8
Śródmieście,4500000.0,76.87,2.0,4.0,5.0,do zamieszkania,wtórny,2020.0,17.233333333333334
Śródmieście,698000.0,27.47,2.0,6.0,10.0,do zamieszkania,wtórny,1964.0,15.35
Wola,725000.0,38.0,2.0,7.0,17.0,do zamieszkania,wtórny,2008.0,24.55
Mokotów,940000.0,37.0,2.0,5.0,5.0,do zamieszkania,wtórny,1934.0,28.766666666666666
Praga-Południe,545000.0,33.4,2.0,1.0,12.0,do zamieszkania,wtórny,1980.0,31.733333333333334
Wola,930375.0,56.02,3.0,4.0,10.0,do wykończenia,pierwotny,2025.0,30.466666666666665
Włochy,949000.0,83.52,4.0,0.0,2.0,do wykończenia,pierwotny,2027.0,35.9
Praga-Południe,1150000.0,65.78,3.0,0.0,5.0,do zamieszkania,wtórny,2024.0,31.733333333333334
Praga,715000.0,41.32,2.0,0.0,5.0,do wykończenia,wtórny,2025.0,29.783333333333335
Praga,720000.0,39.52,2.0,1.0,5.0,do wykończenia,pierwotny,2025.0,29.783333333333335
Białołęka,639000.0,58.43,3.0,0.0,4.0,do wykończenia,pierwotny,2025.0,67.23333333333333
Śródmieście,980000.0,50.9,2.0,3.0,3.0,do remontu,wtórny,1958.0,23.833333333333332
Wola,2199000.0,75.7,3.0,1.0,6.0,do zamieszkania,wtórny,2025.0,35.85
Włochy,1299999.0,88.4,3.0,2.0,4.0,do zamieszkania,wtórny,2003.0,35.9
Ursynów,1350000.0,127.5,6.0,0.0,2.0,do zamieszkania,wtórny,2015.0,46.03333333333333
Ursus,1014000.0,63.43,3.0,0.0,5.0,do zamieszkania,wtórny,2018.0,26.083333333333332
Praga-Północ,635000.0,48.7,5.0,2.0,5.0,do zamieszkania,wtórny,1973.0,22.4
Ursus,899000.0,62.6,3.0,1.0,4.0,do zamieszkania,wtórny,1993.0,26.083333333333332
Białołęka,629000.0,42.0,3.0,1.0,2.0,do zamieszkania,wtórny,2009.0,67.23333333333333
Wola,1087700.0,50.0,2.0,2.0,8.0,do zamieszkania,wtórny,2011.0,30.466666666666665
Ursus,1245000.0,77.0,3.0,3.0,6.0,do zamieszkania,wtórny,2007.0,26.083333333333332
Wola,595000.0,37.2,2.0,8.0,10.0,do zamieszkania,wtórny,1972.0,22.466666666666665
Wola,930375.0,56.02,3.0,4.0,10.0,do wykończenia,pierwotny,2025.0,30.466666666666665
Bemowo,719900.0,50.37,2.0,0.0,10.0,do remontu,wtórny,1983.0,35.28333333333333
Targówek,1890000.0,93.8,4.0,3.0,3.0,do zamieszkania,wtórny,2009.0,34.8
Bemowo,679900.0,39.4,2.0,1.0,2.0,do zamieszkania,wtórny,1936.0,35.28333333333333
Bemowo,690000.0,37.9,2.0,4.0,5.0,do zamieszkania,wtórny,2003.0,35.28333333333333
Mokotów,469900.0,24.09,1.0,3.0,4.0,do zamieszkania,wtórny,1957.0,28.733333333333334
Włochy,810568.0,53.68,3.0,6.0,6.0,do wykończenia,pierwotny,2025.0,35.9
Śródmieście,649000.0,34.6,2.0,2.0,9.0,do remontu,wtórny,1960.0,15.35
Praga,790000.0,48.0,3.0,1.0,10.0,do zamieszkania,wtórny,1993.0,29.783333333333335
Mokotów,1670000.0,88.0,3.0,3.0,5.0,do zamieszkania,wtórny,2006.0,27.816666666666666
Mokotów,1950000.0,60.0,2.0,0.0,6.0,do zamieszkania,wtórny,2010.0,32.983333333333334
Bielany,846000.0,48.5,3.0,4.0,4.0,do zamieszkania,wtórny,1972.0,39.05
Praga,847000.0,47.67,2.0,1.0,10.0,do zamieszkania,wtórny,1971.0,33.833333333333336
Wilanów,1090000.0,66.0,2.0,3.0,4.0,do zamieszkania,wtórny,2007.0,39.3
Wilanów,2300000.0,85.5,4.0,2.0,3.0,do zamieszkania,wtórny,2023.0,67.43333333333334
Śródmieście,3780000.0,116.0,4.0,0.0,5.0,do zamieszkania,wtórny,2020.0,31.35
Wola,720000.0,36.9,2.0,2.0,11.0,do zamieszkania,wtórny,1967.0,34.266666666666666
Bemowo,1200000.0,44.5,2.0,4.0,4.0,do zamieszkania,wtórny,2023.0,35.28333333333333
Praga-Południe,920000.0,60.8,3.0,10.0,13.0,do remontu,wtórny,1978.0,32.86666666666667
Wilanów,1431300.0,73.4,3.0,1.0,3.0,do wykończenia,pierwotny,2025.0,62.43333333333333
Ursus,1092879.0,71.43,3.0,0.0,5.0,do wykończenia,pierwotny,2026.0,26.083333333333332
Praga-Północ,1810000.0,89.0,3.0,3.0,3.0,do zamieszkania,wtórny,2014.0,36.0
Wola,599500.0,27.17,1.0,4.0,10.0,do wykończenia,pierwotny,2025.0,30.466666666666665
Wola,1591000.0,37.0,1.0,10.0,29.0,do zamieszkania,wtórny,2024.0,30.466666666666665
Wola,919000.0,57.5,4.0,10.0,15.0,do zamieszkania,wtórny,1972.0,13.15
Białołęka,474562.0,34.69,2.0,2.0,2.0,do zamieszkania,pierwotny,2025.0,67.23333333333333
Ursynów,975000.0,48.61,2.0,1.0,5.0,do zamieszkania,wtórny,2007.0,46.083333333333336
Ursynów,930000.0,42.59,2.0,1.0,5.0,do zamieszkania,wtórny,2017.0,46.083333333333336
Ursus,980000.0,63.78,3.0,7.0,7.0,do zamieszkania,wtórny,2020.0,26.083333333333332
Białołęka,452704.5,34.69,2.0,0.0,2.0,do wykończenia,pierwotny,2025.0,67.23333333333333
Białołęka,411990.0,26.58,1.0,0.0,2.0,do wykończenia,pierwotny,2025.0,67.23333333333333
Ursus,1160000.0,74.0,3.0,1.0,8.0,do zamieszkania,wtórny,2025.0,26.083333333333332
Wola,920000.0,46.0,3.0,1.0,10.0,do zamieszkania,wtórny,1969.0,24.566666666666666
Mokotów,760000.0,47.77,2.0,0.0,4.0,do zamieszkania,wtórny,1938.0,28.716666666666665
Wilanów,1232800.0,46.0,2.0,3.0,4.0,do zamieszkania,wtórny,2024.0,62.43333333333333
Wilanów,1232800.0,46.0,2.0,3.0,4.0,do zamieszkania,wtórny,2024.0,62.43333333333333
Bemowo,1370000.0,67.8,3.0,2.0,6.0,do zamieszkania,wtórny,2005.0,35.28333333333333
Ursynów,800000.0,59.25,3.0,3.0,3.0,do zamieszkania,wtórny,1982.0,46.083333333333336
Wola,790000.0,36.0,2.0,6.0,6.0,do zamieszkania,wtórny,2008.0,30.466666666666665
Wola,756417.0,56.02,3.0,4.0,7.0,do wykończenia,pierwotny,2025.0,30.466666666666665
Praga,600000.0,26.44,1.0,1.0,6.0,do zamieszkania,wtórny,2027.0,33.0
Śródmieście,1142347.0,37.21,1.0,4.0,5.0,do zamieszkania,wtórny,1958.0,15.366666666666667
Bemowo,699000.0,38.52,1.0,2.0,6.0,do zamieszkania,wtórny,2019.0,35.28333333333333
Ursus,849000.0,90.2,5.0,1.0,2.0,do wykończenia,pierwotny,2027.0,26.083333333333332
Ursus,939000.0,83.52,4.0,0.0,2.0,do wykończenia,pierwotny,2027.0,26.083333333333332
Ochota,1285000.0,67.03,3.0,2.0,8.0,do zamieszkania,wtórny,2015.0,28.133333333333333
Wola,481300.0,29.34,1.0,6.0,7.0,do wykończenia,pierwotny,2025.0,30.466666666666665
Ursus,949000.0,90.2,5.0,1.0,2.0,do wykończenia,pierwotny,2027.0,26.083333333333332
Ursus,920000.0,59.58,4.0,2.0,2.0,do zamieszkania,wtórny,2021.0,26.083333333333332
Ursus,949000.0,83.52,4.0,0.0,2.0,do wykończenia,pierwotny,2027.0,26.083333333333332
Śródmieście,850000.0,36.1,2.0,6.0,6.0,do zamieszkania,wtórny,2004.0,14.483333333333333
Bemowo,600000.0,36.0,1.0,5.0,8.0,do zamieszkania,wtórny,2003.0,35.28333333333333
Wilanów,1499000.0,81.0,3.0,1.0,3.0,do zamieszkania,wtórny,2018.0,62.43333333333333
Bemowo,649000.0,36.0,2.0,0.0,6.0,do zamieszkania,wtórny,2004.0,35.28333333333333
Wola,2650000.0,94.88,3.0,0.0,3.0,do zamieszkania,wtórny,2018.0,30.466666666666665
Włochy,1225000.0,81.0,3.0,2.0,4.0,do zamieszkania,wtórny,2005.0,35.9
Białołęka,974000.0,65.0,3.0,0.0,2.0,do zamieszkania,wtórny,2014.0,67.23333333333333
Targówek,649000.0,57.4,4.0,2.0,4.0,do remontu,wtórny,1971.0,34.8
Białołęka,839000.0,59.0,4.0,1.0,3.0,do zamieszkania,wtórny,2007.0,67.23333333333333
Praga-Południe,503000.0,28.0,2.0,1.0,4.0,do wykończenia,wtórny,1935.0,32.85
Ochota,1120000.0,81.7,3.0,9.0,17.0,do zamieszkania,wtórny,2004.0,28.066666666666666
Wawer,2350000.0,200.0,5.0,0.0,2.0,do zamieszkania,wtórny,2018.0,41.81666666666667
Bemowo,799000.0,49.91,3.0,0.0,7.0,do zamieszkania,wtórny,1982.0,35.28333333333333
Śródmieście,615000.0,30.0,2.0,6.0,10.0,do zamieszkania,wtórny,1970.0,15.366666666666667
Wilanów,1771000.0,90.0,3.0,2.0,5.0,do zamieszkania,wtórny,2008.0,49.483333333333334
Włochy,1225000.0,81.0,3.0,2.0,4.0,do zamieszkania,wtórny,2005.0,35.9
Mokotów,480000.0,31.35,1.0,6.0,6.0,do wykończenia,wtórny,2025.0,30.583333333333332
Bielany,1248000.0,80.5,5.0,6.0,6.0,do wykończenia,pierwotny,2025.0,39.05
Mokotów,651756.0,29.1,1.0,0.0,7.0,do wykończenia,pierwotny,2026.0,30.583333333333332
Wilanów,1275000.0,68.99,3.0,2.0,4.0,do zamieszkania,wtórny,2011.0,62.43333333333333
Praga,685000.0,52.04,3.0,0.0,3.0,do remontu,wtórny,1961.0,29.783333333333335
Białołęka,1500000.0,93.0,4.0,2.0,2.0,do zamieszkania,wtórny,2014.0,67.23333333333333
Wola,3600000.0,105.0,4.0,6.0,6.0,do zamieszkania,wtórny,2016.0,30.466666666666665
Białołęka,708786.0,60.84,3.0,1.0,3.0,do wykończenia,pierwotny,2025.0,67.23333333333333
Ochota,587000.0,28.0,2.0,6.0,10.0,do zamieszkania,wtórny,1975.0,28.066666666666666
Śródmieście,1500000.0,51.8,2.0,7.0,9.0,do remontu,wtórny,1958.0,15.666666666666666
Mokotów,1499000.0,68.05,3.0,4.0,6.0,do zamieszkania,wtórny,2020.0,41.11666666666667
Bemowo,730000.0,45.7,3.0,3.0,12.0,do zamieszkania,wtórny,1985.0,35.28333333333333
Praga-Południe,710000.0,52.2,2.0,5.0,10.0,do wykończenia,wtórny,1994.0,31.733333333333334
Praga-Południe,1790000.0,84.4,3.0,7.0,7.0,do wykończenia,pierwotny,2023.0,31.733333333333334
Żoliborz,1675000.0,84.0,3.0,0.0,9.0,do zamieszkania,wtórny,2013.0,31.9
Bemowo,860000.0,57.7,3.0,0.0,3.0,do zamieszkania,wtórny,1956.0,35.28333333333333
Praga,660000.0,48.71,2.0,3.0,10.0,do zamieszkania,wtórny,1978.0,29.783333333333335
Wilanów,1149000.0,66.0,2.0,3.0,4.0,do zamieszkania,wtórny,2007.0,39.21666666666667
Wilanów,1139250.0,51.5,2.0,0.0,2.0,do wykończenia,pierwotny,2026.0,62.43333333333333
Włochy,1250000.0,54.1,3.0,5.0,5.0,do zamieszkania,wtórny,2023.0,35.9
Wola,1465975.5,67.65,3.0,3.0,6.0,do zamieszkania,wtórny,2020.0,30.466666666666665
Żoliborz,430000.0,24.03,1.0,1.0,10.0,do zamieszkania,wtórny,1971.0,31.9
Praga,1085000.0,83.6,4.0,7.0,16.0,do remontu,wtórny,1985.0,34.833333333333336
Mokotów,975000.0,46.5,2.0,1.0,5.0,do zamieszkania,wtórny,2015.0,30.583333333333332
Mokotów,819000.0,56.65,3.0,10.0,17.0,do remontu,wtórny,1977.0,30.583333333333332
Bemowo,749000.0,53.0,2.0,5.0,8.0,do zamieszkania,wtórny,1978.0,35.28333333333333
Bemowo,679000.0,61.62,3.0,10.0,10.0,do zamieszkania,wtórny,1978.0,35.28333333333333
Ursynów,624900.0,36.39,2.0,3.0,3.0,do wykończenia,pierwotny,2025.0,46.1
Wola,649999.0,27.2,2.0,8.0,15.0,do zamieszkania,wtórny,2015.0,30.466666666666665
Śródmieście,3150000.0,131.0,5.0,3.0,4.0,do zamieszkania,wtórny,1930.0,20.333333333333332
Wola,675000.0,35.69,1.0,3.0,3.0,do zamieszkania,wtórny,1956.0,27.083333333333332
Wilanów,895000.0,50.3,2.0,1.0,4.0,do zamieszkania,wtórny,2008.0,49.483333333333334
Śródmieście,1440000.0,49.55,2.0,0.0,5.0,do zamieszkania,wtórny,1958.0,16.916666666666668
Mokotów,457000.0,20.0,1.0,0.0,1.0,do zamieszkania,wtórny,1947.0,28.7
Ochota,756200.0,38.0,1.0,7.0,10.0,do zamieszkania,wtórny,2010.0,20.133333333333333
Śródmieście,1320000.0,45.0,2.0,3.0,6.0,do zamieszkania,wtórny,1937.0,16.566666666666666
Mokotów,799000.0,38.25,2.0,3.0,6.0,do wykończenia,wtórny,2025.0,40.86666666666667
Włochy,1045000.0,55.0,2.0,2.0,5.0,do zamieszkania,wtórny,2022.0,35.9
Mokotów,3000000.0,138.2,3.0,3.0,4.0,do zamieszkania,wtórny,2001.0,30.583333333333332
Bemowo,649000.0,38.0,2.0,4.0,5.0,do wykończenia,wtórny,2025.0,35.28333333333333
Śródmieście,3690000.0,164.9,5.0,6.0,8.0,do zamieszkania,wtórny,2002.0,15.366666666666667
Białołęka,453000.0,34.67,2.0,1.0,2.0,do wykończenia,pierwotny,2025.0,67.23333333333333
Włochy,830000.0,43.6,2.0,1.0,4.0,do zamieszkania,wtórny,2016.0,35.9
Ochota,1420000.0,73.5,3.0,3.0,8.0,do zamieszkania,wtórny,2004.0,25.716666666666665
Białołęka,452704.5,34.69,1.0,2.0,2.0,do wykończenia,pierwotny,2026.0,67.23333333333333
Śródmieście,985000.0,48.0,2.0,7.0,10.0,do zamieszkania,wtórny,1967.0,19.333333333333332
Mokotów,2000000.0,120.0,5.0,1.0,3.0,do zamieszkania,wtórny,2000.0,30.583333333333332
Praga-Północ,469000.0,32.08,1.0,0.0,7.0,do remontu,wtórny,2002.0,30.45
Ursus,629000.0,43.0,2.0,2.0,8.0,do wykończenia,pierwotny,2026.0,26.083333333333332
Wilanów,919000.0,40.7,2.0,1.0,3.0,do zamieszkania,wtórny,2014.0,62.43333333333333
Ursus,692757.0,59.21,3.0,0.0,3.0,do wykończenia,pierwotny,2025.0,34.3
Białołęka,474563.0,34.69,2.0,2.0,2.0,do zamieszkania,pierwotny,2025.0,67.23333333333333
Białołęka,592835.0,42.65,2.0,2.0,3.0,do wykończenia,pierwotny,2027.0,67.23333333333333
Targówek,580000.0,46.5,2.0,9.0,10.0,do remontu,wtórny,1975.0,34.8
Mokotów,884000.0,65.3,3.0,1.0,10.0,do remontu,wtórny,1979.0,30.583333333333332
Bemowo,859000.0,57.24,2.0,1.0,6.0,do zamieszkania,wtórny,2003.0,35.28333333333333
Bemowo,795000.0,50.67,2.0,2.0,4.0,do zamieszkania,wtórny,2009.0,35.28333333333333
Ursus,777500.0,45.73,2.0,5.0,7.0,do zamieszkania,wtórny,2022.0,26.083333333333332
Śródmieście,1295000.0,56.0,2.0,5.0,6.0,do zamieszkania,wtórny,2003.0,14.466666666666667
Ursynów,1270000.0,62.12,2.0,4.0,15.0,do zamieszkania,wtórny,2003.0,46.1
Białołęka,559000.0,42.0,2.0,0.0,3.0,do zamieszkania,wtórny,2010.0,67.23333333333333
Białołęka,629000.0,46.28,2.0,2.0,4.0,do zamieszkania,wtórny,2014.0,67.23333333333333
Bielany,619000.0,38.3,1.0,2.0,3.0,do zamieszkania,wtórny,1959.0,39.05
Targówek,837000.0,60.2,3.0,5.0,10.0,do remontu,wtórny,1976.0,34.8
Wola,1840500.0,73.62,3.0,7.0,7.0,do wykończenia,pierwotny,2023.0,30.466666666666665
Ursus,914657.39,75.0,4.0,1.0,3.0,do wykończenia,pierwotny,2026.0,26.083333333333332
Wola,1170000.0,54.2,3.0,1.0,6.0,do zamieszkania,wtórny,2017.0,30.466666666666665
Wola,698073.0,36.76,2.0,1.0,5.0,do wykończenia,pierwotny,2025.0,30.466666666666665
Bielany,695000.0,58.0,4.0,0.0,4.0,do remontu,wtórny,1967.0,39.05
Praga,439000.0,24.5,1.0,3.0,4.0,do zamieszkania,wtórny,1966.0,33.083333333333336
Mokotów,860000.0,40.18,2.0,3.0,6.0,do zamieszkania,wtórny,2020.0,30.583333333333332
Ursynów,1427520.0,59.48,3.0,2.0,6.0,do wykończenia,pierwotny,2027.0,46.1
Wola,700000.0,50.0,3.0,4.0,10.0,do zamieszkania,wtórny,1973.0,26.983333333333334
Ursus,799000.0,62.2,4.0,1.0,4.0,do remontu,wtórny,1975.0,26.083333333333332
Mokotów,730000.0,42.1,2.0,10.0,10.0,do remontu,wtórny,1973.0,30.583333333333332
Bielany,850000.0,52.0,2.0,10.0,15.0,do zamieszkania,wtórny,2008.0,39.05
Ursus,404519.94,27.18,1.0,0.0,3.0,do wykończenia,pierwotny,2026.0,26.083333333333332
Włochy,1100110.0,75.35,4.0,3.0,4.0,do wykończenia,pierwotny,2026.0,43.233333333333334
Wawer,632659.0,44.79,2.0,2.0,5.0,do wykończenia,pierwotny,2026.0,41.81666666666667
Włochy,739000.0,41.17,2.0,4.0,6.0,do zamieszkania,wtórny,2020.0,35.9
Ursynów,748000.0,34.0,1.0,1.0,11.0,do zamieszkania,wtórny,2009.0,46.1
Mokotów,749000.0,48.0,3.0,1.0,3.0,do zamieszkania,wtórny,1965.0,30.583333333333332
Wola,700000.0,50.0,3.0,4.0,10.0,do zamieszkania,wtórny,1973.0,26.983333333333334
Bielany,1121412.0,49.62,2.0,5.0,5.0,do wykończenia,pierwotny,2027.0,39.05
Wilanów,1300000.0,65.17,3.0,0.0,3.0,do wykończenia,pierwotny,2025.0,62.43333333333333
Praga-Południe,689000.0,36.0,2.0,1.0,4.0,do zamieszkania,wtórny,1954.0,27.116666666666667
Mokotów,790000.0,42.4,2.0,3.0,10.0,do zamieszkania,wtórny,1970.0,30.583333333333332
Bemowo,638900.0,42.0,2.0,10.0,11.0,do zamieszkania,wtórny,1978.0,35.28333333333333
Ochota,1490000.0,77.0,3.0,3.0,3.0,do zamieszkania,wtórny,2002.0,25.616666666666667
Bemowo,1060000.0,52.0,3.0,2.0,4.0,do zamieszkania,wtórny,2015.0,35.28333333333333
Mokotów,864000.0,48.07,2.0,3.0,6.0,do remontu,wtórny,1962.0,30.583333333333332
Białołęka,1057920.0,69.6,3.0,2.0,4.0,do zamieszkania,wtórny,2006.0,67.23333333333333
Bemowo,1099000.0,67.0,3.0,3.0,3.0,do zamieszkania,wtórny,2002.0,35.28333333333333
Bielany,826500.0,52.0,3.0,3.0,10.0,do zamieszkania,wtórny,1965.0,39.05
Wola,1640000.0,64.3,3.0,4.0,6.0,do zamieszkania,wtórny,2013.0,30.466666666666665
Wola,1723000.0,67.59,3.0,5.0,8.0,do zamieszkania,wtórny,2023.0,30.466666666666665
Bielany,1580000.0,80.0,4.0,6.0,6.0,do wykończenia,wtórny,2025.0,39.05
Białołęka,790000.0,61.0,3.0,3.0,3.0,do zamieszkania,wtórny,2019.0,67.2
Praga-Północ,1191300.0,57.0,2.0,1.0,5.0,do zamieszkania,wtórny,2009.0,25.75
Wola,635000.0,34.5,2.0,3.0,3.0,do zamieszkania,wtórny,1970.0,30.466666666666665
Mokotów,510000.0,24.0,1.0,2.0,5.0,do zamieszkania,wtórny,1953.0,30.583333333333332
Wilanów,1499000.0,72.0,3.0,3.0,4.0,do wykończenia,pierwotny,2024.0,62.43333333333333
Wilanów,1750000.0,84.4,3.0,1.0,4.0,do zamieszkania,wtórny,2012.0,62.43333333333333
Praga-Południe,920000.0,57.5,2.0,5.0,14.0,do zamieszkania,wtórny,2010.0,27.116666666666667
Mokotów,1530000.0,49.78,2.0,0.0,2.0,do wykończenia,pierwotny,2026.0,30.583333333333332
Wawer,960000.0,82.24,3.0,1.0,1.0,do wykończenia,pierwotny,2026.0,41.81666666666667
Mokotów,799000.0,70.23,5.0,2.0,3.0,do zamieszkania,wtórny,1986.0,30.583333333333332
Wola,849000.0,41.54,2.0,6.0,6.0,do zamieszkania,wtórny,1952.0,18.7
Bielany,630000.0,37.0,2.0,9.0,10.0,do zamieszkania,wtórny,1976.0,39.05
Bielany,599000.0,47.98,2.0,3.0,4.0,do remontu,wtórny,1968.0,39.05
Mokotów,1760000.0,89.63,3.0,3.0,6.0,do zamieszkania,wtórny,2011.0,30.583333333333332
Praga-Południe,550000.0,42.5,2.0,5.0,11.0,do remontu,wtórny,1970.0,33.06666666666667
Bielany,1580000.0,80.0,4.0,6.0,6.0,do wykończenia,wtórny,2025.0,39.05
Śródmieście,899000.0,43.1,2.0,5.0,8.0,do remontu,wtórny,1962.0,17.483333333333334
Ochota,584000.0,36.5,2.0,4.0,4.0,do zamieszkania,wtórny,1978.0,25.633333333333333
Praga-Południe,1290000.0,77.0,3.0,3.0,4.0,do zamieszkania,wtórny,2010.0,27.116666666666667
Mokotów,1959000.0,72.92,3.0,2.0,2.0,do zamieszkania,wtórny,2021.0,30.583333333333332
Bielany,670000.0,48.6,2.0,2.0,3.0,do zamieszkania,wtórny,1964.0,39.05
Bemowo,999000.0,56.8,2.0,3.0,3.0,do zamieszkania,wtórny,2013.0,35.28333333333333
Wilanów,2490000.0,110.0,4.0,1.0,4.0,do zamieszkania,wtórny,2012.0,62.43333333333333
Mokotów,1119000.0,60.0,3.0,4.0,6.0,do wykończenia,wtórny,2025.0,41.11666666666667
Wola,719000.0,48.86,2.0,0.0,11.0,do zamieszkania,wtórny,1967.0,24.633333333333333
Targówek,500000.0,33.0,2.0,2.0,2.0,do wykończenia,wtórny,2024.0,34.8
Wola,570000.0,31.5,2.0,2.0,3.0,do remontu,wtórny,1952.0,16.966666666666665
Żoliborz,1565000.0,71.0,3.0,1.0,6.0,do zamieszkania,wtórny,2015.0,26.516666666666666
Białołęka,970000.0,58.0,3.0,0.0,4.0,do zamieszkania,wtórny,2020.0,67.23333333333333
Targówek,780000.0,38.17,2.0,1.0,7.0,do zamieszkania,wtórny,2025.0,34.8
Ochota,668000.0,49.4,3.0,10.0,12.0,do remontu,wtórny,1975.0,25.633333333333333
Bemowo,665000.0,39.69,2.0,1.0,2.0,do zamieszkania,wtórny,2001.0,35.28333333333333
Ochota,560000.0,37.0,2.0,0.0,4.0,do remontu,wtórny,1968.0,25.633333333333333
Bielany,719000.0,48.0,3.0,2.0,4.0,do zamieszkania,wtórny,1971.0,39.05
Mokotów,1339842.0,67.16,3.0,1.0,3.0,do zamieszkania,wtórny,2017.0,40.36666666666667
Białołęka,690000.0,55.34,3.0,3.0,5.0,do wykończenia,pierwotny,2026.0,67.23333333333333
Wilanów,1780000.0,88.0,3.0,3.0,4.0,do zamieszkania,wtórny,2013.0,62.43333333333333
Praga-Południe,649000.0,47.0,2.0,1.0,3.0,do zamieszkania,wtórny,1954.0,27.116666666666667
Targówek,780000.0,38.17,2.0,1.0,7.0,do zamieszkania,wtórny,2025.0,34.8
Mokotów,499000.0,33.0,1.0,6.0,11.0,do remontu,wtórny,1980.0,30.583333333333332
Ursus,999000.0,61.09,3.0,1.0,3.0,do zamieszkania,wtórny,2019.0,26.083333333333332
Wola,680000.0,27.0,1.0,6.0,9.0,do zamieszkania,wtórny,1968.0,19.25
Białołęka,999000.0,67.16,3.0,0.0,2.0,do zamieszkania,wtórny,2014.0,67.23333333333333
Praga-Północ,1199000.0,100.0,5.0,0.0,6.0,do zamieszkania,wtórny,1970.0,38.916666666666664
Żoliborz,1249000.0,81.0,3.0,4.0,4.0,do remontu,wtórny,1985.0,26.5
Ochota,3699000.0,118.0,4.0,2.0,4.0,do zamieszkania,wtórny,2025.0,25.633333333333333
Bemowo,765000.0,43.31,2.0,3.0,4.0,do zamieszkania,wtórny,2019.0,35.28333333333333
Ursynów,949900.0,57.0,3.0,5.0,6.0,do wykończenia,pierwotny,2025.0,38.516666666666666
Mokotów,1655000.0,83.01,4.0,5.0,6.0,do zamieszkania,wtórny,2007.0,36.233333333333334
Praga-Północ,642484.0,45.72,2.0,4.0,7.0,do wykończenia,pierwotny,2025.0,38.916666666666664
Wawer,1440000.0,93.83,3.0,0.0,1.0,do zamieszkania,wtórny,2021.0,41.81666666666667
Praga-Północ,787800.0,30.3,1.0,4.0,6.0,do zamieszkania,wtórny,2020.0,38.916666666666664
Białołęka,650000.0,51.6,2.0,0.0,3.0,do zamieszkania,wtórny,2005.0,67.23333333333333
Bemowo,1140000.0,52.99,3.0,0.0,5.0,do zamieszkania,wtórny,2018.0,35.28333333333333
Ursus,590000.0,39.0,2.0,1.0,1.0,do zamieszkania,wtórny,2002.0,26.083333333333332
Śródmieście,3900000.0,149.3,4.0,4.0,11.0,do zamieszkania,wtórny,2010.0,13.15
Włochy,1335165.0,65.13,3.0,1.0,2.0,do zamieszkania,pierwotny,2024.0,36.9
Wola,1195000.0,38.65,2.0,4.0,9.0,do wykończenia,pierwotny,2025.0,13.416666666666666
Mokotów,756000.0,32.41,1.0,7.0,8.0,do zamieszkania,wtórny,2022.0,30.583333333333332
Wola,1930000.0,42.0,2.0,10.0,30.0,do zamieszkania,wtórny,2025.0,30.466666666666665
Mokotów,953343.0,53.52,3.0,1.0,7.0,do wykończenia,pierwotny,2026.0,30.583333333333332
Bemowo,1850000.0,106.27,4.0,5.0,5.0,do wykończenia,pierwotny,2026.0,35.28333333333333
Ursynów,840000.0,63.5,3.0,6.0,7.0,do zamieszkania,wtórny,1979.0,46.083333333333336
Mokotów,2290000.0,96.0,3.0,0.0,4.0,do zamieszkania,wtórny,1935.0,23.383333333333333
Śródmieście,1250000.0,57.0,2.0,2.0,4.0,do zamieszkania,wtórny,1958.0,14.883333333333333
Białołęka,586000.0,39.1,2.0,0.0,4.0,do zamieszkania,wtórny,2000.0,67.23333333333333
Śródmieście,1100000.0,65.34,3.0,3.0,6.0,do zamieszkania,wtórny,1961.0,12.55
Ursus,559000.0,37.31,1.0,1.0,7.0,do zamieszkania,wtórny,2002.0,26.083333333333332
Mokotów,913000.0,48.31,2.0,3.0,4.0,do zamieszkania,wtórny,1957.0,30.583333333333332
Włochy,679000.0,35.74,2.0,4.0,5.0,do zamieszkania,wtórny,2022.0,36.9
Praga-Południe,639000.0,46.9,3.0,5.0,11.0,do remontu,wtórny,1972.0,33.86666666666667
Ursus,670000.0,51.54,2.0,0.0,3.0,do wykończenia,wtórny,2025.0,26.083333333333332
Mokotów,899000.0,56.7,3.0,6.0,10.0,do zamieszkania,wtórny,1976.0,30.583333333333332
Ursus,467402.0,38.31,2.0,2.0,3.0,do wykończenia,pierwotny,2025.0,34.55
Mokotów,885000.0,54.7,3.0,1.0,10.0,do zamieszkania,wtórny,1978.0,30.583333333333332
Bielany,569000.0,46.3,2.0,3.0,10.0,do remontu,wtórny,1967.0,39.05
Włochy,1199000.0,60.03,3.0,2.0,3.0,do zamieszkania,wtórny,2024.0,36.9
Wola,723000.0,41.0,1.0,1.0,12.0,do wykończenia,pierwotny,2026.0,28.533333333333335
Ursynów,680000.0,33.0,2.0,3.0,8.0,do zamieszkania,wtórny,2008.0,46.1
Praga,790000.0,45.0,2.0,3.0,3.0,do zamieszkania,pierwotny,2025.0,29.783333333333335
Ursynów,840000.0,63.5,3.0,6.0,7.0,do zamieszkania,wtórny,1979.0,46.1
Wilanów,1099000.0,55.0,3.0,5.0,6.0,do zamieszkania,wtórny,2018.0,39.43333333333333
Wola,950000.0,56.0,2.0,6.0,6.0,do zamieszkania,wtórny,2008.0,27.05
Wola,1099000.0,70.0,3.0,10.0,16.0,do zamieszkania,wtórny,1992.0,30.466666666666665
Bemowo,2250000.0,90.24,4.0,1.0,5.0,do zamieszkania,wtórny,2025.0,35.28333333333333
Bemowo,990000.0,45.28,2.0,0.0,5.0,do zamieszkania,wtórny,2018.0,35.28333333333333
Mokotów,899999.0,50.4,2.0,1.0,4.0,do zamieszkania,wtórny,2012.0,30.583333333333332
Bemowo,399999.0,29.99,2.0,3.0,10.0,do remontu,wtórny,1975.0,35.28333333333333
Bemowo,899900.0,74.0,3.0,3.0,10.0,do remontu,wtórny,1992.0,35.28333333333333
Białołęka,1199900.0,82.97,3.0,1.0,3.0,do zamieszkania,wtórny,2016.0,67.23333333333333
Mokotów,939000.0,67.1,3.0,0.0,3.0,do zamieszkania,wtórny,1991.0,30.583333333333332
Wola,529900.0,29.0,1.0,1.0,2.0,do zamieszkania,wtórny,1937.0,30.466666666666665
Bielany,875000.0,57.4,2.0,0.0,3.0,do zamieszkania,wtórny,1938.0,39.05
Bielany,875000.0,60.41,3.0,2.0,6.0,do zamieszkania,wtórny,1980.0,39.05
Śródmieście,946747.0,52.6,3.0,9.0,15.0,do zamieszkania,wtórny,1972.0,13.733333333333333
Bielany,814899.0,37.21,2.0,0.0,7.0,do zamieszkania,wtórny,2018.0,39.05
Bielany,1558000.0,84.0,4.0,1.0,4.0,do zamieszkania,wtórny,1995.0,39.05
Mokotów,699000.0,50.74,3.0,5.0,10.0,do remontu,wtórny,1970.0,30.583333333333332
Ochota,1025000.0,49.66,2.0,1.0,3.0,do zamieszkania,wtórny,2018.0,25.716666666666665
Mokotów,585000.0,31.54,1.0,7.0,16.0,do zamieszkania,wtórny,1974.0,28.433333333333334
Praga-Północ,630552.0,36.66,2.0,0.0,8.0,do wykończenia,pierwotny,2026.0,38.916666666666664
Ochota,1540000.0,57.0,3.0,1.0,5.0,do zamieszkania,wtórny,1937.0,25.716666666666665
Wola,1817700.0,74.94,4.0,5.0,7.0,do wykończenia,pierwotny,2026.0,30.466666666666665
Wawer,553140.0,39.51,2.0,2.0,3.0,do wykończenia,pierwotny,2026.0,41.81666666666667
Białołęka,1140000.0,83.67,4.0,0.0,2.0,do zamieszkania,wtórny,2014.0,67.23333333333333
Wola,1095000.0,43.78,2.0,5.0,10.0,do zamieszkania,wtórny,2015.0,30.466666666666665
Białołęka,498450.0,33.23,2.0,5.0,5.0,do wykończenia,pierwotny,2026.0,67.23333333333333
Bielany,780000.0,56.0,2.0,1.0,5.0,do zamieszkania,wtórny,2009.0,39.05
Praga,564512.0,33.0,2.0,0.0,5.0,do wykończenia,pierwotny,2025.0,29.783333333333335
Białołęka,504044.0,39.44,2.0,1.0,2.0,do wykończenia,pierwotny,2025.0,67.23333333333333
Mokotów,675000.0,45.8,3.0,3.0,4.0,do zamieszkania,wtórny,1969.0,30.583333333333332
Praga,590000.0,48.0,3.0,10.0,10.0,do zamieszkania,wtórny,1975.0,23.1
Śródmieście,495000.0,20.85,1.0,6.0,6.0,do zamieszkania,wtórny,1967.0,36.233333333333334
Wola,1849000.0,68.76,3.0,10.0,12.0,do zamieszkania,wtórny,2019.0,20.216666666666665
Targówek,900000.0,58.0,2.0,4.0,8.0,do zamieszkania,wtórny,2001.0,34.8
Mokotów,1083000.0,56.3,2.0,0.0,6.0,do wykończenia,wtórny,2011.0,30.583333333333332
Ursynów,694999.0,31.44,2.0,2.0,7.0,do zamieszkania,wtórny,2017.0,46.1
Bielany,1037000.0,65.0,3.0,3.0,11.0,do zamieszkania,wtórny,2001.0,39.05
Śródmieście,770000.0,35.0,2.0,3.0,10.0,do zamieszkania,wtórny,1966.0,178.66666666666666
Białołęka,650000.0,44.66,2.0,0.0,4.0,do zamieszkania,wtórny,2021.0,67.23333333333333
Białołęka,790000.0,53.3,3.0,7.0,8.0,do zamieszkania,wtórny,2000.0,67.23333333333333
Mokotów,1499000.0,55.36,3.0,4.0,5.0,do zamieszkania,wtórny,1960.0,28.483333333333334
Bielany,765000.0,41.6,2.0,4.0,8.0,do zamieszkania,wtórny,2017.0,39.05
Praga,860000.0,50.2,2.0,1.0,3.0,do remontu,wtórny,1961.0,29.783333333333335
Bielany,690000.0,46.0,2.0,4.0,6.0,do zamieszkania,wtórny,1983.0,39.05
Ursynów,525000.0,33.0,1.0,2.0,10.0,do remontu,wtórny,1978.0,46.083333333333336
Wawer,1100000.0,79.0,3.0,2.0,2.0,do zamieszkania,wtórny,2007.0,41.81666666666667
Praga,989791.0,64.0,3.0,5.0,5.0,do wykończenia,pierwotny,2025.0,29.783333333333335
Ursus,800000.0,58.0,3.0,0.0,8.0,do wykończenia,pierwotny,2026.0,26.083333333333332
Wola,840000.0,36.0,2.0,7.0,9.0,do zamieszkania,wtórny,2019.0,30.466666666666665
Praga-Południe,480000.0,33.5,2.0,7.0,10.0,do remontu,wtórny,1965.0,27.116666666666667
Bielany,545000.0,36.89,1.0,8.0,8.0,do zamieszkania,wtórny,1960.0,39.05
Mokotów,675000.0,45.8,3.0,3.0,4.0,do zamieszkania,wtórny,1969.0,30.583333333333332
Praga-Południe,840000.0,69.6,3.0,7.0,10.0,do remontu,wtórny,1978.0,33.1
Wola,800000.0,37.0,2.0,2.0,9.0,do zamieszkania,wtórny,2018.0,30.466666666666665
Praga,787000.0,46.32,3.0,1.0,3.0,do wykończenia,wtórny,1963.0,29.783333333333335
Wola,619000.0,36.6,2.0,8.0,10.0,do zamieszkania,wtórny,1970.0,22.516666666666666
Ochota,2890000.0,120.77,5.0,0.0,4.0,do wykończenia,wtórny,1923.0,25.7
Mokotów,1230000.0,89.01,4.0,2.0,3.0,do remontu,wtórny,1993.0,30.583333333333332
Ursynów,690000.0,32.5,2.0,9.0,10.0,do zamieszkania,wtórny,2012.0,46.083333333333336
Białołęka,932000.0,63.0,3.0,2.0,2.0,do zamieszkania,wtórny,2025.0,67.23333333333333
Białołęka,840000.0,44.0,2.0,0.0,3.0,do zamieszkania,wtórny,2011.0,67.23333333333333
Białołęka,814999.0,59.75,3.0,3.0,5.0,do wykończenia,pierwotny,2024.0,67.23333333333333
Bemowo,565000.0,45.57,2.0,1.0,12.0,do wykończenia,wtórny,1981.0,35.28333333333333
Mokotów,715000.0,53.0,3.0,9.0,10.0,do remontu,wtórny,1974.0,30.583333333333332
Śródmieście,4900000.0,144.76,4.0,1.0,5.0,do wykończenia,pierwotny,2023.0,14.9
Wilanów,619000.0,28.0,1.0,0.0,4.0,do zamieszkania,wtórny,2019.0,62.43333333333333
Białołęka,690000.0,50.16,3.0,0.0,3.0,do remontu,wtórny,2017.0,67.23333333333333
Wawer,1181480.0,92.24,5.0,0.0,2.0,do wykończenia,wtórny,2025.0,41.81666666666667
Wilanów,1200000.0,52.92,2.0,1.0,4.0,do zamieszkania,wtórny,2013.0,62.43333333333333
Wola,749000.0,44.0,2.0,2.0,4.0,do zamieszkania,wtórny,1959.0,30.466666666666665
Ursynów,1049000.0,60.82,3.0,5.0,5.0,do zamieszkania,wtórny,2017.0,48.4
Targówek,990000.0,69.5,4.0,2.0,10.0,do zamieszkania,wtórny,1980.0,34.8
Praga-Południe,840000.0,69.6,3.0,7.0,10.0,do remontu,wtórny,1978.0,33.1
Włochy,594000.0,32.0,2.0,3.0,7.0,do zamieszkania,wtórny,2022.0,36.983333333333334
Mokotów,1615880.0,81.2,3.0,3.0,10.0,do zamieszkania,wtórny,2010.0,32.416666666666664
Mokotów,749000.0,52.5,3.0,6.0,10.0,do remontu,wtórny,1980.0,30.583333333333332
Praga-Północ,950000.0,66.0,3.0,5.0,10.0,do zamieszkania,wtórny,1988.0,38.916666666666664
Mokotów,487000.0,31.65,1.0,5.0,5.0,do wykończenia,pierwotny,2025.0,30.583333333333332
Żoliborz,2471000.0,99.7,4.0,8.0,10.0,do zamieszkania,wtórny,2014.0,26.466666666666665
Żoliborz,2750000.0,116.2,4.0,3.0,6.0,do zamieszkania,wtórny,2012.0,26.466666666666665
Wilanów,910000.0,44.0,2.0,3.0,4.0,do zamieszkania,wtórny,2010.0,62.43333333333333
Włochy,595000.0,32.79,2.0,3.0,7.0,do zamieszkania,wtórny,2022.0,30.783333333333335
Bielany,629000.0,49.0,2.0,4.0,4.0,do zamieszkania,wtórny,1969.0,39.05
Mokotów,877000.0,38.11,2.0,4.0,9.0,do zamieszkania,wtórny,2019.0,30.583333333333332
Wilanów,2599000.0,123.0,4.0,1.0,4.0,do zamieszkania,wtórny,2016.0,62.43333333333333
Praga,799000.0,51.1,2.0,10.0,11.0,do remontu,wtórny,1996.0,29.783333333333335
Praga,1099000.0,63.5,5.0,5.0,8.0,do zamieszkania,wtórny,2018.0,29.833333333333332
Ochota,899000.0,55.2,3.0,0.0,4.0,do zamieszkania,wtórny,1962.0,25.716666666666665
Praga,689000.0,32.5,1.0,2.0,6.0,do zamieszkania,wtórny,2013.0,29.783333333333335
Targówek,639000.0,37.5,2.0,5.0,10.0,do zamieszkania,wtórny,1965.0,34.8
Praga,385000.0,20.69,1.0,2.0,4.0,do zamieszkania,wtórny,1935.0,29.783333333333335
Ochota,629000.0,46.3,3.0,3.0,4.0,do remontu,wtórny,1975.0,25.716666666666665
Włochy,594000.0,32.0,2.0,3.0,7.0,do zamieszkania,wtórny,2022.0,37.03333333333333
Mokotów,699000.0,47.0,2.0,8.0,10.0,do wykończenia,wtórny,1978.0,30.583333333333332
Bielany,1499400.0,76.5,3.0,1.0,2.0,do zamieszkania,wtórny,2015.0,39.05
Mokotów,785000.0,33.92,1.0,6.0,8.0,do zamieszkania,wtórny,2022.0,30.583333333333332
Włochy,1004985.0,51.75,3.0,4.0,6.0,do zamieszkania,wtórny,2024.0,37.03333333333333
Mokotów,1038015.0,62.91,3.0,1.0,4.0,do wykończenia,pierwotny,2027.0,30.583333333333332
Wawer,1452832.0,87.52,4.0,1.0,5.0,do wykończenia,pierwotny,2026.0,41.81666666666667
Wola,2000000.0,87.38,3.0,5.0,5.0,do zamieszkania,wtórny,1914.0,16.6
Mokotów,1730000.0,120.0,4.0,1.0,3.0,do remontu,wtórny,1996.0,30.583333333333332
Śródmieście,1900000.0,61.72,3.0,3.0,5.0,do zamieszkania,wtórny,1910.0,16.25
Wola,949000.0,49.5,3.0,3.0,15.0,do zamieszkania,wtórny,1972.0,16.316666666666666
Ursynów,940000.0,66.0,3.0,1.0,4.0,do zamieszkania,wtórny,1980.0,46.083333333333336
Wilanów,870000.0,53.0,2.0,0.0,3.0,do wykończenia,wtórny,2011.0,62.43333333333333
Bielany,519000.0,26.0,2.0,10.0,11.0,do zamieszkania,wtórny,1980.0,35.1
Białołęka,818000.0,65.5,3.0,2.0,3.0,do zamieszkania,wtórny,2019.0,67.23333333333333
Praga-Północ,465000.0,25.38,1.0,1.0,10.0,do zamieszkania,wtórny,1973.0,25.9
Praga-Południe,467940.72,21.17,1.0,2.0,7.0,do zamieszkania,pierwotny,2025.0,27.683333333333334
Ursus,465000.0,26.17,1.0,4.0,7.0,do wykończenia,wtórny,2025.0,47.43333333333333
Mokotów,1437980.0,84.64,4.0,3.0,6.0,do wykończenia,pierwotny,2026.0,30.583333333333332
Mokotów,590000.0,42.5,2.0,1.0,4.0,do zamieszkania,wtórny,1973.0,30.583333333333332
Białołęka,564959.0,37.1,2.0,8.0,8.0,do wykończenia,pierwotny,2027.0,67.23333333333333
Ochota,2999000.0,101.54,4.0,2.0,4.0,do zamieszkania,wtórny,2025.0,25.733333333333334
Białołęka,660000.0,48.0,2.0,0.0,3.0,do zamieszkania,wtórny,2006.0,67.23333333333333
Białołęka,978000.0,82.0,3.0,0.0,3.0,do zamieszkania,wtórny,2008.0,67.23333333333333
Praga-Południe,1790000.0,104.0,5.0,6.0,9.0,do zamieszkania,wtórny,2007.0,25.733333333333334
Bemowo,890000.0,68.9,3.0,4.0,4.0,do remontu,wtórny,1991.0,35.28333333333333
Bemowo,1377000.0,70.0,3.0,2.0,5.0,do zamieszkania,wtórny,2025.0,35.28333333333333
Białołęka,411994.0,26.58,1.0,1.0,2.0,do wykończenia,pierwotny,2025.0,67.23333333333333
Wilanów,1250000.0,64.81,3.0,1.0,3.0,do zamieszkania,wtórny,2006.0,62.43333333333333
Białołęka,639000.0,38.0,2.0,1.0,2.0,do zamieszkania,wtórny,2020.0,67.23333333333333
Bielany,859000.0,45.75,2.0,5.0,9.0,do zamieszkania,wtórny,2017.0,39.05
Śródmieście,949000.0,46.49,2.0,2.0,8.0,do remontu,wtórny,1957.0,17.466666666666665
Wilanów,1830800.0,92.0,4.0,3.0,4.0,do zamieszkania,wtórny,2006.0,39.43333333333333
Białołęka,750000.0,48.11,2.0,4.0,4.0,do zamieszkania,wtórny,2015.0,67.23333333333333
Ursynów,399000.0,21.17,1.0,1.0,4.0,do zamieszkania,wtórny,2023.0,46.083333333333336
Włochy,594000.0,32.0,2.0,3.0,7.0,do zamieszkania,wtórny,2022.0,37.05
Ursynów,899000.0,55.1,2.0,3.0,10.0,do zamieszkania,wtórny,1982.0,46.083333333333336
Ursus,849000.0,55.0,3.0,5.0,7.0,do zamieszkania,wtórny,2011.0,26.083333333333332
Śródmieście,1490000.0,83.0,4.0,4.0,6.0,do zamieszkania,wtórny,2000.0,25.566666666666666
Praga-Północ,780000.0,56.0,3.0,3.0,4.0,do zamieszkania,wtórny,1975.0,32.25
Wawer,845000.0,140.0,4.0,1.0,2.0,do wykończenia,wtórny,2025.0,41.81666666666667
Praga,899000.0,57.32,3.0,0.0,4.0,do wykończenia,wtórny,2020.0,29.783333333333335
Praga,1470000.0,92.0,4.0,3.0,3.0,do wykończenia,wtórny,1938.0,20.633333333333333
Praga-Północ,949000.0,86.6,3.0,4.0,5.0,do wykończenia,wtórny,1995.0,32.25
Ochota,2999000.0,101.54,4.0,2.0,4.0,do zamieszkania,wtórny,2025.0,25.75
Praga-Północ,900000.0,58.9,3.0,2.0,5.0,do remontu,wtórny,2000.0,32.25
Praga,778081.5,43.59,2.0,2.0,5.0,do wykończenia,pierwotny,2025.0,32.96666666666667
Wilanów,1399000.0,58.0,2.0,3.0,3.0,do zamieszkania,wtórny,2008.0,62.43333333333333
Bielany,577000.0,45.3,2.0,10.0,11.0,do zamieszkania,wtórny,1980.0,39.05
Mokotów,917000.0,54.0,3.0,5.0,10.0,do zamieszkania,wtórny,1976.0,30.583333333333332
Wilanów,1089000.0,42.87,2.0,3.0,4.0,do zamieszkania,wtórny,2025.0,62.43333333333333
Targówek,725649.0,50.82,3.0,1.0,3.0,do wykończenia,pierwotny,2025.0,34.8
Śródmieście,2099000.0,85.5,3.0,5.0,6.0,do remontu,wtórny,2007.0,16.233333333333334
Wilanów,1780000.0,101.19,3.0,1.0,4.0,do zamieszkania,wtórny,2009.0,62.43333333333333
Śródmieście,770000.0,38.79,2.0,4.0,15.0,do zamieszkania,wtórny,1967.0,14.9
Ochota,1020000.0,48.8,2.0,6.0,11.0,do zamieszkania,wtórny,2009.0,22.583333333333332
Mokotów,1130000.0,54.04,2.0,5.0,7.0,do zamieszkania,wtórny,2017.0,30.583333333333332
Praga,1050000.0,74.0,3.0,6.0,6.0,do zamieszkania,wtórny,1999.0,32.96666666666667
Ochota,705000.0,47.0,2.0,3.0,4.0,do wykończenia,wtórny,1975.0,25.75
Praga-Południe,530000.0,27.64,2.0,0.0,5.0,do zamieszkania,wtórny,1939.0,23.066666666666666
Mokotów,647000.0,36.0,2.0,0.0,10.0,do zamieszkania,wtórny,1969.0,30.583333333333332
Praga,910000.0,44.71,2.0,2.0,5.0,do zamieszkania,wtórny,2023.0,32.96666666666667
Ursynów,1077000.0,66.2,2.0,1.0,3.0,do zamieszkania,wtórny,1998.0,46.083333333333336
Wola,1380000.0,42.28,2.0,9.0,16.0,do zamieszkania,wtórny,2021.0,30.466666666666665
Mokotów,429000.0,26.0,1.0,0.0,10.0,do remontu,wtórny,1975.0,30.583333333333332
Wola,768000.0,27.82,1.0,2.0,16.0,do zamieszkania,wtórny,2021.0,30.466666666666665
Białołęka,793681.0,66.14,4.0,1.0,2.0,do wykończenia,pierwotny,2025.0,67.23333333333333
Białołęka,520000.0,39.3,2.0,3.0,4.0,do zamieszkania,wtórny,1998.0,67.23333333333333
Białołęka,474563.0,34.69,2.0,2.0,2.0,do zamieszkania,pierwotny,2025.0,67.23333333333333
Białołęka,452731.0,34.69,2.0,1.0,2.0,do wykończenia,pierwotny,2025.0,67.23333333333333
Praga-Południe,939000.0,44.0,2.0,3.0,4.0,do zamieszkania,wtórny,1930.0,27.116666666666667
Włochy,756305.63,33.03,1.0,6.0,6.0,do zamieszkania,wtórny,2024.0,30.616666666666667
Wola,369000.0,19.5,1.0,0.0,2.0,do zamieszkania,wtórny,1930.0,30.466666666666665
Wawer,899000.0,76.0,4.0,1.0,2.0,do zamieszkania,wtórny,2024.0,41.81666666666667
Bielany,446000.0,28.0,1.0,0.0,4.0,do zamieszkania,wtórny,1974.0,39.05
Praga,699681.0,41.0,2.0,1.0,5.0,do wykończenia,pierwotny,2025.0,32.96666666666667
Wola,568400.0,28.7,1.0,2.0,10.0,do wykończenia,pierwotny,2025.0,30.466666666666665
Śródmieście,900000.0,40.4,2.0,4.0,8.0,do zamieszkania,wtórny,1951.0,15.216666666666667
Bielany,1680163.0,72.11,4.0,6.0,7.0,do wykończenia,pierwotny,2025.0,39.05
Bielany,716160.0,38.4,2.0,1.0,5.0,do wykończenia,pierwotny,2025.0,39.05
Ursynów,1077000.0,66.2,2.0,1.0,3.0,do zamieszkania,wtórny,1998.0,46.083333333333336
Mokotów,941206.0,58.46,3.0,2.0,5.0,do wykończenia,pierwotny,2025.0,30.583333333333332
Bielany,956130.0,54.95,3.0,1.0,5.0,do wykończenia,pierwotny,2026.0,39.05
Mokotów,940000.0,47.1,2.0,0.0,3.0,do zamieszkania,wtórny,1949.0,30.583333333333332
Wola,2990000.0,81.0,3.0,6.0,28.0,do zamieszkania,wtórny,2024.0,30.466666666666665
Wola,1140000.0,41.7,2.0,8.0,15.0,do zamieszkania,wtórny,2017.0,30.466666666666665
Bielany,709999.0,54.81,3.0,9.0,12.0,do wykończenia,wtórny,1974.0,39.05
Włochy,850500.0,63.0,3.0,4.0,4.0,do zamieszkania,wtórny,1984.0,35.9
Wawer,1630000.0,100.51,4.0,0.0,2.0,do zamieszkania,wtórny,2019.0,41.81666666666667
Mokotów,959000.0,67.0,3.0,1.0,4.0,do wykończenia,wtórny,2007.0,21.833333333333332
Żoliborz,390000.0,18.0,1.0,4.0,10.0,do zamieszkania,wtórny,1964.0,26.483333333333334
Praga-Południe,690000.0,64.0,3.0,8.0,19.0,do remontu,wtórny,1984.0,31.75
Mokotów,882664.0,42.9,2.0,4.0,9.0,do wykończenia,pierwotny,2025.0,30.583333333333332
Wilanów,1650000.0,83.86,3.0,1.0,4.0,do zamieszkania,wtórny,2006.0,62.43333333333333
Wawer,1460000.0,107.21,4.0,1.0,4.0,do wykończenia,wtórny,2024.0,41.81666666666667
Włochy,1052387.0,70.63,3.0,3.0,6.0,do wykończenia,pierwotny,2025.0,35.9
Targówek,765900.0,55.3,3.0,1.0,7.0,do wykończenia,pierwotny,2026.0,34.8
Śródmieście,1990000.0,72.0,3.0,3.0,6.0,do zamieszkania,wtórny,1952.0,19.55
Białołęka,1195000.0,79.0,4.0,8.0,8.0,do remontu,wtórny,2023.0,67.23333333333333
Śródmieście,829000.0,44.64,3.0,2.0,5.0,do zamieszkania,wtórny,1953.0,18.616666666666667
Targówek,799000.0,57.81,3.0,1.0,4.0,do remontu,wtórny,1976.0,34.8
Śródmieście,4128000.0,129.0,4.0,2.0,5.0,do zamieszkania,wtórny,1936.0,16.933333333333334
Śródmieście,2650000.0,101.0,3.0,1.0,4.0,do zamieszkania,wtórny,1904.0,14.9
Żoliborz,2365000.0,95.0,4.0,4.0,9.0,do zamieszkania,wtórny,2019.0,26.5
Mokotów,2690000.0,86.0,3.0,1.0,5.0,do zamieszkania,wtórny,2016.0,30.583333333333332
Bielany,2426870.0,91.58,3.0,1.0,2.0,do wykończenia,pierwotny,2025.0,26.033333333333335
Wilanów,2652000.0,102.0,3.0,1.0,2.0,do wykończenia,pierwotny,2025.0,62.43333333333333
Wola,1490000.0,37.63,2.0,4.0,8.0,do zamieszkania,wtórny,2020.0,20.3
Mokotów,1877000.0,74.51,3.0,3.0,4.0,do zamieszkania,wtórny,2024.0,30.583333333333332
Mokotów,2795022.0,100.18,4.0,2.0,3.0,do wykończenia,pierwotny,2026.0,30.583333333333332
Mokotów,1111536.0,44.64,2.0,1.0,2.0,do wykończenia,pierwotny,2026.0,30.583333333333332
Wilanów,3190000.0,133.6,5.0,3.0,3.0,do zamieszkania,pierwotny,2024.0,50.666666666666664
Śródmieście,1990000.0,72.0,3.0,3.0,6.0,do zamieszkania,wtórny,1952.0,19.566666666666666
Bielany,2252500.0,85.0,3.0,1.0,2.0,do wykończenia,pierwotny,2025.0,26.033333333333335
Białołęka,655545.0,47.85,2.0,2.0,3.0,do wykończenia,pierwotny,2027.0,79.21666666666667
Praga-Północ,1700000.0,61.0,3.0,3.0,3.0,do wykończenia,pierwotny,2025.0,32.25
Mokotów,2856500.0,145.41,4.0,8.0,6.0,do zamieszkania,wtórny,2000.0,30.583333333333332
Białołęka,525000.0,40.0,2.0,1.0,2.0,do wykończenia,wtórny,2025.0,79.21666666666667
Bielany,549000.0,37.48,2.0,3.0,4.0,do remontu,wtórny,1966.0,39.05
Śródmieście,1268000.0,56.7,3.0,6.0,6.0,do zamieszkania,wtórny,1966.0,19.733333333333334
Ursynów,1100000.0,71.0,5.0,0.0,4.0,do remontu,wtórny,1980.0,46.083333333333336
Bielany,609000.0,44.0,2.0,9.0,20.0,do remontu,wtórny,1982.0,39.05
Mokotów,745000.0,48.0,3.0,7.0,10.0,do zamieszkania,wtórny,1965.0,30.583333333333332
Praga-Północ,775000.0,54.5,2.0,3.0,5.0,do remontu,wtórny,1930.0,21.9
Mokotów,639000.0,42.2,2.0,8.0,10.0,do zamieszkania,wtórny,1975.0,30.583333333333332
Wola,699000.0,50.0,2.0,3.0,3.0,do zamieszkania,wtórny,1989.0,30.466666666666665
Ursynów,870000.0,49.0,2.0,7.0,8.0,do zamieszkania,pierwotny,2015.0,46.083333333333336
Bielany,2252500.0,85.0,3.0,1.0,2.0,do wykończenia,pierwotny,2025.0,26.033333333333335
Śródmieście,747000.0,41.0,2.0,8.0,15.0,do zamieszkania,wtórny,1972.0,13.15
Włochy,970542.0,59.91,3.0,2.0,4.0,do wykończenia,pierwotny,2026.0,43.233333333333334
Wawer,640456.0,45.67,2.0,1.0,5.0,do wykończenia,pierwotny,2026.0,41.81666666666667
Białołęka,1092204.0,106.78,4.0,1.0,3.0,do wykończenia,pierwotny,2025.0,79.21666666666667
Ursynów,569000.0,30.74,1.0,1.0,3.0,do zamieszkania,wtórny,1982.0,46.083333333333336
Mokotów,1150000.0,59.74,3.0,1.0,7.0,do zamieszkania,wtórny,2018.0,30.583333333333332
Wola,750000.0,46.2,2.0,1.0,4.0,do remontu,wtórny,1951.0,20.283333333333335
Bielany,999000.0,40.5,2.0,0.0,3.0,do zamieszkania,wtórny,2010.0,39.05
Bemowo,1158346.0,62.13,3.0,4.0,9.0,do wykończenia,pierwotny,2027.0,35.28333333333333
Praga,950000.0,61.0,3.0,3.0,5.0,do wykończenia,pierwotny,2026.0,32.96666666666667
Żoliborz,970000.0,51.5,3.0,9.0,9.0,do zamieszkania,wtórny,1965.0,26.616666666666667
Śródmieście,747000.0,41.0,2.0,8.0,15.0,do zamieszkania,wtórny,1972.0,13.15
Bielany,399000.0,17.5,1.0,4.0,4.0,do zamieszkania,wtórny,1967.0,39.05
Wola,689000.0,39.0,2.0,9.0,15.0,do zamieszkania,wtórny,1977.0,26.216666666666665
Włochy,1035000.0,45.52,2.0,3.0,8.0,do zamieszkania,wtórny,2025.0,29.5
Wilanów,1350000.0,85.68,3.0,0.0,5.0,do zamieszkania,wtórny,2008.0,62.43333333333333
Wola,760000.0,30.79,1.0,10.0,11.0,do zamieszkania,wtórny,2019.0,22.483333333333334
Włochy,595000.0,32.79,2.0,3.0,7.0,do zamieszkania,wtórny,2022.0,35.9
Praga,815000.0,51.0,3.0,2.0,3.0,do remontu,wtórny,1961.0,19.35
Białołęka,590000.0,41.35,2.0,1.0,4.0,do wykończenia,pierwotny,2025.0,79.21666666666667
Praga,920000.0,57.08,3.0,5.0,5.0,do wykończenia,pierwotny,2026.0,32.96666666666667
Praga,549000.0,31.62,1.0,1.0,5.0,do wykończenia,pierwotny,2026.0,32.96666666666667
Śródmieście,1365000.0,63.0,3.0,0.0,5.0,do zamieszkania,wtórny,1932.0,18.783333333333335
Wilanów,910000.0,44.0,2.0,3.0,4.0,do zamieszkania,wtórny,2010.0,62.43333333333333
Wola,920000.0,41.31,2.0,3.0,7.0,do zamieszkania,wtórny,2019.0,30.466666666666665
Bemowo,878525.0,55.92,3.0,1.0,5.0,do wykończenia,pierwotny,2025.0,35.28333333333333
Bemowo,898379.0,54.55,3.0,1.0,5.0,do wykończenia,pierwotny,2025.0,35.28333333333333
Mokotów,3150000.0,150.0,4.0,4.0,5.0,do zamieszkania,wtórny,2000.0,30.583333333333332
Śródmieście,2400000.0,144.0,4.0,3.0,9.0,do zamieszkania,wtórny,1998.0,15.8
Mokotów,430000.0,21.0,1.0,4.0,10.0,do zamieszkania,wtórny,1968.0,30.583333333333332
Ursus,763088.0,48.83,2.0,7.0,7.0,do wykończenia,pierwotny,2027.0,26.083333333333332
Praga-Południe,1550000.0,101.24,3.0,3.0,4.0,do zamieszkania,wtórny,2007.0,27.116666666666667
Ochota,744900.0,47.4,3.0,5.0,12.0,do wykończenia,wtórny,1969.0,11.5
Ursus,699000.0,45.8,2.0,6.0,7.0,do zamieszkania,wtórny,2004.0,26.083333333333332
Ursynów,940000.0,56.1,3.0,3.0,6.0,do zamieszkania,wtórny,1980.0,48.03333333333333
Wawer,619757.0,42.99,2.0,1.0,3.0,do wykończenia,pierwotny,2025.0,41.81666666666667
Śródmieście,650000.0,23.0,1.0,2.0,3.0,do zamieszkania,wtórny,1956.0,25.15
Śródmieście,799000.0,43.17,2.0,3.0,3.0,do zamieszkania,wtórny,1958.0,14.933333333333334
Praga-Północ,1550000.0,79.05,4.0,1.0,7.0,do zamieszkania,wtórny,2025.0,32.25
Targówek,626000.0,47.0,2.0,3.0,4.0,do zamieszkania,wtórny,2001.0,34.8
Ursus,1749000.0,133.5,4.0,3.0,4.0,do zamieszkania,wtórny,2006.0,37.016666666666666
Praga,399000.0,23.56,1.0,1.0,5.0,do remontu,wtórny,1956.0,32.96666666666667
Ochota,599000.0,30.0,1.0,1.0,4.0,do zamieszkania,wtórny,1900.0,11.5
Praga,1099000.0,50.0,2.0,1.0,5.0,do zamieszkania,wtórny,2020.0,39.15
Białołęka,449814.0,36.87,2.0,1.0,3.0,do wykończenia,pierwotny,2025.0,79.21666666666667
Białołęka,659000.0,51.15,2.0,0.0,5.0,do zamieszkania,wtórny,2009.0,79.21666666666667
Mokotów,639000.0,29.0,2.0,0.0,5.0,do remontu,wtórny,1906.0,30.583333333333332
Białołęka,724900.0,65.9,3.0,2.0,2.0,do wykończenia,pierwotny,2025.0,79.21666666666667
Ursus,670000.0,35.44,2.0,5.0,7.0,do zamieszkania,wtórny,2022.0,26.083333333333332
Wola,884450.0,46.55,2.0,5.0,7.0,do wykończenia,wtórny,1958.0,13.1
Wola,672000.0,32.0,2.0,2.0,10.0,do zamieszkania,wtórny,2019.0,22.483333333333334
Ursynów,1010000.0,57.2,2.0,1.0,3.0,do zamieszkania,wtórny,2004.0,48.03333333333333
Wola,988000.0,51.1,3.0,0.0,6.0,do zamieszkania,wtórny,2014.0,30.466666666666665
Ursus,810000.0,44.36,2.0,7.0,7.0,do zamieszkania,wtórny,2024.0,26.083333333333332
Mokotów,729000.0,41.32,2.0,9.0,11.0,do zamieszkania,wtórny,1972.0,30.583333333333332
Ursus,950000.0,62.0,4.0,2.0,4.0,do zamieszkania,wtórny,2000.0,26.083333333333332
Mokotów,799000.0,32.28,2.0,8.0,10.0,do zamieszkania,wtórny,2016.0,30.583333333333332
Wilanów,1271500.0,63.6,2.0,2.0,4.0,do wykończenia,wtórny,2009.0,62.43333333333333
Praga-Północ,849035.0,39.49,2.0,4.0,5.0,do wykończenia,pierwotny,2027.0,22.933333333333334
Żoliborz,463000.0,26.5,1.0,8.0,9.0,do remontu,wtórny,1966.0,24.4
Praga-Północ,719000.0,39.1,2.0,6.0,10.0,do zamieszkania,wtórny,1975.0,32.25
Praga,960000.0,63.7,3.0,5.0,8.0,do zamieszkania,wtórny,1982.0,32.96666666666667
Praga,467280.0,27.0,1.0,3.0,5.0,do wykończenia,pierwotny,2025.0,32.96666666666667
Praga,882369.0,61.0,3.0,1.0,5.0,do wykończenia,pierwotny,2025.0,32.96666666666667
Praga,689160.0,40.0,2.0,1.0,5.0,do wykończenia,pierwotny,2025.0,32.96666666666667
Ursus,875000.0,50.5,2.0,8.0,8.0,do zamieszkania,wtórny,2018.0,26.083333333333332
Białołęka,452733.0,34.69,2.0,1.0,2.0,do wykończenia,pierwotny,2025.0,79.21666666666667
Białołęka,449814.0,36.87,2.0,1.0,3.0,do wykończenia,pierwotny,2025.0,79.21666666666667
Bemowo,615000.0,43.1,2.0,0.0,6.0,do zamieszkania,wtórny,1990.0,35.28333333333333
Praga-Południe,1278000.0,71.0,3.0,3.0,7.0,do zamieszkania,wtórny,2019.0,27.116666666666667
Białołęka,862750.0,59.5,3.0,1.0,2.0,do wykończenia,pierwotny,2025.0,79.21666666666667
Ursynów,1500000.0,80.52,4.0,3.0,3.0,do zamieszkania,wtórny,2019.0,48.03333333333333
Praga-Północ,599000.0,25.62,1.0,0.0,4.0,do zamieszkania,wtórny,2025.0,32.25
Żoliborz,1250000.0,48.3,2.0,4.0,6.0,do zamieszkania,wtórny,2019.0,26.65
Targówek,585000.0,31.06,2.0,0.0,3.0,do zamieszkania,wtórny,2020.0,34.8
Ursus,729000.0,49.87,2.0,7.0,7.0,do zamieszkania,wtórny,2013.0,26.083333333333332
Mokotów,450772.0,18.37,1.0,5.0,8.0,do zamieszkania,pierwotny,2027.0,30.583333333333332
Białołęka,452704.5,34.69,2.0,2.0,2.0,do wykończenia,pierwotny,2025.0,79.21666666666667
Bielany,689000.0,36.32,2.0,4.0,4.0,do zamieszkania,wtórny,1964.0,39.05
Praga,699000.0,33.0,2.0,4.0,16.0,do zamieszkania,wtórny,1976.0,30.65
Ochota,1100000.0,48.15,2.0,1.0,4.0,do zamieszkania,wtórny,1964.0,25.683333333333334
Białołęka,474564.0,34.69,2.0,2.0,2.0,do zamieszkania,pierwotny,2025.0,76.73333333333333
Wola,599000.0,37.0,2.0,9.0,10.0,do zamieszkania,wtórny,1970.0,27.05
Praga,1060714.0,55.83,2.0,5.0,11.0,do zamieszkania,wtórny,2017.0,32.96666666666667
Praga-Południe,887594.0,57.08,3.0,1.0,7.0,do wykończenia,pierwotny,2026.0,27.116666666666667
Praga,3049000.0,155.3,4.0,10.0,15.0,do zamieszkania,wtórny,2009.0,32.96666666666667
Praga,1918504.0,95.93,4.0,3.0,4.0,do zamieszkania,wtórny,2022.0,32.96666666666667
Bielany,819000.0,56.9,5.0,0.0,15.0,do zamieszkania,wtórny,1981.0,39.05
Praga,1074203.0,56.54,3.0,2.0,11.0,do zamieszkania,wtórny,2017.0,32.96666666666667
Bemowo,615000.0,43.1,2.0,0.0,6.0,do zamieszkania,wtórny,1990.0,35.28333333333333
Bemowo,550000.0,35.55,2.0,4.0,12.0,do remontu,wtórny,1977.0,35.28333333333333
Ursus,800000.0,60.0,4.0,2.0,8.0,do wykończenia,pierwotny,2026.0,26.083333333333332
Wola,695000.0,35.0,2.0,4.0,1.0,do zamieszkania,wtórny,1938.0,26.983333333333334
Ursus,728096.0,60.0,4.0,0.0,8.0,do wykończenia,pierwotny,2026.0,26.083333333333332
Mokotów,713000.0,37.5,2.0,1.0,6.0,do wykończenia,pierwotny,2025.0,30.583333333333332
Śródmieście,2290000.0,105.0,3.0,4.0,4.0,do zamieszkania,wtórny,1913.0,10.833333333333334
Wola,1755000.0,65.0,2.0,10.0,16.0,do zamieszkania,wtórny,2018.0,26.216666666666665
Ochota,2449000.0,125.0,4.0,1.0,6.0,do zamieszkania,wtórny,2001.0,26.1
Białołęka,685000.0,51.16,2.0,4.0,4.0,do zamieszkania,wtórny,2012.0,76.73333333333333
Białołęka,849000.0,52.0,3.0,2.0,2.0,do zamieszkania,wtórny,2021.0,76.73333333333333
Śródmieście,2412800.0,120.64,4.0,5.0,5.0,do zamieszkania,wtórny,2005.0,13.95
Białołęka,452704.5,34.69,2.0,2.0,2.0,do wykończenia,pierwotny,2025.0,76.73333333333333
Żoliborz,3400000.0,150.16,5.0,1.0,2.0,do remontu,wtórny,1936.0,26.65
Praga-Południe,889850.0,48.1,2.0,4.0,4.0,do zamieszkania,wtórny,2013.0,27.116666666666667
Praga-Północ,1262000.0,66.5,3.0,4.0,4.0,do zamieszkania,wtórny,2004.0,32.25
Białołęka,452704.5,34.69,2.0,2.0,2.0,do wykończenia,pierwotny,2025.0,76.73333333333333
Białołęka,452704.5,34.69,2.0,2.0,2.0,do wykończenia,pierwotny,2025.0,76.73333333333333
Ursynów,1174000.0,65.25,3.0,6.0,7.0,do zamieszkania,wtórny,2015.0,49.36666666666667
Białołęka,452704.5,34.69,2.0,2.0,2.0,do wykończenia,pierwotny,2025.0,76.73333333333333
Mokotów,789032.0,51.91,3.0,0.0,5.0,do wykończenia,pierwotny,2027.0,30.583333333333332
Ursynów,1695000.0,96.52,4.0,3.0,3.0,do zamieszkania,wtórny,1997.0,49.36666666666667
Praga-Południe,565000.0,39.11,1.0,3.0,5.0,do zamieszkania,wtórny,1959.0,24.133333333333333
Białołęka,452704.5,34.69,2.0,2.0,2.0,do wykończenia,pierwotny,2025.0,76.73333333333333
Bemowo,499000.0,29.17,1.0,6.0,8.0,do zamieszkania,wtórny,1984.0,35.28333333333333
Ursynów,799000.0,52.0,2.0,4.0,6.0,do zamieszkania,wtórny,2002.0,49.36666666666667
Wola,981000.0,49.33,2.0,2.0,4.0,do zamieszkania,wtórny,2010.0,26.983333333333334
Białołęka,452704.5,34.69,2.0,2.0,2.0,do wykończenia,pierwotny,2025.0,56.9
Białołęka,452704.5,34.69,2.0,2.0,2.0,do wykończenia,pierwotny,2025.0,76.73333333333333
Wilanów,2650000.0,145.49,4.0,1.0,4.0,do zamieszkania,wtórny,2010.0,62.43333333333333
Mokotów,1100000.0,51.13,3.0,4.0,8.0,do zamieszkania,wtórny,2017.0,29.05
Mokotów,690000.0,38.0,2.0,2.0,4.0,do zamieszkania,wtórny,1960.0,29.05
Ursus,939000.0,83.5,4.0,0.0,2.0,do wykończenia,pierwotny,2026.0,26.083333333333332
Białołęka,899000.0,75.5,3.0,9.0,10.0,do zamieszkania,wtórny,1984.0,76.73333333333333
Białołęka,452704.5,34.69,2.0,2.0,2.0,do wykończenia,pierwotny,2025.0,76.73333333333333
Białołęka,915000.0,72.0,3.0,0.0,2.0,do zamieszkania,wtórny,1998.0,76.73333333333333
Ursus,949000.0,83.5,4.0,0.0,2.0,do wykończenia,pierwotny,2026.0,26.083333333333332
Mokotów,2140000.0,76.56,4.0,1.0,2.0,do zamieszkania,wtórny,2020.0,29.05
Praga-Północ,1233900.0,80.7,3.0,2.0,4.0,do zamieszkania,wtórny,1997.0,32.25
Mokotów,1299000.0,72.73,3.0,1.0,7.0,do zamieszkania,wtórny,2019.0,29.05
Targówek,680000.0,50.0,2.0,0.0,3.0,do remontu,wtórny,1998.0,34.8
Białołęka,950000.0,60.2,3.0,0.0,2.0,do zamieszkania,wtórny,2001.0,76.73333333333333
Mokotów,655000.0,35.41,1.0,0.0,2.0,do wykończenia,wtórny,2025.0,45.9
Wilanów,790000.0,44.01,2.0,0.0,4.0,do wykończenia,wtórny,2025.0,50.666666666666664
Praga-Północ,1180014.0,56.46,2.0,2.0,6.0,do wykończenia,pierwotny,2025.0,32.25
Praga,1147199.0,73.07,4.0,1.0,5.0,do wykończenia,pierwotny,2026.0,32.96666666666667
Praga,741588.0,43.0,2.0,4.0,5.0,do wykończenia,wtórny,2025.0,32.96666666666667
Praga,874972.0,57.0,3.0,1.0,5.0,do wykończenia,pierwotny,2025.0,32.96666666666667
Mokotów,3967806.0,116.0,4.0,2.0,2.0,do wykończenia,pierwotny,2024.0,29.05
Mokotów,950000.0,53.52,3.0,3.0,6.0,do wykończenia,pierwotny,2026.0,29.05
Mokotów,743450.0,37.54,2.0,1.0,6.0,do wykończenia,pierwotny,2026.0,29.05
Praga-Południe,895000.0,60.62,3.0,1.0,4.0,do zamieszkania,wtórny,2014.0,35.56666666666667
Śródmieście,1770000.0,105.2,3.0,4.0,12.0,do zamieszkania,wtórny,1998.0,13.766666666666667
Ursus,949000.0,83.5,4.0,0.0,2.0,do wykończenia,pierwotny,2026.0,26.083333333333332
Mokotów,699000.0,36.6,2.0,10.0,12.0,do zamieszkania,wtórny,1969.0,29.05
Wola,519000.0,26.4,2.0,10.0,15.0,do zamieszkania,wtórny,1969.0,18.75
Mokotów,669000.0,37.3,1.0,5.0,10.0,do remontu,wtórny,1968.0,29.05
Włochy,669000.0,37.25,2.0,2.0,3.0,do zamieszkania,wtórny,1938.0,35.9
Ochota,970000.0,49.0,3.0,2.0,3.0,do zamieszkania,wtórny,1960.0,25.6
Mokotów,485093.0,30.15,1.0,1.0,4.0,do wykończenia,pierwotny,2025.0,29.05
Śródmieście,780000.0,38.8,2.0,6.0,15.0,do zamieszkania,wtórny,1970.0,17.5
Włochy,1999000.0,79.52,4.0,1.0,4.0,do zamieszkania,wtórny,2024.0,35.9
Bemowo,793770.6,46.55,2.0,1.0,5.0,do wykończenia,pierwotny,2025.0,35.28333333333333
Wilanów,1660000.0,83.0,3.0,2.0,3.0,do zamieszkania,wtórny,2012.0,62.43333333333333
Mokotów,1099000.0,52.0,2.0,8.0,8.0,do zamieszkania,wtórny,2017.0,29.05
Śródmieście,640000.0,30.16,2.0,2.0,5.0,do zamieszkania,wtórny,1953.0,25.683333333333334
Bielany,947000.0,50.0,2.0,0.0,3.0,do wykończenia,wtórny,1952.0,39.05
Praga,530000.0,28.32,2.0,2.0,4.0,do zamieszkania,wtórny,1930.0,32.96666666666667
Białołęka,1221347.22,123.39,3.0,0.0,3.0,do wykończenia,pierwotny,2025.0,76.73333333333333
Włochy,539000.0,31.66,1.0,1.0,7.0,do zamieszkania,wtórny,2021.0,35.9
Targówek,1100000.0,89.9,3.0,2.0,2.0,do zamieszkania,wtórny,1935.0,34.8
Mokotów,1550000.0,69.05,3.0,2.0,6.0,do zamieszkania,wtórny,2020.0,29.05
Wola,840000.0,35.86,2.0,7.0,9.0,do zamieszkania,wtórny,2019.0,30.466666666666665
Mokotów,698000.0,39.05,2.0,10.0,12.0,do zamieszkania,wtórny,1974.0,29.05
Praga,825000.0,45.0,2.0,10.0,18.0,do zamieszkania,wtórny,2004.0,35.68333333333333
Praga,940000.0,63.5,3.0,6.0,10.0,do zamieszkania,wtórny,1975.0,32.96666666666667
Wilanów,1890000.0,124.5,4.0,4.0,4.0,do zamieszkania,wtórny,1996.0,62.43333333333333
Wola,699000.0,30.0,1.0,4.0,7.0,do zamieszkania,wtórny,2017.0,30.466666666666665
Wola,1265000.0,44.3,2.0,10.0,22.0,do zamieszkania,wtórny,2010.0,13.15
Wilanów,1115000.0,65.54,2.0,3.0,4.0,do zamieszkania,wtórny,2007.0,62.43333333333333
Praga,895000.0,66.8,3.0,3.0,5.0,do zamieszkania,wtórny,2002.0,32.06666666666667
Praga,1310000.0,84.6,4.0,3.0,3.0,do zamieszkania,wtórny,1997.0,32.96666666666667
Mokotów,949999.0,58.5,3.0,4.0,10.0,do zamieszkania,wtórny,1973.0,28.966666666666665
Bielany,710000.0,55.0,3.0,10.0,10.0,do wykończenia,wtórny,1979.0,39.05
Bielany,650000.0,51.0,3.0,9.0,10.0,do zamieszkania,wtórny,1973.0,39.05
Wola,449000.0,22.19,1.0,6.0,10.0,do zamieszkania,wtórny,1964.0,27.05
Mokotów,570000.0,42.42,2.0,10.0,10.0,do remontu,wtórny,1973.0,28.966666666666665
Mokotów,980000.0,66.25,2.0,0.0,5.0,do zamieszkania,wtórny,1938.0,23.983333333333334
Białołęka,504043.0,40.0,3.0,2.0,2.0,do wykończenia,pierwotny,2025.0,76.73333333333333
Mokotów,1135000.0,50.0,2.0,5.0,5.0,do zamieszkania,wtórny,2019.0,29.016666666666666
Praga,998000.0,84.0,4.0,2.0,19.0,do zamieszkania,wtórny,1983.0,31.75
Białołęka,1221347.22,123.39,3.0,0.0,3.0,do wykończenia,pierwotny,2025.0,76.73333333333333
Śródmieście,515000.0,22.27,1.0,3.0,4.0,do wykończenia,wtórny,1912.0,12.05
Praga,720000.0,48.0,2.0,2.0,3.0,do zamieszkania,wtórny,1952.0,32.96666666666667
Bemowo,620000.0,34.1,1.0,0.0,14.0,do zamieszkania,wtórny,2008.0,41.733333333333334
Ursus,783000.0,60.0,3.0,1.0,8.0,do wykończenia,pierwotny,2026.0,26.083333333333332
Wilanów,689000.0,27.0,1.0,3.0,4.0,do zamieszkania,wtórny,2024.0,62.43333333333333
Wilanów,699000.0,25.0,1.0,4.0,4.0,do zamieszkania,wtórny,2024.0,62.43333333333333
Mokotów,970000.0,57.1,2.0,1.0,4.0,do wykończenia,wtórny,2024.0,29.016666666666666
Mokotów,759000.0,48.2,3.0,4.0,10.0,do remontu,wtórny,1968.0,29.016666666666666
Praga,992224.0,57.09,3.0,4.0,5.0,do wykończenia,pierwotny,2026.0,32.96666666666667
Włochy,388000.0,24.24,1.0,0.0,1.0,do zamieszkania,wtórny,1938.0,35.9
Ursus,574000.0,25.75,2.0,6.0,7.0,do zamieszkania,wtórny,2025.0,26.083333333333332
Mokotów,1099000.0,45.0,2.0,0.0,8.0,do zamieszkania,wtórny,2023.0,23.833333333333332
Praga-Południe,739900.0,51.0,3.0,2.0,12.0,do zamieszkania,wtórny,1983.0,25.733333333333334
Wola,1340000.0,60.49,3.0,5.0,6.0,do zamieszkania,wtórny,2015.0,30.466666666666665
Wawer,799000.0,67.0,3.0,2.0,2.0,do wykończenia,wtórny,2025.0,41.81666666666667
Białołęka,720000.0,55.0,3.0,1.0,3.0,do wykończenia,pierwotny,2025.0,56.9
Ursus,600000.0,38.2,2.0,5.0,7.0,do zamieszkania,wtórny,2003.0,26.083333333333332
Wilanów,1549000.0,75.0,3.0,3.0,4.0,do zamieszkania,wtórny,2008.0,62.43333333333333
Wawer,798000.0,67.0,3.0,2.0,2.0,do zamieszkania,wtórny,2025.0,41.81666666666667
Wola,899000.0,58.0,3.0,1.0,10.0,do remontu,wtórny,1975.0,15.8
Włochy,1350000.0,78.0,3.0,2.0,7.0,do zamieszkania,wtórny,2012.0,35.9
Wawer,1687000.0,122.0,5.0,1.0,2.0,do zamieszkania,wtórny,2008.0,41.81666666666667
Wola,869000.0,54.0,3.0,1.0,4.0,do zamieszkania,wtórny,1964.0,30.466666666666665
Wola,1049000.0,57.0,3.0,10.0,16.0,do zamieszkania,wtórny,1972.0,20.216666666666665
Wola,1470000.0,71.0,3.0,6.0,6.0,do zamieszkania,wtórny,2008.0,30.466666666666665
Wola,1490000.0,83.0,4.0,4.0,6.0,do zamieszkania,wtórny,2000.0,22.566666666666666
Wola,899000.0,54.01,3.0,4.0,5.0,do zamieszkania,wtórny,1960.0,26.983333333333334
Wola,1205000.0,53.0,3.0,8.0,8.0,do zamieszkania,wtórny,2017.0,30.466666666666665
Żoliborz,639000.0,41.1,2.0,0.0,10.0,do zamieszkania,wtórny,1976.0,28.4
Białołęka,570000.0,30.5,1.0,3.0,3.0,do zamieszkania,wtórny,2012.0,76.73333333333333
Praga,765000.0,46.9,3.0,5.0,11.0,do wykończenia,wtórny,1979.0,32.96666666666667
Ursynów,990000.0,60.0,3.0,1.0,4.0,do zamieszkania,wtórny,1980.0,48.666666666666664
Białołęka,950000.0,58.33,3.0,5.0,6.0,do zamieszkania,wtórny,2019.0,76.73333333333333
Bielany,660000.0,48.0,3.0,3.0,4.0,do remontu,wtórny,1970.0,39.05
Wola,1680000.0,60.57,2.0,6.0,7.0,do zamieszkania,wtórny,2011.0,30.466666666666665
Praga-Północ,1050000.0,64.0,3.0,0.0,5.0,do wykończenia,wtórny,2018.0,32.25
Żoliborz,500000.0,21.0,1.0,0.0,2.0,do zamieszkania,wtórny,1953.0,28.4
Praga,1990000.0,80.0,3.0,2.0,2.0,do zamieszkania,wtórny,1932.0,16.3
Bielany,765000.0,51.0,3.0,10.0,10.0,do zamieszkania,wtórny,1970.0,39.05
Wilanów,799000.0,34.92,2.0,2.0,3.0,do zamieszkania,wtórny,2018.0,62.43333333333333
Praga,999999.0,61.19,3.0,2.0,4.0,do wykończenia,wtórny,2025.0,32.96666666666667
Praga,700000.0,32.0,2.0,1.0,2.0,do zamieszkania,wtórny,1961.0,32.96666666666667
Praga,2684500.0,90.8,4.0,5.0,9.0,do wykończenia,wtórny,2008.0,32.96666666666667
Śródmieście,1299999.0,41.0,2.0,6.0,8.0,do zamieszkania,wtórny,2017.0,13.15
Praga,637500.0,37.5,2.0,8.0,10.0,do wykończenia,wtórny,1970.0,25.933333333333334
Bielany,459000.0,24.41,1.0,1.0,4.0,do zamieszkania,wtórny,2022.0,37.0
Bemowo,995000.0,66.4,2.0,3.0,3.0,do zamieszkania,wtórny,2005.0,35.28333333333333
Bemowo,989000.0,73.5,3.0,1.0,3.0,do zamieszkania,wtórny,1977.0,35.28333333333333
Wilanów,1790000.0,92.2,3.0,2.0,4.0,do zamieszkania,wtórny,2014.0,49.483333333333334
Żoliborz,1069000.0,51.0,2.0,3.0,4.0,do zamieszkania,wtórny,1960.0,31.9
Wola,930000.0,49.0,3.0,2.0,7.0,do zamieszkania,wtórny,1961.0,18.866666666666667
Praga,625000.0,33.0,1.0,4.0,4.0,do zamieszkania,wtórny,1939.0,32.96666666666667
Praga,1299000.0,100.0,3.0,1.0,4.0,do zamieszkania,wtórny,2000.0,32.96666666666667
Żoliborz,2280000.0,91.5,3.0,2.0,6.0,do zamieszkania,wtórny,2015.0,31.9
Białołęka,580000.0,36.87,2.0,1.0,3.0,do wykończenia,wtórny,2024.0,76.73333333333333
Żoliborz,1599000.0,78.0,3.0,1.0,10.0,do zamieszkania,wtórny,1994.0,31.9
Śródmieście,1150000.0,36.0,2.0,7.0,8.0,do zamieszkania,wtórny,2017.0,13.15
Praga,1505000.0,75.7,3.0,2.0,6.0,do zamieszkania,wtórny,2017.0,32.96666666666667
Mokotów,1350000.0,69.13,3.0,5.0,8.0,do zamieszkania,wtórny,2017.0,29.0
Praga,1200000.0,75.69,3.0,2.0,6.0,do zamieszkania,wtórny,1920.0,30.65
Wilanów,3600000.0,178.81,5.0,0.0,3.0,do zamieszkania,wtórny,2005.0,62.43333333333333
Targówek,449000.0,32.5,1.0,0.0,10.0,do zamieszkania,wtórny,1970.0,34.8
Ursus,619000.0,40.5,2.0,1.0,8.0,do wykończenia,pierwotny,2026.0,26.083333333333332
Śródmieście,840000.0,27.0,2.0,4.0,10.0,do zamieszkania,wtórny,1968.0,21.3
Mokotów,820000.0,48.49,3.0,1.0,4.0,do zamieszkania,wtórny,1975.0,29.0
Praga,999999.0,61.19,3.0,2.0,4.0,do wykończenia,wtórny,2025.0,32.96666666666667
Praga-Południe,759000.0,39.98,2.0,2.0,4.0,do wykończenia,pierwotny,2025.0,27.116666666666667
Bemowo,675000.0,41.2,2.0,10.0,10.0,do zamieszkania,wtórny,1982.0,35.28333333333333
Ochota,900000.0,62.2,3.0,10.0,12.0,do remontu,wtórny,1978.0,25.616666666666667
Białołęka,411991.0,26.58,1.0,1.0,2.0,do wykończenia,pierwotny,2025.0,76.73333333333333
Mokotów,849000.0,43.94,2.0,0.0,2.0,do zamieszkania,wtórny,2017.0,45.9
Białołęka,889000.0,56.5,3.0,1.0,4.0,do zamieszkania,wtórny,2023.0,67.2
Wola,760000.0,55.06,3.0,10.0,10.0,do remontu,wtórny,1975.0,30.466666666666665
Białołęka,452730.0,34.69,2.0,1.0,2.0,do wykończenia,pierwotny,2025.0,76.73333333333333
Bielany,769000.0,56.8,3.0,0.0,15.0,do zamieszkania,wtórny,1981.0,39.05
Białołęka,555000.0,41.0,2.0,0.0,4.0,do zamieszkania,wtórny,2001.0,76.73333333333333
Praga,680000.0,39.75,2.0,1.0,5.0,do zamieszkania,wtórny,2022.0,32.96666666666667
Ursus,1779000.0,94.0,4.0,3.0,6.0,do zamieszkania,wtórny,2025.0,26.083333333333332
Ursynów,1350000.0,70.0,3.0,0.0,1.0,do zamieszkania,wtórny,2001.0,48.666666666666664
Wilanów,1350000.0,70.0,3.0,0.0,4.0,do zamieszkania,wtórny,2016.0,62.43333333333333
Mokotów,599955.0,27.0,2.0,6.0,10.0,do zamieszkania,wtórny,1974.0,29.0
Białołęka,411990.0,26.58,1.0,0.0,2.0,do wykończenia,pierwotny,2024.0,76.73333333333333
Białołęka,637000.0,49.0,3.0,1.0,3.0,do zamieszkania,wtórny,2017.0,76.73333333333333
Ochota,2175000.0,75.0,3.0,5.0,5.0,do zamieszkania,wtórny,2018.0,31.833333333333332
Praga-Północ,979000.0,63.0,3.0,6.0,6.0,do zamieszkania,wtórny,1967.0,32.25
Wilanów,1190000.0,56.0,3.0,1.0,4.0,do zamieszkania,wtórny,2009.0,47.333333333333336
Praga,449000.0,29.28,1.0,7.0,7.0,do remontu,wtórny,1980.0,32.96666666666667
Bemowo,675000.0,41.2,2.0,10.0,10.0,do zamieszkania,wtórny,1982.0,35.28333333333333
Wawer,1050000.0,71.0,3.0,0.0,1.0,do zamieszkania,wtórny,2012.0,41.81666666666667
Mokotów,685000.0,29.47,1.0,1.0,5.0,do zamieszkania,wtórny,2025.0,25.05
Bemowo,1235000.0,58.1,3.0,4.0,5.0,do zamieszkania,pierwotny,2025.0,35.28333333333333
Żoliborz,849000.0,41.5,2.0,1.0,11.0,do zamieszkania,wtórny,1980.0,31.9
Mokotów,820000.0,39.0,2.0,9.0,10.0,do zamieszkania,wtórny,1968.0,29.0
Praga,389000.0,23.0,1.0,0.0,10.0,do zamieszkania,wtórny,1966.0,32.96666666666667
Praga,778000.0,57.0,3.0,5.0,10.0,do remontu,wtórny,1976.0,32.96666666666667
Praga,570000.0,33.0,2.0,7.0,12.0,do remontu,wtórny,1977.0,32.96666666666667
Praga,499000.0,30.0,1.0,2.0,11.0,do zamieszkania,wtórny,1978.0,32.96666666666667
Ochota,1140000.0,33.0,1.0,0.0,4.0,do zamieszkania,wtórny,1926.0,25.616666666666667
Praga,490000.0,32.0,2.0,4.0,4.0,do zamieszkania,wtórny,1960.0,32.96666666666667
Targówek,690000.0,44.7,2.0,2.0,12.0,do zamieszkania,wtórny,1977.0,34.8
Praga-Południe,530000.0,27.64,2.0,0.0,5.0,do zamieszkania,wtórny,1939.0,24.133333333333333
Mokotów,749000.0,42.86,2.0,0.0,10.0,do zamieszkania,wtórny,1980.0,29.0
Praga,680000.0,61.0,3.0,6.0,12.0,do remontu,wtórny,1978.0,32.96666666666667
Mokotów,1050000.0,38.9,2.0,8.0,10.0,do zamieszkania,wtórny,2023.0,29.0
Mokotów,752000.0,28.94,1.0,8.0,10.0,do zamieszkania,wtórny,2023.0,29.0
Ursynów,1050000.0,38.9,2.0,8.0,10.0,do zamieszkania,wtórny,2023.0,48.666666666666664
Ursynów,752000.0,28.94,1.0,8.0,10.0,do zamieszkania,wtórny,2023.0,48.666666666666664
Bemowo,991000.0,55.7,2.0,1.0,5.0,do zamieszkania,wtórny,2006.0,35.28333333333333
Białołęka,847000.0,58.65,3.0,3.0,3.0,do zamieszkania,wtórny,2020.0,76.73333333333333
Śródmieście,858000.0,43.0,2.0,3.0,5.0,do zamieszkania,wtórny,2005.0,13.783333333333333
Mokotów,780000.0,52.0,3.0,9.0,10.0,do zamieszkania,wtórny,1975.0,29.0
Praga,639000.0,32.11,1.0,1.0,4.0,do zamieszkania,wtórny,1958.0,25.95
Wola,935000.0,46.8,3.0,2.0,11.0,do zamieszkania,wtórny,1967.0,22.616666666666667
Ursynów,969000.0,68.0,3.0,9.0,10.0,do zamieszkania,wtórny,1978.0,48.666666666666664
Ursus,450000.0,26.25,1.0,4.0,8.0,do wykończenia,wtórny,2025.0,29.95
Wola,2769000.0,71.0,3.0,9.0,9.0,do zamieszkania,wtórny,2025.0,30.466666666666665
Ursus,1199000.0,86.09,4.0,7.0,7.0,do wykończenia,pierwotny,2025.0,26.083333333333332
Śródmieście,620000.0,30.3,1.0,5.0,8.0,do remontu,wtórny,1980.0,19.366666666666667
Mokotów,550000.0,29.0,1.0,3.0,6.0,do zamieszkania,wtórny,1968.0,29.0
Mokotów,585000.0,34.7,1.0,2.0,4.0,do remontu,wtórny,1959.0,29.233333333333334
Wawer,799000.0,79.87,4.0,1.0,2.0,do wykończenia,pierwotny,2025.0,41.81666666666667
Wilanów,1240000.0,73.26,3.0,0.0,4.0,do zamieszkania,wtórny,2007.0,73.38333333333334
Praga-Południe,1340000.0,101.1,5.0,2.0,4.0,do zamieszkania,wtórny,1993.0,27.116666666666667
Mokotów,659000.0,46.16,2.0,2.0,4.0,do zamieszkania,wtórny,1954.0,29.716666666666665
Praga-Południe,949000.0,86.6,3.0,4.0,5.0,do remontu,wtórny,1995.0,27.116666666666667
Mokotów,1740000.0,62.43,3.0,3.0,4.0,do zamieszkania,wtórny,2010.0,29.016666666666666
Wola,920000.0,49.67,2.0,2.0,4.0,do zamieszkania,wtórny,1953.0,24.55
Białołęka,847000.0,58.65,3.0,3.0,3.0,do zamieszkania,wtórny,2020.0,76.73333333333333
Ursynów,599000.0,32.0,1.0,4.0,7.0,do zamieszkania,wtórny,2015.0,48.68333333333333
Wola,1349000.0,61.8,3.0,5.0,10.0,do zamieszkania,wtórny,2015.0,30.466666666666665
Białołęka,715000.0,56.5,3.0,2.0,3.0,do zamieszkania,wtórny,2012.0,76.73333333333333
Białołęka,1175000.0,73.5,3.0,1.0,3.0,do zamieszkania,wtórny,2024.0,76.73333333333333
Włochy,799000.0,43.2,2.0,3.0,6.0,do wykończenia,pierwotny,2025.0,29.466666666666665
Targówek,889000.0,59.4,4.0,0.0,13.0,do zamieszkania,wtórny,1976.0,34.8
Wawer,1049000.0,66.66,4.0,1.0,2.0,do zamieszkania,wtórny,2014.0,41.81666666666667
Praga-Południe,835000.0,70.21,3.0,0.0,4.0,do zamieszkania,wtórny,1996.0,27.116666666666667
Wawer,870000.0,58.5,3.0,3.0,3.0,do zamieszkania,wtórny,2013.0,41.81666666666667
Mokotów,470000.0,25.5,1.0,4.0,4.0,do zamieszkania,wtórny,1995.0,29.016666666666666
Bemowo,620000.0,32.06,1.0,3.0,3.0,do zamieszkania,wtórny,2018.0,35.28333333333333
Wola,790000.0,70.6,3.0,6.0,9.0,do remontu,wtórny,1993.0,26.216666666666665
Ursus,785000.0,45.09,2.0,4.0,7.0,do zamieszkania,wtórny,2023.0,26.083333333333332
Białołęka,1399000.0,110.16,6.0,0.0,1.0,do zamieszkania,wtórny,2020.0,76.73333333333333
Włochy,2450000.0,110.0,4.0,5.0,5.0,do zamieszkania,wtórny,2020.0,35.9
Ursynów,799000.0,64.0,3.0,0.0,10.0,do remontu,wtórny,1972.0,48.68333333333333
Bemowo,980000.0,67.5,3.0,4.0,5.0,do wykończenia,pierwotny,2027.0,35.28333333333333
Śródmieście,840000.0,41.17,1.0,1.0,4.0,do zamieszkania,wtórny,1952.0,21.533333333333335
Wilanów,2450000.0,98.69,3.0,1.0,3.0,do zamieszkania,wtórny,2007.0,73.3
Wola,5662930.0,130.0,4.0,10.0,28.0,do zamieszkania,wtórny,2021.0,13.15
Wola,639000.0,33.0,2.0,0.0,6.0,do zamieszkania,wtórny,1920.0,30.466666666666665
Bemowo,945000.0,57.0,3.0,1.0,4.0,do wykończenia,wtórny,2025.0,35.28333333333333
Ursus,440000.0,26.17,1.0,4.0,8.0,do wykończenia,pierwotny,2025.0,26.083333333333332
Mokotów,549000.0,38.0,2.0,3.0,10.0,do zamieszkania,wtórny,1970.0,29.016666666666666
Wola,1150000.0,56.0,3.0,6.0,7.0,do zamieszkania,wtórny,2018.0,30.466666666666665
Ochota,620000.0,37.5,2.0,1.0,5.0,do zamieszkania,wtórny,1951.0,19.4
Targówek,430000.0,29.0,2.0,3.0,4.0,do zamieszkania,wtórny,1973.0,34.8
Włochy,1097000.0,68.5,3.0,1.0,4.0,do zamieszkania,wtórny,2006.0,35.9
Mokotów,898000.0,57.4,3.0,1.0,4.0,do remontu,wtórny,1935.0,29.016666666666666
Włochy,769500.0,43.22,3.0,2.0,3.0,do wykończenia,pierwotny,2024.0,35.9
Bielany,819000.0,62.22,3.0,2.0,2.0,do wykończenia,wtórny,2025.0,39.05
Włochy,456000.0,25.62,1.0,1.0,4.0,do wykończenia,pierwotny,2024.0,35.9
Wola,916500.0,47.0,3.0,3.0,10.0,do zamieszkania,wtórny,1965.0,16.033333333333335
Włochy,585000.0,35.6,2.0,3.0,5.0,do wykończenia,wtórny,2025.0,35.9
Bielany,850000.0,45.1,2.0,2.0,4.0,do zamieszkania,wtórny,2017.0,39.05
Śródmieście,1268000.0,56.7,2.0,6.0,6.0,do zamieszkania,wtórny,1966.0,18.466666666666665
Białołęka,525000.0,40.55,2.0,1.0,3.0,do wykończenia,wtórny,2024.0,76.73333333333333
Wola,750000.0,46.13,2.0,9.0,11.0,do zamieszkania,wtórny,1980.0,30.466666666666665
Wawer,660000.0,61.79,2.0,3.0,3.0,do wykończenia,wtórny,2004.0,41.81666666666667
Wilanów,840000.0,48.0,2.0,0.0,4.0,do wykończenia,wtórny,2009.0,73.3
Białołęka,664999.0,45.88,2.0,3.0,3.0,do zamieszkania,wtórny,2020.0,58.85
Śródmieście,2299000.0,143.5,4.0,6.0,13.0,do zamieszkania,wtórny,2000.0,13.766666666666667
Wola,1850000.0,46.0,2.0,9.0,9.0,do zamieszkania,wtórny,2025.0,30.466666666666665
Wola,990000.0,51.67,3.0,3.0,5.0,do zamieszkania,wtórny,1957.0,18.866666666666667
Mokotów,1350000.0,55.2,3.0,4.0,5.0,do zamieszkania,wtórny,2015.0,29.0
Mokotów,2270000.0,97.2,3.0,5.0,5.0,do zamieszkania,wtórny,2017.0,40.016666666666666
Wilanów,1420000.0,73.0,3.0,4.0,4.0,do wykończenia,pierwotny,2025.0,50.666666666666664
Wilanów,1771000.0,89.0,3.0,2.0,4.0,do zamieszkania,wtórny,2008.0,49.483333333333334
Bemowo,945000.0,57.0,3.0,1.0,4.0,do wykończenia,wtórny,2025.0,35.28333333333333
Białołęka,1680000.0,86.91,4.0,5.0,6.0,do zamieszkania,wtórny,2023.0,76.73333333333333
Wilanów,2336000.0,114.32,4.0,2.0,4.0,do wykończenia,wtórny,2025.0,73.26666666666667
Żoliborz,949900.0,48.0,2.0,0.0,10.0,do zamieszkania,wtórny,1967.0,31.9
Praga-Południe,749000.0,61.7,2.0,3.0,3.0,do zamieszkania,wtórny,1937.0,30.0
Wola,920000.0,46.86,3.0,7.0,14.0,do zamieszkania,wtórny,2018.0,30.466666666666665
Praga-Południe,795000.0,54.0,2.0,6.0,10.0,do zamieszkania,wtórny,1992.0,30.0
Ochota,2100000.0,120.14,4.0,2.0,4.0,do wykończenia,wtórny,2013.0,25.783333333333335
Praga-Północ,2600000.0,86.18,4.0,5.0,7.0,do wykończenia,wtórny,2024.0,32.25
Ochota,3250000.0,179.44,5.0,0.0,4.0,do zamieszkania,wtórny,2013.0,25.783333333333335
Białołęka,1400000.0,77.7,3.0,3.0,7.0,do zamieszkania,wtórny,2025.0,76.73333333333333
Bielany,755000.0,50.7,3.0,5.0,12.0,do zamieszkania,wtórny,1975.0,39.05
Białołęka,474563.0,34.69,2.0,2.0,2.0,do zamieszkania,pierwotny,2025.0,76.73333333333333
Praga-Południe,605000.0,34.0,2.0,2.0,4.0,do wykończenia,pierwotny,1935.0,30.0
Praga-Południe,1249000.0,80.7,3.0,2.0,4.0,do zamieszkania,wtórny,1997.0,30.0
Śródmieście,2290000.0,105.0,3.0,4.0,4.0,do zamieszkania,wtórny,1913.0,10.833333333333334
Mokotów,1150000.0,63.44,3.0,4.0,5.0,do zamieszkania,wtórny,1949.0,23.466666666666665
Praga-Południe,921200.0,44.71,2.0,4.0,6.0,do zamieszkania,wtórny,2023.0,30.0
Włochy,799000.0,49.5,2.0,0.0,4.0,do zamieszkania,wtórny,2000.0,35.9
Wola,927080.0,32.36,1.0,4.0,16.0,do zamieszkania,wtórny,2022.0,13.15
Wola,695000.0,30.2,2.0,1.0,4.0,do zamieszkania,wtórny,1950.0,30.466666666666665
Śródmieście,599000.0,26.7,1.0,10.0,15.0,do zamieszkania,wtórny,1968.0,15.033333333333333
Ochota,713000.0,47.6,3.0,4.0,4.0,do zamieszkania,wtórny,1970.0,25.783333333333335
Wilanów,1115500.0,66.0,2.0,3.0,4.0,do zamieszkania,wtórny,2007.0,73.26666666666667
Wola,1645000.0,109.8,5.0,10.0,15.0,do zamieszkania,wtórny,1999.0,30.466666666666665
Praga-Południe,699000.0,61.0,3.0,7.0,12.0,do remontu,wtórny,1979.0,30.0
Bielany,1230000.0,62.0,3.0,5.0,8.0,do zamieszkania,wtórny,2017.0,39.05
Targówek,499000.0,47.24,3.0,4.0,4.0,do zamieszkania,wtórny,1980.0,34.8
Wilanów,1699000.0,100.1,3.0,0.0,2.0,do remontu,wtórny,2007.0,73.26666666666667
Mokotów,924000.0,54.68,3.0,2.0,4.0,do zamieszkania,wtórny,1965.0,29.233333333333334
Wilanów,619000.0,42.5,2.0,1.0,4.0,do zamieszkania,wtórny,1977.0,73.26666666666667
Ursus,792686.0,50.17,3.0,1.0,6.0,do wykończenia,pierwotny,2027.0,26.083333333333332
Białołęka,700080.0,58.34,3.0,3.0,3.0,do wykończenia,pierwotny,2025.0,73.73333333333333
Białołęka,630240.0,48.48,3.0,1.0,5.0,do wykończenia,pierwotny,2026.0,73.75
Ochota,1995000.0,105.0,4.0,1.0,3.0,do zamieszkania,wtórny,1999.0,25.733333333333334
Praga-Południe,828000.0,46.0,3.0,3.0,10.0,do zamieszkania,wtórny,1971.0,25.933333333333334
Wola,1399000.0,70.57,3.0,5.0,6.0,do wykończenia,wtórny,2021.0,30.466666666666665
Włochy,872142.0,52.54,3.0,3.0,4.0,do wykończenia,pierwotny,2026.0,42.233333333333334
Wawer,1014208.5,75.67,4.0,0.0,5.0,do wykończenia,pierwotny,2026.0,41.81666666666667
Białołęka,1124640.0,106.78,4.0,2.0,3.0,do wykończenia,pierwotny,2025.0,73.75
Wola,927080.0,32.36,1.0,4.0,16.0,do zamieszkania,wtórny,2022.0,13.15
Wola,789000.0,44.0,2.0,0.0,3.0,do zamieszkania,wtórny,1960.0,30.466666666666665
Wola,1635719.84,57.44,2.0,1.0,7.0,do zamieszkania,pierwotny,2020.0,20.216666666666665
Mokotów,900000.0,48.7,2.0,3.0,4.0,do zamieszkania,wtórny,1962.0,29.233333333333334
Śródmieście,2079000.0,104.0,3.0,1.0,5.0,do zamieszkania,wtórny,1956.0,20.55
Białołęka,850000.0,56.0,3.0,7.0,8.0,do zamieszkania,wtórny,2008.0,73.75
Praga,594000.0,36.0,2.0,0.0,4.0,do zamieszkania,wtórny,1966.0,34.35
Wawer,950000.0,69.58,3.0,2.0,3.0,do wykończenia,pierwotny,2025.0,41.81666666666667
Śródmieście,1100000.0,36.24,1.0,3.0,10.0,do zamieszkania,wtórny,2012.0,13.783333333333333
Mokotów,849000.0,55.6,5.0,4.0,4.0,do zamieszkania,wtórny,1987.0,29.233333333333334
Włochy,999000.0,53.0,3.0,0.0,4.0,do zamieszkania,wtórny,2016.0,35.9
Białołęka,410000.0,25.5,1.0,5.0,5.0,do wykończenia,wtórny,2024.0,73.75
Bielany,1318022.0,71.63,3.0,0.0,5.0,do wykończenia,pierwotny,2027.0,39.05
Wola,985000.0,60.29,3.0,3.0,6.0,do zamieszkania,wtórny,1955.0,30.466666666666665
Praga-Północ,1005525.0,49.05,2.0,5.0,5.0,do wykończenia,pierwotny,2027.0,22.933333333333334
Mokotów,720000.0,28.5,1.0,2.0,3.0,do zamieszkania,wtórny,1952.0,29.233333333333334
Bielany,1089000.0,94.73,5.0,0.0,3.0,do wykończenia,wtórny,2014.0,39.05
Ursynów,1499000.0,88.0,3.0,0.0,3.0,do zamieszkania,wtórny,2002.0,23.016666666666666
Praga-Południe,995000.0,61.0,3.0,2.0,10.0,do zamieszkania,wtórny,1970.0,34.016666666666666
Wola,1635719.84,57.44,2.0,1.0,7.0,do zamieszkania,pierwotny,2020.0,20.216666666666665
Wawer,559000.0,43.7,3.0,6.0,10.0,do wykończenia,wtórny,1980.0,41.81666666666667
Wawer,929000.0,67.73,2.0,0.0,2.0,do wykończenia,wtórny,2024.0,41.81666666666667
Targówek,699000.0,52.97,3.0,0.0,13.0,do remontu,wtórny,1976.0,34.8
Ursynów,1399000.0,109.2,4.0,3.0,3.0,do zamieszkania,wtórny,1990.0,48.61666666666667
Ursynów,1425000.0,74.27,3.0,4.0,5.0,do zamieszkania,wtórny,2006.0,48.61666666666667
Mokotów,640000.0,33.52,2.0,3.0,7.0,do remontu,wtórny,1956.0,29.233333333333334
Praga,885000.0,57.08,3.0,1.0,5.0,do wykończenia,pierwotny,2026.0,32.96666666666667
Białołęka,734064.0,54.93,3.0,3.0,3.0,do wykończenia,pierwotny,2025.0,73.75
Bemowo,1000000.0,52.52,3.0,5.0,5.0,do zamieszkania,wtórny,2016.0,35.28333333333333
Praga-Północ,610000.0,38.0,2.0,6.0,10.0,do zamieszkania,wtórny,1975.0,32.25
Ursus,699000.0,42.0,2.0,4.0,7.0,do zamieszkania,wtórny,2018.0,31.016666666666666
Białołęka,590000.0,40.0,2.0,1.0,4.0,do zamieszkania,wtórny,2004.0,73.76666666666667
Bemowo,999000.0,56.53,3.0,0.0,3.0,do zamieszkania,wtórny,2016.0,35.28333333333333
Mokotów,1687934.0,86.23,4.0,3.0,9.0,do wykończenia,pierwotny,2025.0,25.05
Mokotów,1469874.32,94.16,4.0,1.0,7.0,do wykończenia,pierwotny,2026.0,29.233333333333334
Mokotów,2236335.0,93.3,4.0,8.0,9.0,do wykończenia,pierwotny,2026.0,25.05
Wilanów,2499220.0,121.83,4.0,4.0,4.0,do wykończenia,pierwotny,2026.0,73.3
Włochy,1068760.0,76.34,4.0,0.0,5.0,do wykończenia,pierwotny,2025.0,19.416666666666668
Białołęka,555000.0,42.4,2.0,4.0,4.0,do zamieszkania,wtórny,1998.0,73.76666666666667
Białołęka,758271.0,56.81,3.0,0.0,3.0,do wykończenia,pierwotny,2025.0,73.76666666666667
Praga-Południe,690000.0,50.4,3.0,6.0,6.0,do zamieszkania,wtórny,1971.0,29.966666666666665
Bemowo,819000.0,44.4,2.0,2.0,4.0,do zamieszkania,wtórny,2000.0,35.28333333333333
Wilanów,1719737.5,70.58,3.0,2.0,3.0,do wykończenia,pierwotny,2026.0,73.3
Mokotów,718000.0,29.19,2.0,6.0,6.0,do wykończenia,pierwotny,2026.0,29.233333333333334
Praga-Północ,730000.0,24.28,1.0,1.0,4.0,do zamieszkania,wtórny,2019.0,32.25
Praga-Południe,999000.0,56.0,2.0,10.0,15.0,do zamieszkania,wtórny,2011.0,29.966666666666665
Bielany,530000.0,36.63,2.0,10.0,10.0,do remontu,wtórny,1973.0,39.05
Śródmieście,579000.0,22.65,1.0,5.0,7.0,do zamieszkania,wtórny,1960.0,18.466666666666665
Ursus,775000.0,43.08,2.0,1.0,7.0,do zamieszkania,wtórny,2023.0,26.083333333333332
Targówek,1150000.0,62.2,3.0,1.0,3.0,do zamieszkania,wtórny,2005.0,34.8
Włochy,853000.0,59.02,3.0,1.0,7.0,do zamieszkania,wtórny,2013.0,35.9
Targówek,930000.0,49.5,2.0,2.0,3.0,do zamieszkania,wtórny,2010.0,34.8
Śródmieście,560000.0,27.42,2.0,10.0,15.0,do remontu,wtórny,1973.0,13.783333333333333
Ursus,1286000.0,78.89,3.0,4.0,6.0,do zamieszkania,wtórny,2012.0,26.083333333333332
Wola,2350000.0,140.0,5.0,3.0,8.0,do zamieszkania,wtórny,1996.0,16.033333333333335
Ursus,758000.0,58.9,4.0,0.0,4.0,do zamieszkania,wtórny,1976.0,26.083333333333332
Praga-Północ,669000.0,28.0,1.0,1.0,5.0,do zamieszkania,wtórny,2020.0,22.933333333333334
Ursus,820000.0,45.77,2.0,7.0,7.0,do zamieszkania,wtórny,2018.0,31.016666666666666
Mokotów,850000.0,48.0,3.0,7.0,9.0,do remontu,wtórny,1967.0,29.233333333333334
Mokotów,817000.0,46.2,3.0,9.0,10.0,do zamieszkania,wtórny,1984.0,29.233333333333334
Ochota,449000.0,31.0,1.0,10.0,11.0,do remontu,wtórny,1970.0,25.7
Wola,740000.0,50.0,2.0,4.0,6.0,do zamieszkania,wtórny,1959.0,26.216666666666665
Ursus,989000.0,66.45,4.0,1.0,4.0,do zamieszkania,wtórny,2023.0,26.083333333333332
Praga-Południe,912500.0,62.5,3.0,10.0,19.0,do zamieszkania,wtórny,1982.0,34.78333333333333
Praga-Południe,615000.0,37.0,2.0,2.0,13.0,do zamieszkania,wtórny,1983.0,29.966666666666665
Praga-Południe,639000.0,50.3,2.0,10.0,16.0,do remontu,wtórny,1986.0,32.0
Białołęka,780000.0,49.47,3.0,3.0,4.0,do zamieszkania,wtórny,2016.0,74.25
Praga,2150000.0,122.0,4.0,4.0,4.0,do zamieszkania,wtórny,1938.0,32.96666666666667
Śródmieście,1680000.0,76.0,3.0,3.0,4.0,do remontu,wtórny,1900.0,15.75
Ursynów,690000.0,32.5,2.0,9.0,10.0,do zamieszkania,wtórny,2013.0,45.983333333333334
Ursus,1550000.0,138.88,3.0,0.0,3.0,do wykończenia,pierwotny,2027.0,26.083333333333332
Ursus,630000.0,44.0,2.0,1.0,8.0,do wykończenia,pierwotny,2026.0,26.083333333333332
Praga-Północ,1687000.0,81.49,4.0,3.0,7.0,do zamieszkania,wtórny,2024.0,32.05
Ochota,650000.0,40.18,1.0,3.0,4.0,do zamieszkania,wtórny,1955.0,26.116666666666667
Włochy,1003871.0,76.34,4.0,0.0,4.0,do wykończenia,pierwotny,2025.0,36.9
Wola,996739.0,48.53,2.0,9.0,16.0,do wykończenia,pierwotny,2027.0,30.466666666666665
Wola,1165000.0,35.0,1.0,1.0,16.0,do zamieszkania,wtórny,2023.0,13.15
Bemowo,850000.0,48.8,2.0,0.0,7.0,do zamieszkania,wtórny,2002.0,35.28333333333333
Ochota,600000.0,36.2,1.0,4.0,8.0,do zamieszkania,wtórny,2002.0,25.7
Wilanów,720000.0,31.05,1.0,2.0,3.0,do zamieszkania,wtórny,2016.0,73.26666666666667
Wola,649000.0,27.9,2.0,4.0,10.0,do zamieszkania,wtórny,1965.0,19.333333333333332
Ursynów,936000.0,63.0,3.0,0.0,10.0,do zamieszkania,wtórny,1980.0,45.983333333333334
Ursynów,799000.0,49.0,2.0,4.0,4.0,do zamieszkania,wtórny,1974.0,45.983333333333334
Bemowo,1334560.0,83.41,4.0,1.0,6.0,do wykończenia,pierwotny,2026.0,47.1
Włochy,875216.0,57.58,3.0,0.0,5.0,do wykończenia,pierwotny,2025.0,19.416666666666668
Praga,534378.0,32.0,1.0,1.0,5.0,do wykończenia,pierwotny,2025.0,32.96666666666667
Praga,609786.0,36.0,2.0,1.0,5.0,do wykończenia,pierwotny,2025.0,32.96666666666667
Praga,1099946.0,75.0,4.0,2.0,5.0,do wykończenia,pierwotny,2025.0,32.96666666666667
Praga,749738.0,44.0,2.0,1.0,5.0,do wykończenia,pierwotny,2025.0,32.96666666666667
Praga-Północ,550000.0,31.0,1.0,6.0,6.0,do zamieszkania,wtórny,1953.0,32.05
Wola,790000.0,48.35,2.0,1.0,4.0,do remontu,wtórny,1951.0,26.816666666666666
Białołęka,890000.0,69.0,3.0,2.0,3.0,do zamieszkania,wtórny,2008.0,74.25
Mokotów,775000.0,36.57,2.0,4.0,16.0,do zamieszkania,wtórny,2025.0,36.31666666666667
Ursynów,830000.0,40.05,2.0,3.0,9.0,do wykończenia,wtórny,2025.0,22.983333333333334
Mokotów,1115000.0,51.0,2.0,6.0,16.0,do zamieszkania,wtórny,2025.0,29.0
Mokotów,1200000.0,64.0,3.0,3.0,6.0,do zamieszkania,wtórny,2015.0,29.233333333333334
Praga-Południe,1258000.0,74.0,3.0,3.0,3.0,do zamieszkania,wtórny,2015.0,34.35
Mokotów,555000.0,36.9,2.0,5.0,9.0,do zamieszkania,wtórny,1965.0,29.233333333333334
Ursynów,950000.0,69.05,4.0,1.0,3.0,do remontu,wtórny,1984.0,45.983333333333334
Białołęka,539448.0,38.64,2.0,1.0,2.0,do wykończenia,pierwotny,2026.0,74.25
Bemowo,850000.0,48.8,2.0,0.0,7.0,do zamieszkania,wtórny,2002.0,35.28333333333333
Ochota,896000.0,52.8,2.0,5.0,11.0,do zamieszkania,wtórny,2000.0,25.7
Praga-Północ,1099999.99,56.66,3.0,1.0,7.0,do zamieszkania,wtórny,2023.0,32.05
Praga-Południe,869000.0,54.0,2.0,1.0,10.0,do zamieszkania,wtórny,2007.0,29.966666666666665
Wola,930000.0,57.26,3.0,5.0,15.0,do remontu,wtórny,1972.0,30.466666666666665
Wola,654000.0,38.32,2.0,5.0,10.0,do wykończenia,pierwotny,2025.0,30.466666666666665
Ursynów,750000.0,35.9,1.0,2.0,4.0,do zamieszkania,wtórny,2008.0,45.9
Mokotów,3000000.0,116.8,4.0,1.0,2.0,do zamieszkania,wtórny,2012.0,29.233333333333334
Ochota,490000.0,22.0,1.0,0.0,3.0,do zamieszkania,wtórny,1970.0,25.75
Białołęka,642215.0,46.09,2.0,0.0,3.0,do wykończenia,pierwotny,2026.0,74.56666666666666
Śródmieście,829000.0,49.29,2.0,9.0,10.0,do remontu,wtórny,1972.0,20.633333333333333
Ursus,626500.0,43.0,2.0,1.0,8.0,do wykończenia,pierwotny,2026.0,26.083333333333332
Wilanów,2336000.0,114.0,4.0,2.0,4.0,do zamieszkania,pierwotny,2025.0,73.26666666666667
Bielany,565000.0,37.0,2.0,3.0,4.0,do remontu,wtórny,1964.0,41.05
Ochota,896000.0,52.8,2.0,5.0,11.0,do zamieszkania,wtórny,2000.0,25.75
Mokotów,2800000.0,127.5,5.0,1.0,2.0,do zamieszkania,wtórny,2017.0,29.233333333333334
Targówek,460000.0,37.6,2.0,4.0,4.0,do remontu,wtórny,1970.0,34.8
Mokotów,750000.0,63.3,4.0,2.0,10.0,do remontu,wtórny,1972.0,29.233333333333334
Praga-Północ,599000.0,46.5,3.0,3.0,4.0,do remontu,wtórny,1970.0,32.05
Wola,899900.0,53.3,3.0,3.0,11.0,do zamieszkania,wtórny,1966.0,13.666666666666666
Wola,545000.0,23.23,1.0,9.0,25.0,do zamieszkania,wtórny,2022.0,30.466666666666665
Praga,938000.0,62.0,3.0,1.0,3.0,do zamieszkania,wtórny,2014.0,32.96666666666667
Wola,1440000.0,67.0,3.0,1.0,6.0,do zamieszkania,wtórny,2019.0,30.466666666666665
Mokotów,2690000.0,116.0,4.0,3.0,4.0,do zamieszkania,wtórny,2024.0,29.233333333333334
Ursynów,970000.0,68.0,3.0,9.0,10.0,do remontu,wtórny,1978.0,45.9
Wilanów,2580000.0,129.3,4.0,2.0,4.0,do zamieszkania,wtórny,2006.0,73.26666666666667
Wilanów,3140000.0,145.0,5.0,4.0,4.0,do zamieszkania,wtórny,2008.0,73.26666666666667
Śródmieście,600000.0,23.35,1.0,2.0,4.0,do remontu,wtórny,1960.0,18.616666666666667
Wola,625000.0,30.02,1.0,4.0,5.0,do zamieszkania,wtórny,2008.0,30.466666666666665
Wilanów,1599000.0,87.04,3.0,3.0,4.0,do zamieszkania,wtórny,2007.0,73.26666666666667
Wola,1900470.0,66.45,3.0,3.0,6.0,do wykończenia,pierwotny,2024.0,18.85
Białołęka,613000.0,47.82,2.0,1.0,3.0,do zamieszkania,wtórny,2020.0,67.2
Ursynów,749980.0,48.7,2.0,2.0,3.0,do zamieszkania,wtórny,2003.0,45.9
Bielany,899000.0,60.41,3.0,2.0,5.0,do zamieszkania,wtórny,1980.0,41.05
Białołęka,849000.0,50.36,2.0,2.0,5.0,do zamieszkania,wtórny,2017.0,74.81666666666666
Bielany,560000.0,33.5,1.0,1.0,10.0,do zamieszkania,wtórny,2000.0,41.05
Bielany,801380.0,47.14,3.0,1.0,4.0,do zamieszkania,wtórny,1978.0,41.05
Wilanów,2150000.0,103.0,3.0,0.0,4.0,do zamieszkania,wtórny,2009.0,73.28333333333333
Ursus,635000.0,55.0,2.0,6.0,8.0,do wykończenia,wtórny,2001.0,26.083333333333332
Praga-Południe,670000.0,41.9,2.0,4.0,9.0,do zamieszkania,wtórny,2005.0,28.45
Włochy,790000.0,51.15,3.0,1.0,2.0,do zamieszkania,wtórny,1935.0,36.85
Ursynów,799000.0,42.78,2.0,2.0,4.0,do zamieszkania,wtórny,2021.0,49.8
Bielany,659000.0,47.0,3.0,2.0,4.0,do zamieszkania,wtórny,1972.0,41.05
Mokotów,579000.0,37.18,2.0,1.0,10.0,do zamieszkania,wtórny,1970.0,29.233333333333334
Wola,1030000.0,34.4,2.0,4.0,8.0,do zamieszkania,wtórny,2024.0,30.466666666666665
Śródmieście,1039000.0,46.0,3.0,5.0,6.0,do zamieszkania,wtórny,1964.0,13.783333333333333
Białołęka,570000.0,40.9,2.0,2.0,2.0,do zamieszkania,wtórny,2010.0,74.81666666666666
Bemowo,2889000.0,189.0,6.0,4.0,5.0,do zamieszkania,wtórny,2009.0,35.28333333333333
Ochota,1300000.0,78.5,3.0,2.0,5.0,do zamieszkania,wtórny,2000.0,25.75
Śródmieście,1450000.0,85.55,3.0,3.0,5.0,do remontu,wtórny,1938.0,10.833333333333334
Śródmieście,2700000.0,136.31,5.0,1.0,5.0,do zamieszkania,wtórny,1913.0,10.833333333333334
Mokotów,1599000.0,69.05,3.0,2.0,6.0,do zamieszkania,wtórny,2020.0,29.233333333333334
Włochy,459000.0,23.39,1.0,2.0,4.0,do zamieszkania,wtórny,2018.0,19.416666666666668
Praga-Południe,840000.0,69.6,3.0,7.0,10.0,do zamieszkania,wtórny,1978.0,34.016666666666666
Wawer,1058000.0,62.26,3.0,2.0,7.0,do zamieszkania,wtórny,2020.0,41.81666666666667
Bielany,759000.0,51.0,2.0,10.0,11.0,do zamieszkania,wtórny,1960.0,34.13333333333333
Ursynów,1270000.0,56.55,2.0,4.0,4.0,do zamieszkania,wtórny,2022.0,45.93333333333333
Ursynów,749000.0,36.92,1.0,1.0,4.0,do zamieszkania,wtórny,2022.0,45.93333333333333
Żoliborz,1219000.0,59.5,3.0,6.0,8.0,do zamieszkania,wtórny,2015.0,27.316666666666666
Mokotów,739000.0,36.64,2.0,3.0,3.0,do zamieszkania,wtórny,1955.0,29.233333333333334
Włochy,699000.0,34.22,2.0,3.0,4.0,do zamieszkania,wtórny,2017.0,36.85
Ursynów,911000.0,68.8,3.0,5.0,10.0,do zamieszkania,wtórny,1978.0,45.93333333333333
Bielany,659000.0,47.0,3.0,2.0,4.0,do zamieszkania,wtórny,1972.0,41.05
Mokotów,609000.0,47.4,3.0,1.0,15.0,do remontu,wtórny,1974.0,29.0
Białołęka,899000.0,62.8,3.0,0.0,3.0,do zamieszkania,wtórny,2011.0,74.9
Wawer,995000.0,73.1,3.0,1.0,1.0,do zamieszkania,pierwotny,2002.0,41.81666666666667
Śródmieście,569000.0,26.7,2.0,3.0,15.0,do zamieszkania,wtórny,1972.0,14.95
Ochota,890000.0,57.0,2.0,0.0,3.0,do zamieszkania,wtórny,1937.0,25.75
Mokotów,3545370.0,131.31,4.0,2.0,3.0,do zamieszkania,wtórny,2016.0,29.233333333333334
Wola,1104220.0,35.62,2.0,10.0,22.0,do zamieszkania,wtórny,2014.0,13.15
Praga-Północ,729000.0,34.9,2.0,1.0,4.0,do zamieszkania,wtórny,1910.0,24.866666666666667
Białołęka,1198080.0,83.2,3.0,1.0,3.0,do zamieszkania,wtórny,2024.0,74.9
Śródmieście,799000.0,38.8,2.0,1.0,15.0,do zamieszkania,wtórny,1965.0,16.816666666666666
Praga-Północ,649000.0,48.78,2.0,5.0,5.0,do remontu,wtórny,1957.0,22.933333333333334
Ochota,560000.0,38.6,2.0,0.0,10.0,do zamieszkania,wtórny,1970.0,25.75
Wilanów,1990000.0,90.63,4.0,2.0,4.0,do zamieszkania,wtórny,2018.0,73.3
Białołęka,1049000.0,69.35,3.0,1.0,6.0,do zamieszkania,wtórny,2019.0,74.9
Włochy,1285000.0,76.8,3.0,1.0,7.0,do zamieszkania,wtórny,2012.0,36.85
Włochy,1800000.0,98.99,3.0,3.0,5.0,do zamieszkania,wtórny,2020.0,37.53333333333333
Wilanów,1166000.0,62.53,2.0,2.0,4.0,do zamieszkania,wtórny,2008.0,47.333333333333336
Praga-Północ,990000.0,55.0,2.0,10.0,14.0,do zamieszkania,wtórny,2010.0,32.25
Praga-Północ,1190000.0,84.6,5.0,3.0,4.0,do remontu,wtórny,1979.0,32.25
Wilanów,1115000.0,65.54,2.0,3.0,4.0,do zamieszkania,wtórny,2007.0,36.833333333333336
Praga-Północ,895000.0,65.0,3.0,3.0,3.0,do zamieszkania,wtórny,1990.0,32.25
Praga-Północ,1200000.0,58.7,3.0,5.0,8.0,do zamieszkania,wtórny,2011.0,32.25
Śródmieście,860000.0,52.07,3.0,0.0,3.0,do remontu,wtórny,1960.0,14.95
Bielany,795000.0,44.94,2.0,3.0,7.0,do zamieszkania,wtórny,2002.0,41.05
Mokotów,1110000.0,51.07,2.0,0.0,10.0,do zamieszkania,wtórny,2020.0,29.233333333333334
Wilanów,870000.0,46.0,2.0,1.0,4.0,do wykończenia,pierwotny,2025.0,73.3
Bielany,1230000.0,86.61,3.0,3.0,9.0,do zamieszkania,wtórny,2001.0,41.05
Śródmieście,1335000.0,60.7,3.0,5.0,5.0,do zamieszkania,wtórny,1958.0,14.95
Praga-Północ,1100000.0,59.1,3.0,0.0,5.0,do zamieszkania,wtórny,2018.0,32.25
Praga,1190000.0,81.16,3.0,4.0,5.0,do zamieszkania,wtórny,2016.0,32.96666666666667
Wola,1270000.0,58.43,2.0,0.0,7.0,do zamieszkania,wtórny,2008.0,18.9
Wola,990000.0,47.0,2.0,5.0,8.0,do zamieszkania,wtórny,1995.0,30.466666666666665
Bemowo,1120000.0,70.0,3.0,6.0,7.0,do zamieszkania,wtórny,2005.0,35.28333333333333
Praga,1150000.0,68.5,4.0,2.0,3.0,do wykończenia,wtórny,2009.0,32.96666666666667
Włochy,1050000.0,56.24,2.0,0.0,3.0,do zamieszkania,wtórny,2000.0,36.7
Śródmieście,1168815.0,58.47,2.0,7.0,7.0,do zamieszkania,wtórny,1958.0,14.95
Włochy,1800000.0,98.99,3.0,3.0,5.0,do zamieszkania,wtórny,2020.0,37.53333333333333
Śródmieście,950000.0,54.0,3.0,1.0,7.0,do zamieszkania,wtórny,1963.0,14.95
Wola,750000.0,37.3,1.0,0.0,8.0,do zamieszkania,wtórny,2012.0,30.466666666666665
Wilanów,3199000.0,140.0,4.0,2.0,2.0,do zamieszkania,wtórny,2008.0,73.3
Śródmieście,4592000.0,159.0,4.0,5.0,7.0,do zamieszkania,wtórny,1913.0,14.95
Ochota,570000.0,36.0,2.0,3.0,4.0,do zamieszkania,wtórny,1966.0,25.666666666666668
Białołęka,599000.0,45.0,2.0,1.0,3.0,do zamieszkania,wtórny,2017.0,67.2
Ursynów,615000.0,35.2,1.0,0.0,4.0,do zamieszkania,wtórny,2000.0,45.93333333333333
Praga-Północ,1049000.0,69.16,3.0,2.0,3.0,do zamieszkania,wtórny,1916.0,24.866666666666667
Ochota,1369000.0,83.2,2.0,6.0,16.0,do zamieszkania,wtórny,2003.0,25.666666666666668
Mokotów,950000.0,56.2,2.0,9.0,10.0,do zamieszkania,wtórny,1975.0,29.233333333333334
Białołęka,780000.0,57.0,3.0,4.0,8.0,do zamieszkania,wtórny,2019.0,74.81666666666666
Ochota,2290000.0,103.12,5.0,3.0,4.0,do zamieszkania,wtórny,1937.0,25.666666666666668
Targówek,439000.0,28.3,1.0,0.0,4.0,do zamieszkania,wtórny,1968.0,34.8
Włochy,520000.0,26.7,1.0,3.0,5.0,do zamieszkania,wtórny,2011.0,19.416666666666668
Wawer,749000.0,54.0,3.0,2.0,2.0,do zamieszkania,wtórny,2004.0,41.81666666666667
Śródmieście,1323000.0,53.0,2.0,3.0,7.0,do zamieszkania,wtórny,1956.0,25.15
Praga,529000.0,32.23,1.0,0.0,2.0,do zamieszkania,wtórny,1936.0,32.96666666666667
Białołęka,795000.0,53.8,3.0,5.0,6.0,do zamieszkania,wtórny,2004.0,74.81666666666666
Ursynów,800000.0,43.33,2.0,4.0,4.0,do zamieszkania,wtórny,2020.0,45.93333333333333
Ursus,580000.0,36.0,2.0,2.0,3.0,do zamieszkania,wtórny,1960.0,32.06666666666667
Żoliborz,799000.0,56.0,3.0,2.0,4.0,do zamieszkania,wtórny,1974.0,27.316666666666666
Wawer,700000.0,45.82,2.0,0.0,1.0,do zamieszkania,wtórny,1957.0,41.81666666666667
Ursus,639000.0,48.02,3.0,4.0,4.0,do zamieszkania,wtórny,1975.0,26.083333333333332
Wola,640000.0,37.0,2.0,1.0,10.0,do zamieszkania,wtórny,1966.0,35.85
Wawer,1270000.0,90.8,4.0,0.0,2.0,do zamieszkania,wtórny,2015.0,41.81666666666667
Ursus,447999.0,26.0,1.0,1.0,5.0,do wykończenia,wtórny,2025.0,26.783333333333335
Mokotów,715000.0,46.0,2.0,10.0,10.0,do zamieszkania,wtórny,1974.0,29.233333333333334
Ursus,1099000.0,68.8,3.0,3.0,4.0,do zamieszkania,wtórny,2020.0,26.083333333333332
Praga,860000.0,59.7,2.0,0.0,10.0,do zamieszkania,wtórny,1983.0,32.96666666666667
Praga,635000.0,37.0,2.0,4.0,10.0,do zamieszkania,wtórny,2008.0,28.416666666666668
Ursus,1080000.0,67.13,3.0,0.0,5.0,do zamieszkania,wtórny,2021.0,26.083333333333332
Ursynów,700000.0,42.6,2.0,3.0,3.0,do zamieszkania,wtórny,1982.0,45.93333333333333
Białołęka,602250.0,41.25,2.0,2.0,3.0,do wykończenia,pierwotny,2025.0,74.81666666666666
Białołęka,588115.0,40.7,2.0,2.0,3.0,do wykończenia,pierwotny,2025.0,74.81666666666666
Białołęka,563154.0,37.98,2.0,0.0,3.0,do wykończenia,pierwotny,2025.0,74.81666666666666
Ursus,793500.0,60.0,4.0,2.0,8.0,do wykończenia,pierwotny,2026.0,26.083333333333332
Śródmieście,980000.0,50.9,2.0,3.0,3.0,do zamieszkania,wtórny,1958.0,23.833333333333332
Wola,860000.0,54.0,3.0,0.0,4.0,do zamieszkania,wtórny,1964.0,30.466666666666665
Mokotów,1199000.0,61.8,2.0,1.0,5.0,do zamieszkania,wtórny,1937.0,34.25
Wawer,1150000.0,160.0,4.0,1.0,2.0,do zamieszkania,wtórny,2020.0,41.81666666666667
Ursynów,910000.0,56.1,3.0,7.0,10.0,do zamieszkania,wtórny,1981.0,45.916666666666664
Mokotów,760000.0,47.99,3.0,7.0,10.0,do zamieszkania,wtórny,1965.0,29.233333333333334
Praga-Południe,1178806.0,73.68,3.0,1.0,4.0,do wykończenia,pierwotny,2025.0,34.35
Bemowo,973175.0,55.61,3.0,3.0,4.0,do zamieszkania,wtórny,2009.0,35.28333333333333
Bemowo,1009000.0,53.87,3.0,3.0,4.0,do zamieszkania,wtórny,2004.0,35.28333333333333
Mokotów,1950000.0,60.0,2.0,1.0,6.0,do zamieszkania,wtórny,2010.0,32.983333333333334
Bielany,670000.0,48.6,2.0,2.0,3.0,do zamieszkania,wtórny,1964.0,41.05
Ochota,919000.0,64.5,4.0,0.0,3.0,do zamieszkania,wtórny,1964.0,25.666666666666668
Bielany,765000.0,63.41,4.0,4.0,10.0,do zamieszkania,wtórny,1974.0,41.05
Żoliborz,2471700.0,99.05,4.0,8.0,10.0,do zamieszkania,wtórny,2014.0,27.316666666666666
Białołęka,1269000.0,81.27,4.0,6.0,6.0,do zamieszkania,wtórny,2024.0,67.2
Ursus,737000.0,41.0,3.0,1.0,4.0,do zamieszkania,wtórny,1963.0,26.083333333333332
Ursus,1050000.0,75.65,2.0,5.0,6.0,do zamieszkania,wtórny,2008.0,26.083333333333332
Wola,635000.0,34.5,2.0,3.0,3.0,do zamieszkania,wtórny,1958.0,30.466666666666665
Wola,1190000.0,57.5,4.0,3.0,16.0,do remontu,wtórny,1969.0,16.316666666666666
Wola,1500000.0,75.0,4.0,5.0,8.0,do zamieszkania,wtórny,2013.0,30.466666666666665
Ursus,1185000.0,70.0,3.0,1.0,3.0,do zamieszkania,wtórny,2017.0,26.083333333333332
Ursynów,2350000.0,122.0,4.0,2.0,7.0,do zamieszkania,wtórny,2002.0,45.916666666666664
Wilanów,1530000.0,73.0,3.0,2.0,4.0,do zamieszkania,wtórny,2017.0,73.28333333333333
Bielany,1789928.0,84.82,3.0,4.0,5.0,do wykończenia,pierwotny,2027.0,41.05
Praga,434000.0,23.5,1.0,4.0,4.0,do zamieszkania,wtórny,1964.0,34.35
Białołęka,452731.0,34.69,2.0,1.0,2.0,do wykończenia,pierwotny,2025.0,74.83333333333333
Ursynów,699000.0,53.0,3.0,2.0,3.0,do remontu,wtórny,1985.0,45.916666666666664
Bemowo,973175.0,55.61,3.0,3.0,4.0,do zamieszkania,wtórny,2009.0,35.28333333333333
Bemowo,690000.0,36.87,1.0,0.0,5.0,do zamieszkania,wtórny,2023.0,35.28333333333333
Bielany,650000.0,46.0,2.0,1.0,4.0,do zamieszkania,wtórny,1986.0,41.05
Wilanów,2320000.0,125.45,4.0,1.0,2.0,do zamieszkania,wtórny,2021.0,73.28333333333333
Wola,999000.0,51.35,2.0,4.0,7.0,do zamieszkania,wtórny,2020.0,30.466666666666665
Targówek,699000.0,50.31,2.0,2.0,3.0,do zamieszkania,wtórny,2004.0,34.8
Mokotów,1600000.0,70.41,3.0,6.0,6.0,do zamieszkania,wtórny,2023.0,29.233333333333334
Śródmieście,2350000.0,89.0,3.0,1.0,4.0,do remontu,wtórny,1910.0,15.3
Ursynów,1485000.0,93.0,4.0,2.0,12.0,do zamieszkania,wtórny,2008.0,45.916666666666664
Wola,649000.0,34.64,2.0,2.0,10.0,do zamieszkania,wtórny,1971.0,13.65
Bielany,1099000.0,71.0,4.0,2.0,7.0,do wykończenia,wtórny,2025.0,41.05
Bemowo,1200000.0,74.0,3.0,1.0,4.0,do zamieszkania,wtórny,2009.0,35.28333333333333
Śródmieście,4050000.0,115.0,3.0,3.0,6.0,do zamieszkania,wtórny,1923.0,14.783333333333333
Ursus,1050000.0,75.65,2.0,5.0,6.0,do zamieszkania,wtórny,2008.0,26.083333333333332
Targówek,1380000.0,84.0,3.0,1.0,3.0,do zamieszkania,wtórny,2020.0,34.8
Włochy,890000.0,54.0,3.0,3.0,4.0,do zamieszkania,wtórny,1963.0,29.266666666666666
Ursynów,850000.0,50.69,2.0,7.0,7.0,do zamieszkania,wtórny,2014.0,45.916666666666664
Żoliborz,620000.0,34.54,2.0,10.0,17.0,do zamieszkania,wtórny,1966.0,27.316666666666666
Śródmieście,2930000.0,113.0,4.0,5.0,7.0,do zamieszkania,wtórny,2008.0,14.966666666666667
Targówek,549000.0,40.0,2.0,0.0,10.0,do zamieszkania,wtórny,1971.0,34.8
Mokotów,849000.0,46.2,2.0,5.0,12.0,do wykończenia,wtórny,2006.0,29.233333333333334
Białołęka,699000.0,52.5,2.0,2.0,2.0,do zamieszkania,wtórny,2010.0,74.56666666666666
Praga-Południe,799000.0,59.6,3.0,7.0,15.0,do zamieszkania,wtórny,1978.0,29.916666666666668
Bemowo,899000.0,70.83,3.0,0.0,3.0,do zamieszkania,wtórny,1952.0,35.28333333333333
Wilanów,1350000.0,76.0,3.0,1.0,5.0,do zamieszkania,wtórny,2013.0,73.23333333333333
Żoliborz,750000.0,32.0,1.0,8.0,8.0,do zamieszkania,wtórny,2009.0,27.316666666666666
Praga-Południe,1020000.0,62.01,3.0,0.0,4.0,do zamieszkania,wtórny,2018.0,29.916666666666668
Targówek,799999.0,48.41,2.0,2.0,3.0,do zamieszkania,wtórny,2018.0,34.8
Bemowo,1130000.0,65.92,3.0,5.0,6.0,do zamieszkania,wtórny,2003.0,35.28333333333333
Bemowo,634000.0,31.41,2.0,1.0,6.0,do zamieszkania,wtórny,2021.0,35.28333333333333
Targówek,749000.0,59.2,3.0,10.0,10.0,do zamieszkania,wtórny,1971.0,34.8
Ursynów,1543300.0,78.0,3.0,0.0,4.0,do zamieszkania,wtórny,2020.0,45.86666666666667
Ursus,990000.0,64.0,2.0,3.0,4.0,do zamieszkania,wtórny,2009.0,26.083333333333332
Ursynów,1099000.0,87.0,3.0,2.0,2.0,do zamieszkania,wtórny,2000.0,45.86666666666667
Bemowo,1420000.0,67.38,3.0,4.0,8.0,do zamieszkania,wtórny,2009.0,35.28333333333333
Bemowo,644750.0,49.6,2.0,9.0,11.0,do zamieszkania,wtórny,1980.0,35.28333333333333
Białołęka,1269000.0,81.27,4.0,5.0,5.0,do zamieszkania,pierwotny,2024.0,67.2
Wola,899000.0,57.0,4.0,1.0,11.0,do remontu,wtórny,1975.0,16.8
Bemowo,1564000.0,68.5,3.0,5.0,6.0,do zamieszkania,wtórny,2023.0,35.28333333333333
Wola,630000.0,42.0,2.0,3.0,4.0,do remontu,wtórny,2000.0,30.466666666666665
Praga,772200.0,54.0,3.0,9.0,10.0,do remontu,wtórny,1971.0,26.45
Białołęka,520000.0,27.01,1.0,5.0,5.0,do zamieszkania,wtórny,2014.0,74.56666666666666
Ursynów,710000.0,42.6,2.0,3.0,3.0,do zamieszkania,wtórny,1982.0,45.86666666666667
Mokotów,650000.0,36.0,2.0,2.0,2.0,do wykończenia,wtórny,2025.0,29.233333333333334
Praga-Południe,1097000.0,79.4,3.0,2.0,4.0,do zamieszkania,wtórny,1999.0,29.916666666666668
Ochota,719990.0,39.0,2.0,2.0,4.0,do zamieszkania,wtórny,1970.0,25.733333333333334
Ursynów,915000.0,59.2,2.0,0.0,5.0,do remontu,wtórny,2003.0,45.86666666666667
Praga,999000.0,83.6,4.0,7.0,16.0,do remontu,wtórny,1985.0,35.18333333333333
Białołęka,699000.0,67.0,3.0,1.0,3.0,do zamieszkania,wtórny,2011.0,74.56666666666666
Targówek,580000.0,45.3,2.0,4.0,4.0,do zamieszkania,wtórny,1975.0,34.8
Praga-Południe,595000.0,36.0,2.0,4.0,4.0,do zamieszkania,wtórny,1961.0,29.916666666666668
Mokotów,1839000.0,82.0,2.0,1.0,4.0,do zamieszkania,wtórny,1938.0,29.233333333333334
Mokotów,820000.0,50.77,2.0,0.0,7.0,do zamieszkania,wtórny,2017.0,29.233333333333334
Bemowo,634000.0,31.41,2.0,1.0,6.0,do zamieszkania,wtórny,2021.0,35.28333333333333
Żoliborz,4668000.0,161.35,5.0,4.0,4.0,do wykończenia,pierwotny,2025.0,27.316666666666666
Ursynów,880000.0,53.0,3.0,1.0,3.0,do zamieszkania,wtórny,1982.0,45.86666666666667
Bemowo,1099000.0,59.73,3.0,0.0,5.0,do zamieszkania,wtórny,2024.0,35.28333333333333
Wilanów,1990000.0,95.04,3.0,3.0,4.0,do zamieszkania,wtórny,2007.0,73.23333333333333
Ursus,1199000.0,86.09,4.0,7.0,7.0,do wykończenia,pierwotny,2025.0,31.016666666666666
Mokotów,2799000.0,93.8,4.0,5.0,8.0,do zamieszkania,wtórny,2024.0,31.766666666666666
Ochota,3699000.0,118.0,4.0,2.0,3.0,do zamieszkania,wtórny,2025.0,25.733333333333334
Wilanów,1995000.0,74.0,3.0,2.0,4.0,do zamieszkania,wtórny,2025.0,73.23333333333333
Ursus,1779000.0,94.0,4.0,3.0,6.0,do zamieszkania,wtórny,2025.0,26.083333333333332
Ochota,2999000.0,101.54,4.0,2.0,3.0,do zamieszkania,wtórny,2025.0,25.733333333333334
Bemowo,590000.0,37.2,1.0,3.0,8.0,do zamieszkania,wtórny,2005.0,35.28333333333333
Śródmieście,2700000.0,136.0,5.0,1.0,4.0,do remontu,wtórny,1913.0,10.833333333333334
Mokotów,3514630.0,122.28,4.0,2.0,3.0,do wykończenia,pierwotny,2025.0,29.233333333333334
Ursynów,949953.0,47.5,2.0,4.0,4.0,do wykończenia,wtórny,2003.0,45.86666666666667
Wilanów,1470000.0,77.33,3.0,2.0,4.0,do zamieszkania,wtórny,2014.0,64.66666666666667
Wilanów,1386000.0,69.43,3.0,2.0,4.0,do zamieszkania,wtórny,2014.0,64.66666666666667
Wilanów,1490000.0,85.46,4.0,1.0,4.0,do zamieszkania,wtórny,2012.0,64.66666666666667
Bielany,675000.0,48.6,3.0,7.0,10.0,do zamieszkania,wtórny,1968.0,41.05
Wawer,640956.0,42.97,2.0,1.0,3.0,do wykończenia,pierwotny,2025.0,41.81666666666667
Ursynów,880000.0,53.0,3.0,1.0,3.0,do zamieszkania,wtórny,1982.0,45.86666666666667
Wola,689999.0,37.0,2.0,0.0,4.0,do zamieszkania,wtórny,1972.0,22.216666666666665
Wola,944900.0,50.5,3.0,5.0,10.0,do zamieszkania,wtórny,1980.0,24.866666666666667
Białołęka,640000.0,48.0,2.0,2.0,2.0,do zamieszkania,wtórny,2013.0,74.68333333333334
Śródmieście,610000.0,23.56,1.0,4.0,8.0,do remontu,wtórny,1965.0,15.733333333333333
Praga-Północ,484500.0,26.93,2.0,3.0,5.0,do zamieszkania,wtórny,1912.0,33.0
Włochy,810000.0,49.0,2.0,1.0,5.0,do wykończenia,pierwotny,2025.0,34.9
Wilanów,1694200.0,86.0,3.0,2.0,4.0,do zamieszkania,wtórny,2010.0,64.66666666666667
Mokotów,899000.0,58.0,3.0,1.0,8.0,do zamieszkania,wtórny,1963.0,30.366666666666667
Mokotów,1090000.0,64.14,3.0,7.0,14.0,do zamieszkania,wtórny,2003.0,29.233333333333334
Ochota,1050000.0,55.79,2.0,5.0,7.0,do zamieszkania,wtórny,2001.0,25.733333333333334
Śródmieście,899000.0,55.81,3.0,8.0,9.0,do zamieszkania,wtórny,1966.0,15.733333333333333
Mokotów,920000.0,50.03,2.0,7.0,15.0,do zamieszkania,wtórny,2007.0,29.233333333333334
Targówek,700000.0,47.0,3.0,3.0,4.0,do zamieszkania,wtórny,1971.0,34.8
Śródmieście,699000.0,38.8,2.0,9.0,15.0,do zamieszkania,wtórny,1965.0,20.35
Praga-Południe,759000.0,63.0,3.0,4.0,13.0,do remontu,wtórny,1977.0,29.916666666666668
Wilanów,800000.0,53.42,2.0,1.0,2.0,do wykończenia,pierwotny,2024.0,64.66666666666667
Wola,689999.0,37.0,2.0,0.0,4.0,do zamieszkania,wtórny,1972.0,22.216666666666665
Wola,1149000.0,60.86,3.0,1.0,5.0,do remontu,wtórny,1950.0,15.916666666666666
Śródmieście,1149000.0,60.86,3.0,1.0,5.0,do remontu,wtórny,1950.0,25.333333333333332
Mokotów,1399000.0,67.31,3.0,4.0,4.0,do zamieszkania,wtórny,1938.0,29.233333333333334
Białołęka,849000.0,59.0,2.0,2.0,3.0,do zamieszkania,wtórny,2008.0,74.68333333333334
Włochy,599000.0,45.5,3.0,3.0,4.0,do zamieszkania,wtórny,1971.0,34.9
Śródmieście,2700000.0,136.5,5.0,1.0,4.0,do wykończenia,wtórny,1913.0,10.833333333333334
Bemowo,890000.0,52.95,2.0,1.0,3.0,do zamieszkania,wtórny,2010.0,35.28333333333333
Praga-Północ,725824.0,41.27,2.0,5.0,7.0,do wykończenia,pierwotny,2024.0,22.4
Praga,550000.0,36.42,1.0,5.0,5.0,do zamieszkania,wtórny,1913.0,32.96666666666667
Ursynów,907000.0,56.71,3.0,0.0,5.0,do zamieszkania,wtórny,2000.0,45.88333333333333
Praga-Południe,1499000.0,67.53,3.0,4.0,5.0,do zamieszkania,wtórny,2017.0,29.916666666666668
Bielany,1199000.0,59.09,3.0,7.0,8.0,do zamieszkania,wtórny,2022.0,41.05
Białołęka,1189000.0,74.0,3.0,3.0,3.0,do zamieszkania,wtórny,2016.0,74.93333333333334
Białołęka,709000.0,50.0,2.0,1.0,4.0,do zamieszkania,wtórny,2015.0,74.93333333333334
Śródmieście,2350000.0,120.0,5.0,3.0,6.0,do zamieszkania,wtórny,1900.0,13.766666666666667
Praga-Południe,1150000.0,62.5,3.0,10.0,19.0,do zamieszkania,wtórny,1982.0,29.916666666666668
Bielany,457000.0,27.0,1.0,0.0,9.0,do zamieszkania,wtórny,1969.0,41.05
Śródmieście,2075000.0,85.0,4.0,1.0,4.0,do remontu,wtórny,1990.0,23.85
Bemowo,550000.0,30.82,2.0,2.0,11.0,do remontu,wtórny,1975.0,35.28333333333333
Praga,748000.0,47.8,2.0,1.0,7.0,do wykończenia,wtórny,1956.0,32.96666666666667
Wola,1149000.0,60.86,3.0,1.0,5.0,do remontu,wtórny,1950.0,15.916666666666666
Bielany,1299000.0,61.5,3.0,1.0,10.0,do zamieszkania,wtórny,2018.0,36.5
Bemowo,1199000.0,66.0,3.0,1.0,3.0,do zamieszkania,wtórny,2020.0,35.28333333333333
Wola,610000.0,30.7,1.0,2.0,4.0,do zamieszkania,wtórny,2016.0,30.466666666666665
Mokotów,992000.0,43.16,2.0,4.0,7.0,do zamieszkania,wtórny,2019.0,29.233333333333334
Wilanów,1980000.0,98.0,4.0,1.0,4.0,do zamieszkania,wtórny,2007.0,42.85
Praga,850000.0,57.0,3.0,10.0,11.0,do remontu,wtórny,1975.0,26.016666666666666
Białołęka,660000.0,52.6,2.0,2.0,6.0,do zamieszkania,wtórny,2005.0,74.93333333333334
Bemowo,480000.0,29.99,2.0,9.0,11.0,do zamieszkania,wtórny,1975.0,35.28333333333333
Białołęka,715000.0,57.3,3.0,6.0,7.0,do zamieszkania,wtórny,2003.0,67.2
Białołęka,793681.0,66.14,4.0,1.0,2.0,do wykończenia,pierwotny,2025.0,74.93333333333334
Białołęka,1100000.0,80.0,3.0,3.0,4.0,do zamieszkania,wtórny,2007.0,74.93333333333334
Białołęka,681072.0,52.39,3.0,1.0,2.0,do wykończenia,pierwotny,2025.0,74.93333333333334
Białołęka,474564.0,34.69,2.0,2.0,2.0,do zamieszkania,pierwotny,2025.0,74.93333333333334
Białołęka,411994.0,26.58,1.0,1.0,2.0,do wykończenia,pierwotny,2025.0,74.93333333333334
Żoliborz,649987.0,46.9,2.0,1.0,4.0,do remontu,wtórny,1971.0,27.316666666666666
Włochy,470000.0,31.0,1.0,6.0,6.0,do zamieszkania,wtórny,2000.0,34.9
Białołęka,471554.0,34.42,1.0,0.0,3.0,do wykończenia,pierwotny,2027.0,74.93333333333334
Bielany,1299000.0,61.5,3.0,1.0,10.0,do zamieszkania,wtórny,2018.0,36.5
Praga-Południe,734673.0,41.39,2.0,2.0,3.0,do wykończenia,pierwotny,2026.0,29.916666666666668
Białołęka,452704.5,34.69,2.0,2.0,2.0,do wykończenia,pierwotny,2026.0,74.93333333333334
Bemowo,1280000.0,82.42,3.0,3.0,7.0,do zamieszkania,wtórny,2000.0,41.56666666666667
Białołęka,793680.0,66.14,4.0,0.0,2.0,do wykończenia,pierwotny,2025.0,74.93333333333334
Białołęka,452704.5,34.69,2.0,0.0,2.0,do wykończenia,pierwotny,2026.0,74.98333333333333
Białołęka,507360.0,33.6,2.0,2.0,2.0,do wykończenia,pierwotny,2025.0,74.98333333333333
Białołęka,546936.0,35.06,2.0,1.0,2.0,do zamieszkania,pierwotny,2026.0,74.98333333333333
Białołęka,546936.0,35.06,2.0,1.0,2.0,do zamieszkania,pierwotny,2026.0,74.98333333333333
Ursynów,748000.0,47.2,3.0,6.0,10.0,do zamieszkania,wtórny,1979.0,45.93333333333333
Białołęka,452704.5,34.69,2.0,2.0,2.0,do wykończenia,pierwotny,2026.0,74.98333333333333
Targówek,799000.0,53.8,3.0,10.0,12.0,do zamieszkania,wtórny,1978.0,34.8
Białołęka,546936.0,35.06,2.0,1.0,2.0,do zamieszkania,pierwotny,2026.0,74.98333333333333
Białołęka,696064.0,54.38,3.0,2.0,2.0,do wykończenia,pierwotny,2026.0,74.98333333333333
Białołęka,507360.0,33.6,2.0,1.0,2.0,do wykończenia,pierwotny,2026.0,74.98333333333333
Białołęka,411990.0,26.58,1.0,0.0,2.0,do wykończenia,pierwotny,2026.0,74.98333333333333
Białołęka,802308.0,57.72,4.0,0.0,2.0,do wykończenia,pierwotny,2026.0,74.98333333333333
Wola,1600000.0,74.16,3.0,0.0,8.0,do wykończenia,wtórny,2026.0,35.85
Białołęka,411990.0,26.58,1.0,0.0,2.0,do wykończenia,pierwotny,2025.0,74.98333333333333
Białołęka,546936.0,35.06,2.0,1.0,2.0,do zamieszkania,pierwotny,2026.0,74.98333333333333
Mokotów,3499000.0,176.8,4.0,10.0,17.0,do zamieszkania,wtórny,2010.0,29.233333333333334
Białołęka,411990.0,26.58,1.0,0.0,2.0,do wykończenia,pierwotny,2025.0,74.98333333333333
Wola,850000.0,47.1,2.0,4.0,10.0,do zamieszkania,wtórny,1975.0,18.916666666666668
Wola,709000.0,41.81,2.0,8.0,10.0,do zamieszkania,wtórny,1980.0,30.466666666666665
Wola,1188999.0,55.91,3.0,4.0,8.0,do wykończenia,wtórny,2023.0,30.466666666666665
Ursynów,920000.0,50.0,2.0,2.0,5.0,do zamieszkania,wtórny,2014.0,45.93333333333333
Mokotów,799000.0,49.4,3.0,7.0,10.0,do zamieszkania,wtórny,1969.0,29.233333333333334
Białołęka,724900.0,65.9,4.0,2.0,2.0,do wykończenia,pierwotny,2025.0,74.98333333333333
Praga-Południe,734673.0,41.39,2.0,2.0,3.0,do wykończenia,pierwotny,2026.0,29.916666666666668
Ochota,720000.0,47.0,2.0,4.0,4.0,do zamieszkania,pierwotny,1970.0,25.683333333333334
Mokotów,759000.0,46.8,2.0,4.0,9.0,do zamieszkania,wtórny,1964.0,29.233333333333334
Białołęka,795000.0,53.0,2.0,2.0,6.0,do zamieszkania,wtórny,2018.0,74.98333333333333
Białołęka,696064.0,54.38,4.0,2.0,2.0,do wykończenia,pierwotny,2025.0,74.98333333333333
Białołęka,681070.0,52.39,3.0,0.0,2.0,do wykończenia,pierwotny,2025.0,74.98333333333333
Białołęka,712320.0,59.36,3.0,1.0,3.0,do wykończenia,pierwotny,2025.0,74.98333333333333
Białołęka,560048.0,39.49,3.0,0.0,2.0,do wykończenia,pierwotny,2026.0,74.98333333333333
Białołęka,560048.0,39.49,3.0,1.0,2.0,do wykończenia,pierwotny,2026.0,74.98333333333333
Białołęka,566840.0,38.3,2.0,2.0,2.0,do wykończenia,pierwotny,2025.0,74.98333333333333
Białołęka,672700.0,49.4,2.0,0.0,2.0,do wykończenia,pierwotny,2025.0,74.98333333333333
Białołęka,845080.0,57.1,3.0,0.0,2.0,do wykończenia,pierwotny,2025.0,74.98333333333333
Białołęka,754820.0,51.7,2.0,2.0,2.0,do wykończenia,pierwotny,2025.0,74.98333333333333
Wilanów,1480000.0,78.7,3.0,2.0,4.0,do zamieszkania,wtórny,2018.0,64.66666666666667
Włochy,778042.0,46.87,2.0,3.0,4.0,do wykończenia,pierwotny,2026.0,42.233333333333334
Wawer,753821.0,53.99,3.0,1.0,5.0,do wykończenia,pierwotny,2026.0,41.81666666666667
Białołęka,1124880.0,106.8,4.0,2.0,3.0,do wykończenia,pierwotny,2025.0,74.98333333333333
Wola,1709417.63,57.75,2.0,5.0,7.0,do zamieszkania,pierwotny,2020.0,20.35
Wawer,1149335.24,63.47,3.0,0.0,5.0,do zamieszkania,pierwotny,2025.0,41.81666666666667
Bemowo,1399000.0,66.17,3.0,1.0,3.0,do zamieszkania,wtórny,2020.0,35.28333333333333
Wola,699000.0,41.0,2.0,2.0,4.0,do zamieszkania,wtórny,1956.0,30.466666666666665
Mokotów,620000.0,34.0,1.0,4.0,4.0,do zamieszkania,wtórny,1955.0,29.233333333333334
Mokotów,699328.0,31.2,1.0,4.0,9.0,do wykończenia,pierwotny,2025.0,25.05
Mokotów,1207444.0,56.99,3.0,2.0,9.0,do wykończenia,pierwotny,2025.0,25.05
Mokotów,3327476.0,126.5,5.0,5.0,9.0,do wykończenia,pierwotny,2025.0,25.05
Bemowo,870000.0,51.6,2.0,1.0,4.0,do zamieszkania,wtórny,2012.0,35.28333333333333
Wilanów,1698000.0,122.0,4.0,1.0,2.0,do zamieszkania,wtórny,2023.0,64.66666666666667
Praga-Północ,495000.0,31.0,2.0,4.0,4.0,do remontu,wtórny,1991.0,37.63333333333333
Bemowo,1990000.0,84.0,4.0,0.0,3.0,do zamieszkania,wtórny,2021.0,35.28333333333333
Wola,719000.0,37.17,2.0,1.0,10.0,do zamieszkania,wtórny,1974.0,30.466666666666665
Śródmieście,979500.0,37.0,2.0,2.0,5.0,do zamieszkania,wtórny,2018.0,13.783333333333333
Włochy,851853.0,61.63,3.0,2.0,5.0,do wykończenia,pierwotny,2025.0,20.516666666666666
Mokotów,1050000.0,52.0,2.0,6.0,9.0,do zamieszkania,wtórny,2012.0,29.233333333333334
Ochota,649000.0,36.0,2.0,4.0,4.0,do zamieszkania,wtórny,1965.0,25.6
Bemowo,650000.0,50.8,2.0,4.0,10.0,do remontu,wtórny,1980.0,35.28333333333333
Targówek,835000.0,49.4,3.0,3.0,3.0,do zamieszkania,wtórny,2001.0,34.8
Praga,770000.0,40.0,2.0,0.0,5.0,do zamieszkania,wtórny,1938.0,24.166666666666668
Białołęka,699000.0,45.0,2.0,1.0,2.0,do zamieszkania,wtórny,2001.0,74.98333333333333
Wola,1540000.0,50.0,2.0,5.0,6.0,do zamieszkania,wtórny,2011.0,30.466666666666665
Mokotów,520000.0,29.89,1.0,3.0,4.0,do remontu,wtórny,1964.0,30.366666666666667
Praga-Południe,1278000.0,71.0,3.0,3.0,7.0,do zamieszkania,wtórny,2020.0,29.916666666666668
Ursynów,1300000.0,71.88,3.0,7.0,8.0,do zamieszkania,wtórny,2006.0,45.93333333333333
Mokotów,755000.0,36.34,2.0,10.0,15.0,do wykończenia,wtórny,2025.0,41.2
Wola,900000.0,44.59,2.0,0.0,7.0,do zamieszkania,wtórny,2017.0,30.466666666666665
Wola,1460000.0,76.61,3.0,1.0,4.0,do zamieszkania,wtórny,2010.0,30.466666666666665
Śródmieście,830000.0,53.0,2.0,4.0,5.0,do wykończenia,wtórny,1951.0,15.15
Bemowo,889000.0,53.77,3.0,1.0,6.0,do wykończenia,pierwotny,2024.0,35.28333333333333
Włochy,849000.0,53.1,3.0,3.0,5.0,do zamieszkania,wtórny,1993.0,34.9
Praga-Północ,1176495.0,57.39,2.0,2.0,6.0,do wykończenia,pierwotny,2025.0,37.63333333333333
Ursus,550000.0,34.5,1.0,1.0,2.0,do zamieszkania,wtórny,1960.0,26.083333333333332
Mokotów,795000.0,47.3,2.0,0.0,5.0,do zamieszkania,wtórny,2004.0,29.233333333333334
Mokotów,899000.0,60.0,3.0,0.0,4.0,do zamieszkania,wtórny,1994.0,29.233333333333334
Wola,459000.0,29.0,1.0,2.0,2.0,do remontu,wtórny,1936.0,30.466666666666665
Targówek,1349000.0,79.59,4.0,2.0,3.0,do zamieszkania,wtórny,2018.0,34.8
Wilanów,1650000.0,79.8,3.0,3.0,4.0,do zamieszkania,wtórny,2012.0,49.483333333333334
Ursynów,1015000.0,56.5,3.0,4.0,6.0,do wykończenia,wtórny,2025.0,38.516666666666666
Białołęka,750000.0,47.68,2.0,3.0,5.0,do zamieszkania,wtórny,2023.0,74.98333333333333
Bemowo,720000.0,48.0,2.0,6.0,7.0,do zamieszkania,wtórny,1986.0,35.28333333333333
Ochota,1100000.0,48.8,2.0,6.0,11.0,do zamieszkania,wtórny,2009.0,22.416666666666668
Białołęka,520000.0,30.84,1.0,3.0,5.0,do zamieszkania,wtórny,2020.0,74.98333333333333
Mokotów,520000.0,29.89,1.0,3.0,4.0,do remontu,wtórny,1964.0,30.366666666666667
Mokotów,1098000.0,67.0,3.0,10.0,10.0,do zamieszkania,wtórny,1976.0,22.433333333333334
Bielany,1990000.0,91.0,4.0,5.0,7.0,do zamieszkania,wtórny,2020.0,41.05
Wola,690000.0,48.5,3.0,2.0,3.0,do remontu,wtórny,1961.0,29.833333333333332
Wilanów,3600000.0,183.0,5.0,1.0,4.0,do wykończenia,wtórny,2010.0,64.66666666666667
Praga-Południe,652200.0,31.66,1.0,3.0,6.0,do zamieszkania,wtórny,2021.0,29.916666666666668
Wola,1250000.0,58.0,5.0,10.0,15.0,do zamieszkania,wtórny,1970.0,26.216666666666665
Bielany,499200.0,26.0,1.0,1.0,10.0,do zamieszkania,wtórny,1975.0,41.05
Wilanów,1020600.0,48.6,2.0,0.0,4.0,do zamieszkania,wtórny,2008.0,49.483333333333334
Wola,729000.0,45.4,2.0,3.0,3.0,do remontu,wtórny,1950.0,30.466666666666665
Bielany,889000.0,53.5,4.0,1.0,3.0,do zamieszkania,wtórny,1959.0,41.05
Wola,666000.0,44.0,2.0,3.0,4.0,do remontu,wtórny,1960.0,22.3
Ursus,1120000.0,56.33,3.0,5.0,7.0,do zamieszkania,wtórny,2023.0,31.016666666666666
Wola,835000.0,41.0,2.0,5.0,6.0,do zamieszkania,wtórny,2015.0,30.466666666666665
Bemowo,1170000.0,76.6,3.0,1.0,3.0,do zamieszkania,wtórny,2008.0,35.28333333333333
Mokotów,1020000.0,51.09,2.0,2.0,3.0,do zamieszkania,wtórny,2014.0,45.9
Białołęka,750000.0,58.2,3.0,4.0,7.0,do zamieszkania,wtórny,2002.0,67.2
Wilanów,710000.0,37.33,2.0,2.0,2.0,do zamieszkania,wtórny,2020.0,64.66666666666667
Praga-Północ,499000.0,37.0,2.0,10.0,10.0,do remontu,wtórny,1979.0,38.016666666666666
Mokotów,750000.0,38.3,2.0,8.0,12.0,do zamieszkania,wtórny,2001.0,29.233333333333334
Mokotów,2290000.0,89.0,3.0,2.0,9.0,do zamieszkania,wtórny,2006.0,29.233333333333334
Bemowo,1530000.0,79.96,3.0,4.0,6.0,do zamieszkania,wtórny,2010.0,35.28333333333333
Mokotów,1098000.0,67.0,3.0,10.0,10.0,do zamieszkania,wtórny,1976.0,22.416666666666668
Wilanów,2000000.0,97.73,4.0,0.0,4.0,do remontu,pierwotny,2025.0,64.66666666666667
Wilanów,1179000.0,64.0,3.0,2.0,4.0,do zamieszkania,wtórny,2012.0,49.483333333333334
Białołęka,1100000.0,131.99,6.0,1.0,2.0,do wykończenia,pierwotny,2025.0,74.98333333333333
Wawer,972000.0,98.1,4.0,1.0,3.0,do zamieszkania,wtórny,2001.0,41.81666666666667
Białołęka,720000.0,60.4,3.0,0.0,1.0,do wykończenia,pierwotny,2025.0,74.98333333333333
Praga,1240000.0,56.2,2.0,0.0,5.0,do zamieszkania,wtórny,2017.0,32.96666666666667
Mokotów,1450000.0,82.16,4.0,4.0,6.0,do wykończenia,wtórny,2022.0,29.233333333333334
Ursynów,849000.0,60.4,3.0,4.0,10.0,do remontu,wtórny,1987.0,48.63333333333333
Wola,974000.0,43.26,2.0,3.0,6.0,do wykończenia,pierwotny,2026.0,33.46666666666667
Wola,1349000.0,51.0,3.0,0.0,6.0,do zamieszkania,wtórny,2016.0,33.46666666666667
Ursynów,649000.0,53.0,2.0,3.0,3.0,do remontu,wtórny,1992.0,48.63333333333333
Bemowo,699000.0,36.0,1.0,3.0,3.0,do zamieszkania,wtórny,2008.0,38.28333333333333
Mokotów,769000.0,57.0,3.0,4.0,4.0,do remontu,wtórny,1979.0,30.583333333333332
Śródmieście,1499000.0,56.1,2.0,1.0,6.0,do zamieszkania,wtórny,2005.0,14.5
Praga-Północ,554999.0,36.6,1.0,2.0,4.0,do zamieszkania,wtórny,1937.0,30.45
Śródmieście,2480000.0,103.0,2.0,9.0,25.0,do zamieszkania,wtórny,2001.0,25.8
Praga-Południe,1127000.0,64.02,3.0,3.0,6.0,do zamieszkania,wtórny,2023.0,32.88333333333333
Białołęka,795000.0,49.16,2.0,0.0,4.0,do zamieszkania,wtórny,2010.0,76.73333333333333
Ochota,430000.0,23.0,1.0,2.0,6.0,do zamieszkania,wtórny,1963.0,23.933333333333334
Wawer,899000.0,75.53,4.0,2.0,3.0,do zamieszkania,wtórny,2023.0,40.81666666666667
Praga-Południe,798000.0,48.0,2.0,0.0,3.0,do zamieszkania,wtórny,1960.0,32.88333333333333
Białołęka,740000.0,53.16,3.0,1.0,3.0,do wykończenia,pierwotny,2024.0,76.73333333333333
Bemowo,1089480.0,103.76,3.0,3.0,5.0,do zamieszkania,wtórny,1995.0,38.28333333333333
Bemowo,1190000.0,60.49,3.0,4.0,6.0,do zamieszkania,wtórny,2007.0,41.56666666666667
Bielany,525000.0,34.9,2.0,1.0,15.0,do remontu,wtórny,2009.0,41.05
Praga,839999.0,70.0,3.0,7.0,10.0,do wykończenia,wtórny,1978.0,35.88333333333333
Wawer,994395.0,66.51,4.0,0.0,1.0,do wykończenia,pierwotny,2027.0,40.81666666666667
Bielany,755000.0,51.0,3.0,5.0,10.0,do zamieszkania,wtórny,1980.0,41.05
Białołęka,613760.0,43.84,2.0,0.0,3.0,do wykończenia,pierwotny,2024.0,76.73333333333333
Bemowo,1053379.5,69.53,3.0,1.0,4.0,do wykończenia,pierwotny,2026.0,38.28333333333333
Ursynów,1322460.0,83.7,4.0,1.0,3.0,do wykończenia,pierwotny,2026.0,48.63333333333333
Bielany,639900.0,47.0,2.0,1.0,4.0,do zamieszkania,wtórny,1972.0,41.05
Białołęka,949578.0,58.98,3.0,3.0,3.0,do zamieszkania,wtórny,2020.0,76.73333333333333
Białołęka,549000.0,45.9,2.0,1.0,7.0,do zamieszkania,wtórny,2003.0,67.2
Wola,1060000.0,57.2,3.0,5.0,15.0,do remontu,wtórny,1970.0,33.46666666666667
Białołęka,590000.0,41.0,2.0,5.0,5.0,do wykończenia,wtórny,2024.0,76.73333333333333
Bemowo,715000.0,46.0,2.0,1.0,3.0,do zamieszkania,wtórny,1982.0,38.28333333333333
Mokotów,840000.0,49.5,2.0,0.0,4.0,do remontu,wtórny,1950.0,30.583333333333332
Wola,899000.0,57.0,3.0,1.0,10.0,do remontu,wtórny,1975.0,16.866666666666667
Mokotów,1640000.0,66.75,3.0,2.0,4.0,do zamieszkania,wtórny,1936.0,30.583333333333332
Włochy,672000.0,42.0,2.0,3.0,3.0,do zamieszkania,wtórny,1980.0,30.616666666666667
Śródmieście,1250000.0,53.22,2.0,2.0,4.0,do zamieszkania,wtórny,1952.0,17.283333333333335
Ursynów,1250000.0,74.0,4.0,2.0,3.0,do zamieszkania,wtórny,1993.0,48.63333333333333
Ursus,670000.0,51.54,2.0,0.0,3.0,do wykończenia,pierwotny,2025.0,26.083333333333332
Ursynów,715000.0,33.26,1.0,0.0,5.0,do zamieszkania,wtórny,2021.0,53.55
Wawer,949000.0,70.5,3.0,1.0,1.0,do zamieszkania,wtórny,2009.0,40.81666666666667
Śródmieście,1290000.0,51.0,2.0,8.0,8.0,do zamieszkania,wtórny,1955.0,18.6
Targówek,814000.0,49.94,2.0,2.0,3.0,do zamieszkania,wtórny,2020.0,34.8
Ursus,734500.0,48.44,2.0,5.0,6.0,do wykończenia,pierwotny,2025.0,26.083333333333332
Śródmieście,685000.0,34.0,2.0,5.0,11.0,do zamieszkania,wtórny,1964.0,13.666666666666666
Wilanów,1190000.0,56.3,2.0,0.0,5.0,do zamieszkania,wtórny,2008.0,49.483333333333334
Śródmieście,2380000.0,125.4,3.0,7.0,12.0,do zamieszkania,wtórny,2000.0,17.283333333333335
Mokotów,1990000.0,89.0,4.0,6.0,6.0,do zamieszkania,wtórny,2021.0,33.7
Wola,1690000.0,55.0,3.0,3.0,6.0,do wykończenia,wtórny,2019.0,20.316666666666666
Mokotów,1790000.0,90.0,3.0,2.0,5.0,do zamieszkania,wtórny,2014.0,35.483333333333334
Bemowo,1099000.0,86.0,4.0,3.0,5.0,do remontu,wtórny,1994.0,38.28333333333333
Praga,1169000.0,55.26,2.0,2.0,5.0,do zamieszkania,wtórny,2015.0,25.866666666666667
Mokotów,1810000.0,78.0,3.0,3.0,9.0,do zamieszkania,wtórny,2006.0,30.583333333333332
Ochota,444000.0,18.3,1.0,8.0,10.0,do zamieszkania,wtórny,1980.0,25.85
Śródmieście,1393000.0,70.0,3.0,3.0,4.0,do remontu,wtórny,1951.0,17.283333333333335
Wilanów,2200000.0,90.49,4.0,2.0,5.0,do zamieszkania,wtórny,2023.0,61.46666666666667
Wilanów,2729808.0,113.6,5.0,0.0,1.0,do wykończenia,pierwotny,2025.0,61.46666666666667
Wilanów,4600000.0,205.82,4.0,0.0,2.0,do wykończenia,wtórny,2025.0,61.46666666666667
Mokotów,3000000.0,112.83,4.0,1.0,3.0,do zamieszkania,wtórny,1937.0,26.15
Śródmieście,1150000.0,58.0,2.0,5.0,6.0,do zamieszkania,wtórny,1955.0,15.633333333333333
Ursus,945000.0,55.8,3.0,0.0,3.0,do zamieszkania,wtórny,2022.0,26.083333333333332
Bielany,549000.0,36.19,2.0,3.0,3.0,do zamieszkania,wtórny,1968.0,41.05
Praga-Południe,539000.0,30.0,2.0,3.0,4.0,do wykończenia,pierwotny,1935.0,32.88333333333333
Włochy,1001784.0,75.04,4.0,2.0,6.0,do wykończenia,pierwotny,2026.0,30.616666666666667
Praga-Południe,785000.0,36.3,1.0,4.0,5.0,do zamieszkania,wtórny,2023.0,32.88333333333333
Wawer,1220000.0,60.23,3.0,0.0,1.0,do zamieszkania,wtórny,2022.0,56.416666666666664
Praga-Północ,985200.0,49.26,3.0,2.0,5.0,do wykończenia,pierwotny,2027.0,23.516666666666666
Wawer,1240000.0,89.0,5.0,3.0,3.0,do zamieszkania,wtórny,2008.0,56.416666666666664
Ursynów,643000.0,36.0,2.0,1.0,2.0,do wykończenia,pierwotny,2025.0,45.833333333333336
Ursus,1295000.0,72.0,4.0,3.0,7.0,do zamieszkania,wtórny,2022.0,31.016666666666666
Wilanów,1995000.0,74.0,3.0,2.0,4.0,do zamieszkania,wtórny,2025.0,61.46666666666667
Ursynów,1725000.0,74.54,4.0,5.0,5.0,do zamieszkania,wtórny,2006.0,45.833333333333336
Praga-Południe,590000.0,32.54,2.0,4.0,6.0,do zamieszkania,wtórny,2019.0,32.88333333333333
Praga-Południe,479000.0,29.0,1.0,0.0,4.0,do wykończenia,wtórny,1935.0,32.88333333333333
Mokotów,3350000.0,115.6,4.0,4.0,5.0,do zamieszkania,wtórny,1998.0,30.583333333333332
Praga-Południe,595000.0,34.0,2.0,2.0,4.0,do wykończenia,wtórny,1935.0,32.88333333333333
Śródmieście,1999000.0,89.31,4.0,1.0,6.0,do remontu,wtórny,1952.0,18.666666666666668
Praga-Południe,1279000.0,69.0,4.0,1.0,5.0,do zamieszkania,wtórny,2025.0,32.88333333333333
Praga-Południe,1149000.0,74.61,4.0,4.0,5.0,do wykończenia,pierwotny,2025.0,32.88333333333333
Bielany,1880000.0,123.4,5.0,4.0,4.0,do zamieszkania,wtórny,1995.0,41.05
Ochota,1445000.0,74.0,4.0,5.0,6.0,do zamieszkania,wtórny,2025.0,25.85
Włochy,815000.0,36.5,2.0,2.0,6.0,do zamieszkania,wtórny,2024.0,19.3
Ursynów,910000.0,39.5,2.0,5.0,5.0,do zamieszkania,wtórny,2023.0,45.833333333333336
Bemowo,829000.0,65.5,3.0,1.0,5.0,do remontu,wtórny,1998.0,38.28333333333333
Śródmieście,2950000.0,112.36,3.0,1.0,5.0,do zamieszkania,wtórny,1911.0,15.433333333333334
Bielany,749000.0,55.0,3.0,5.0,12.0,do zamieszkania,wtórny,1979.0,41.05
Białołęka,661390.0,50.64,3.0,3.0,3.0,do wykończenia,pierwotny,2025.0,76.73333333333333
Wola,2390000.0,78.5,3.0,6.0,8.0,do zamieszkania,wtórny,2015.0,16.866666666666667
Wawer,1074000.0,80.66,4.0,1.0,2.0,do wykończenia,pierwotny,2025.0,56.4
Śródmieście,799000.0,30.0,1.0,0.0,3.0,do zamieszkania,wtórny,1952.0,22.233333333333334
Mokotów,805000.0,57.1,4.0,9.0,15.0,do zamieszkania,wtórny,1977.0,30.583333333333332
Wawer,625000.0,48.0,2.0,2.0,4.0,do zamieszkania,wtórny,1969.0,56.4
Wola,2600000.0,100.0,4.0,2.0,6.0,do zamieszkania,wtórny,2021.0,33.46666666666667
Bemowo,1090000.0,58.0,2.0,8.0,8.0,do zamieszkania,wtórny,2008.0,38.28333333333333
Mokotów,1039800.0,61.17,2.0,2.0,9.0,do zamieszkania,wtórny,2003.0,30.583333333333332
Wola,1595000.0,86.8,3.0,5.0,11.0,do zamieszkania,wtórny,1998.0,13.7
Praga,970000.0,35.47,1.0,1.0,7.0,do zamieszkania,wtórny,2024.0,34.233333333333334
Śródmieście,1350000.0,58.96,3.0,4.0,6.0,do zamieszkania,wtórny,1954.0,18.666666666666668
Wilanów,669000.0,36.62,1.0,4.0,4.0,do zamieszkania,wtórny,2010.0,61.46666666666667
Praga,915000.0,43.7,2.0,3.0,4.0,do zamieszkania,wtórny,1955.0,34.233333333333334
Praga-Południe,1149000.0,74.61,4.0,4.0,5.0,do wykończenia,pierwotny,2025.0,32.9
Ochota,1174775.0,67.13,2.0,0.0,4.0,do remontu,wtórny,1936.0,19.366666666666667
Bemowo,749000.0,58.06,2.0,2.0,3.0,do remontu,wtórny,1952.0,38.28333333333333
Ursynów,1450000.0,70.0,3.0,1.0,4.0,do zamieszkania,wtórny,1992.0,45.8
Żoliborz,1070000.0,43.12,2.0,1.0,7.0,do zamieszkania,wtórny,2017.0,26.95
Mokotów,820000.0,45.0,3.0,4.0,5.0,do zamieszkania,wtórny,1950.0,30.583333333333332
Ochota,725000.0,60.0,3.0,1.0,4.0,do remontu,wtórny,1969.0,25.733333333333334
Praga-Południe,1148000.0,92.0,4.0,1.0,4.0,do zamieszkania,wtórny,1982.0,32.9
Bielany,977000.0,59.26,3.0,10.0,16.0,do zamieszkania,wtórny,2012.0,41.05
Ochota,736000.0,42.0,2.0,6.0,10.0,do zamieszkania,wtórny,1970.0,25.733333333333334
Żoliborz,935000.0,56.0,3.0,4.0,4.0,do zamieszkania,wtórny,1966.0,26.95
Praga-Północ,899999.0,74.0,3.0,5.0,8.0,do remontu,wtórny,1983.0,32.25
Praga,799000.0,63.0,2.0,2.0,3.0,do wykończenia,wtórny,1957.0,34.233333333333334
Bemowo,3435000.0,165.0,4.0,5.0,5.0,do zamieszkania,wtórny,2009.0,38.28333333333333
Mokotów,1349000.0,73.0,3.0,6.0,7.0,do zamieszkania,wtórny,2018.0,30.583333333333332
Mokotów,499000.0,28.4,1.0,10.0,10.0,do zamieszkania,wtórny,1975.0,30.583333333333332
Mokotów,2995000.0,225.43,6.0,0.0,2.0,do wykończenia,pierwotny,2026.0,30.583333333333332
Wola,995000.0,56.0,2.0,1.0,7.0,do zamieszkania,wtórny,2013.0,33.46666666666667
Wola,945000.0,45.0,2.0,1.0,6.0,do zamieszkania,wtórny,2015.0,33.46666666666667
Targówek,1390000.0,68.0,3.0,0.0,4.0,do zamieszkania,wtórny,2007.0,34.8
Ursus,555000.0,35.5,1.0,3.0,4.0,do zamieszkania,wtórny,2002.0,26.083333333333332
Ursynów,1130000.0,51.7,2.0,8.0,10.0,do zamieszkania,wtórny,2005.0,44.53333333333333
Ochota,789000.0,45.36,3.0,0.0,6.0,do remontu,wtórny,1967.0,10.833333333333334
Mokotów,815000.0,61.0,3.0,4.0,4.0,do zamieszkania,wtórny,1992.0,30.583333333333332
Mokotów,1199000.0,63.7,3.0,8.0,16.0,do zamieszkania,wtórny,1993.0,30.583333333333332
Bemowo,2150000.0,100.0,4.0,5.0,5.0,do zamieszkania,wtórny,2010.0,38.28333333333333
Wawer,709357.0,54.65,3.0,1.0,3.0,do wykończenia,pierwotny,2026.0,56.38333333333333
Wawer,944965.0,65.19,3.0,5.0,5.0,do wykończenia,pierwotny,2025.0,56.38333333333333
Praga-Południe,860000.0,68.0,3.0,8.0,10.0,do zamieszkania,wtórny,1984.0,32.93333333333333
Wola,911000.0,48.2,3.0,0.0,4.0,do zamieszkania,wtórny,1968.0,33.46666666666667
Białołęka,1539000.0,97.14,4.0,5.0,5.0,do zamieszkania,pierwotny,2024.0,67.2
Wilanów,1134000.0,59.7,3.0,1.0,2.0,do zamieszkania,wtórny,2014.0,61.46666666666667
Białołęka,730000.0,45.34,2.0,4.0,6.0,do zamieszkania,wtórny,2014.0,47.28333333333333
Wola,660000.0,34.6,2.0,2.0,3.0,do zamieszkania,wtórny,1954.0,33.46666666666667
Bielany,970000.0,50.5,2.0,2.0,3.0,do zamieszkania,wtórny,1958.0,41.05
Mokotów,890000.0,64.0,4.0,8.0,10.0,do remontu,wtórny,1972.0,29.916666666666668
Włochy,989550.0,59.61,3.0,3.0,4.0,do wykończenia,pierwotny,2026.0,34.583333333333336
Białołęka,681497.0,40.28,2.0,4.0,8.0,do wykończenia,pierwotny,2025.0,76.73333333333333
Wawer,691652.0,48.71,2.0,4.0,5.0,do wykończenia,pierwotny,2026.0,56.38333333333333
Białołęka,1151111.4,106.98,4.0,0.0,3.0,do wykończenia,pierwotny,2025.0,76.73333333333333
Wola,1527095.65,43.49,2.0,10.0,17.0,do zamieszkania,pierwotny,2020.0,20.316666666666666
Żoliborz,1700000.0,92.2,3.0,8.0,13.0,do zamieszkania,wtórny,2008.0,26.966666666666665
Mokotów,1150000.0,53.5,2.0,0.0,2.0,do zamieszkania,wtórny,2022.0,30.583333333333332
Wola,1234700.0,56.38,3.0,8.0,9.0,do zamieszkania,wtórny,2019.0,33.46666666666667
Wilanów,1224000.0,66.96,3.0,1.0,4.0,do zamieszkania,wtórny,2008.0,61.46666666666667
Włochy,950000.0,55.08,3.0,3.0,5.0,do zamieszkania,wtórny,2020.0,30.616666666666667
Wola,1250000.0,61.18,3.0,5.0,7.0,do zamieszkania,wtórny,2020.0,33.46666666666667
Żoliborz,2545000.0,89.0,3.0,1.0,6.0,do zamieszkania,wtórny,2015.0,26.966666666666665
Włochy,679000.0,54.0,3.0,0.0,4.0,do remontu,wtórny,1963.0,29.116666666666667
Mokotów,1590000.0,68.5,3.0,5.0,7.0,do zamieszkania,wtórny,2007.0,29.233333333333334
Wola,878000.0,38.15,2.0,5.0,6.0,do wykończenia,pierwotny,2026.0,33.46666666666667
Białołęka,1090000.0,63.3,3.0,1.0,3.0,do zamieszkania,wtórny,2022.0,76.73333333333333
Wola,1700000.0,82.5,3.0,6.0,7.0,do zamieszkania,wtórny,1939.0,12.9
Ochota,770000.0,50.0,3.0,3.0,4.0,do zamieszkania,wtórny,1965.0,25.666666666666668
Mokotów,1078060.0,56.74,3.0,3.0,7.0,do wykończenia,pierwotny,2026.0,29.233333333333334
Mokotów,823095.0,42.21,2.0,3.0,7.0,do wykończenia,pierwotny,2026.0,29.233333333333334
Włochy,660000.0,41.0,2.0,4.0,4.0,do remontu,wtórny,1971.0,30.616666666666667
Białołęka,833679.0,61.29,3.0,4.0,5.0,do wykończenia,pierwotny,2026.0,76.73333333333333
Mokotów,699000.0,46.1,2.0,2.0,3.0,do remontu,wtórny,1960.0,29.233333333333334
Ursus,540000.0,37.9,2.0,0.0,3.0,do zamieszkania,wtórny,1965.0,26.083333333333332
Wola,1099000.0,55.95,3.0,8.0,11.0,do remontu,wtórny,1974.0,18.866666666666667
Wola,568454.0,28.66,1.0,2.0,7.0,do wykończenia,pierwotny,2025.0,33.46666666666667
Białołęka,925000.0,80.0,3.0,3.0,3.0,do zamieszkania,wtórny,2003.0,76.73333333333333
Białołęka,546938.0,35.06,2.0,2.0,2.0,do zamieszkania,pierwotny,2025.0,76.73333333333333
Białołęka,474563.0,34.69,2.0,2.0,2.0,do zamieszkania,pierwotny,2025.0,76.73333333333333
Mokotów,1590000.0,68.5,3.0,5.0,7.0,do zamieszkania,wtórny,2007.0,29.233333333333334
Bemowo,730450.0,38.71,2.0,1.0,5.0,do wykończenia,pierwotny,2025.0,38.28333333333333
Praga,659647.0,39.74,2.0,1.0,4.0,do wykończenia,pierwotny,2025.0,34.233333333333334
Białołęka,625040.0,48.08,2.0,4.0,5.0,do wykończenia,pierwotny,2026.0,76.73333333333333
Bielany,725000.0,31.88,1.0,1.0,9.0,do zamieszkania,wtórny,2016.0,32.81666666666667
Mokotów,1697280.0,70.72,2.0,2.0,10.0,do zamieszkania,wtórny,2008.0,29.233333333333334
Wilanów,1425000.0,69.09,3.0,2.0,4.0,do zamieszkania,wtórny,2020.0,61.46666666666667
Białołęka,813160.0,56.08,3.0,0.0,4.0,do wykończenia,pierwotny,2027.0,76.73333333333333
Śródmieście,930000.0,39.0,2.0,10.0,15.0,do zamieszkania,wtórny,1980.0,13.766666666666667
Bemowo,739000.0,39.78,2.0,1.0,5.0,do wykończenia,pierwotny,2025.0,38.28333333333333
Włochy,1093537.5,79.53,4.0,2.0,7.0,do wykończenia,pierwotny,2026.0,30.616666666666667
Targówek,1048895.73,79.77,4.0,1.0,6.0,do wykończenia,pierwotny,2026.0,34.8
Praga-Południe,950768.0,56.95,3.0,1.0,5.0,do wykończenia,pierwotny,2026.0,32.93333333333333
Praga-Południe,1016591.0,63.54,3.0,0.0,5.0,do wykończenia,pierwotny,2025.0,32.93333333333333
Praga-Południe,924270.0,59.51,3.0,0.0,5.0,do wykończenia,pierwotny,2025.0,32.93333333333333
Białołęka,630000.0,37.52,2.0,4.0,4.0,do zamieszkania,wtórny,2022.0,76.73333333333333
Wola,1299000.0,87.21,3.0,4.0,4.0,do zamieszkania,wtórny,2000.0,33.46666666666667
Mokotów,1640000.0,60.01,3.0,0.0,8.0,do zamieszkania,wtórny,2023.0,29.233333333333334
Wola,1470000.0,43.28,2.0,1.0,15.0,do zamieszkania,pierwotny,2025.0,13.15
Wola,840000.0,40.5,2.0,3.0,10.0,do zamieszkania,wtórny,2004.0,33.46666666666667
Targówek,760000.0,38.81,2.0,1.0,5.0,do zamieszkania,wtórny,2018.0,34.8
Mokotów,1999999.0,93.9,3.0,0.0,2.0,do zamieszkania,wtórny,2001.0,29.233333333333334
Wola,539000.0,25.0,1.0,3.0,5.0,do zamieszkania,wtórny,1951.0,15.883333333333333
Wilanów,953460.0,51.22,2.0,1.0,4.0,do wykończenia,pierwotny,2026.0,61.46666666666667
Wola,1843000.0,73.11,4.0,5.0,6.0,do wykończenia,pierwotny,2026.0,33.46666666666667
Targówek,1250000.0,70.0,3.0,2.0,3.0,do zamieszkania,wtórny,2009.0,34.8
Wola,775000.0,38.8,2.0,10.0,15.0,do zamieszkania,wtórny,1969.0,18.866666666666667
Śródmieście,719000.0,29.44,1.0,1.0,4.0,do remontu,wtórny,1927.0,15.233333333333333
Ursynów,919000.0,51.84,2.0,10.0,12.0,do zamieszkania,wtórny,2003.0,45.78333333333333
Białołęka,815787.0,78.82,4.0,1.0,3.0,do wykończenia,pierwotny,2024.0,76.73333333333333
Białołęka,612976.0,54.73,3.0,1.0,3.0,do wykończenia,pierwotny,2024.0,76.73333333333333
Białołęka,738396.0,68.37,3.0,1.0,3.0,do wykończenia,pierwotny,2025.0,76.73333333333333
Ochota,640000.0,36.6,2.0,5.0,7.0,do zamieszkania,wtórny,2001.0,25.733333333333334
Bemowo,853842.0,45.66,2.0,3.0,9.0,do wykończenia,pierwotny,2027.0,38.28333333333333
Wola,2050000.0,76.0,4.0,10.0,12.0,do zamieszkania,wtórny,2019.0,33.46666666666667
Mokotów,697675.0,36.67,2.0,0.0,7.0,do wykończenia,pierwotny,2026.0,29.233333333333334
Praga-Południe,720000.0,48.0,2.0,2.0,3.0,do zamieszkania,wtórny,1952.0,32.93333333333333
Ursus,837000.0,62.0,3.0,2.0,3.0,do zamieszkania,wtórny,2005.0,26.083333333333332
Wawer,605000.0,37.37,2.0,1.0,3.0,do zamieszkania,wtórny,2008.0,56.43333333333333
Praga-Południe,420000.0,25.69,1.0,1.0,2.0,do zamieszkania,wtórny,1932.0,32.93333333333333
Białołęka,739000.0,56.86,3.0,2.0,2.0,do zamieszkania,wtórny,2014.0,76.73333333333333
Śródmieście,689000.0,28.0,2.0,6.0,15.0,do zamieszkania,wtórny,1975.0,13.15
Ursus,455000.0,36.1,2.0,2.0,10.0,do zamieszkania,wtórny,1977.0,26.083333333333332
Włochy,390000.0,25.0,1.0,2.0,5.0,do zamieszkania,wtórny,2011.0,19.3
Mokotów,690000.0,47.0,2.0,3.0,4.0,do zamieszkania,wtórny,1965.0,29.233333333333334
Ursynów,1750000.0,78.74,3.0,4.0,4.0,do zamieszkania,wtórny,2020.0,45.78333333333333
Ursus,1280000.0,70.0,3.0,6.0,7.0,do zamieszkania,wtórny,2022.0,26.083333333333332
Białołęka,565446.0,40.06,2.0,3.0,4.0,do wykończenia,pierwotny,2026.0,76.73333333333333
Bemowo,830000.0,50.27,2.0,4.0,9.0,do zamieszkania,wtórny,2007.0,38.28333333333333
Białołęka,540000.0,44.2,2.0,6.0,10.0,do zamieszkania,wtórny,2001.0,76.73333333333333
Targówek,569000.0,46.4,2.0,7.0,10.0,do remontu,wtórny,1976.0,34.8
Targówek,1250000.0,70.0,3.0,2.0,3.0,do zamieszkania,wtórny,2009.0,34.8
Ursus,832500.0,45.0,2.0,5.0,7.0,do zamieszkania,wtórny,2020.0,26.083333333333332
Ursus,585000.0,37.04,2.0,5.0,6.0,do wykończenia,wtórny,2025.0,26.083333333333332
Ursynów,740000.0,59.4,3.0,0.0,4.0,do remontu,wtórny,1981.0,45.78333333333333
Mokotów,1051178.0,80.55,4.0,3.0,4.0,do zamieszkania,pierwotny,2027.0,29.233333333333334
Ursus,570000.0,34.91,2.0,7.0,7.0,do wykończenia,wtórny,2023.0,31.016666666666666
Praga-Południe,540000.0,32.77,1.0,0.0,5.0,do wykończenia,pierwotny,2026.0,32.93333333333333
Bielany,876438.0,50.37,3.0,1.0,5.0,do wykończenia,pierwotny,2026.0,32.81666666666667
Mokotów,1042344.0,65.27,3.0,0.0,7.0,do wykończenia,pierwotny,2026.0,29.233333333333334
Mokotów,1380582.0,84.62,4.0,1.0,7.0,do wykończenia,pierwotny,2026.0,29.233333333333334
Bemowo,1100000.0,63.0,3.0,3.0,3.0,do zamieszkania,wtórny,1994.0,38.28333333333333
Ursus,655000.0,43.08,2.0,0.0,7.0,do wykończenia,pierwotny,2025.0,26.083333333333332
Bielany,1694000.0,103.76,4.0,2.0,9.0,do zamieszkania,wtórny,1992.0,32.81666666666667
Białołęka,859000.0,67.2,3.0,2.0,2.0,do zamieszkania,wtórny,2007.0,76.73333333333333
Ursus,812301.0,67.72,4.0,2.0,3.0,do wykończenia,pierwotny,2025.0,26.083333333333332
Białołęka,753508.0,63.32,3.0,1.0,2.0,do wykończenia,pierwotny,2026.0,76.73333333333333
Białołęka,692541.0,47.95,2.0,2.0,2.0,do wykończenia,pierwotny,2026.0,76.73333333333333
Białołęka,887018.0,75.71,4.0,0.0,2.0,do wykończenia,pierwotny,2026.0,76.73333333333333
Białołęka,677369.0,50.93,3.0,0.0,2.0,do wykończenia,pierwotny,2026.0,76.73333333333333
Białołęka,544750.0,36.46,2.0,1.0,2.0,do wykończenia,pierwotny,2026.0,76.73333333333333
Bemowo,725550.0,41.46,2.0,6.0,14.0,do zamieszkania,wtórny,2009.0,41.56666666666667
Wola,1950000.0,41.84,2.0,10.0,29.0,do zamieszkania,wtórny,2025.0,17.4
Ursus,585000.0,37.04,2.0,5.0,6.0,do wykończenia,wtórny,2025.0,26.083333333333332
Bemowo,999999.0,82.4,4.0,5.0,12.0,do zamieszkania,wtórny,1977.0,38.28333333333333
Wilanów,1128000.0,59.4,2.0,3.0,4.0,do zamieszkania,wtórny,2012.0,49.483333333333334
Bielany,949000.0,63.3,3.0,4.0,4.0,do remontu,wtórny,1988.0,32.81666666666667
Wola,540000.0,35.1,1.0,4.0,6.0,do remontu,wtórny,1956.0,20.966666666666665
Praga,745000.0,53.35,2.0,3.0,3.0,do zamieszkania,wtórny,1992.0,34.266666666666666
Praga,1390000.0,76.39,3.0,2.0,6.0,do zamieszkania,wtórny,2021.0,34.266666666666666
Mokotów,699000.0,43.0,2.0,0.0,10.0,do remontu,wtórny,1971.0,29.233333333333334
Ursus,668000.0,40.4,2.0,6.0,6.0,do zamieszkania,wtórny,2004.0,26.083333333333332
Śródmieście,2886000.0,148.0,4.0,2.0,5.0,do zamieszkania,wtórny,2001.0,26.35
Wola,2100000.0,120.0,3.0,7.0,12.0,do zamieszkania,wtórny,2000.0,33.46666666666667
Ursus,1598000.0,86.1,4.0,1.0,7.0,do zamieszkania,wtórny,2022.0,29.95
Bemowo,947000.0,63.6,3.0,3.0,3.0,do zamieszkania,wtórny,1990.0,38.28333333333333
Praga,1499000.0,100.19,3.0,3.0,4.0,do zamieszkania,wtórny,2008.0,34.266666666666666
Śródmieście,799000.0,39.11,2.0,4.0,4.0,do zamieszkania,wtórny,1960.0,19.55
Śródmieście,1840000.0,61.31,3.0,7.0,7.0,do zamieszkania,wtórny,2015.0,17.833333333333332
Mokotów,2590000.0,101.0,2.0,4.0,10.0,do zamieszkania,wtórny,2011.0,29.233333333333334
Wola,755000.0,52.0,3.0,7.0,10.0,do zamieszkania,wtórny,1976.0,33.46666666666667
Wola,2800000.0,126.0,5.0,10.0,10.0,do zamieszkania,wtórny,1997.0,33.46666666666667
Bielany,949000.0,63.3,3.0,4.0,4.0,do remontu,wtórny,1988.0,32.81666666666667
Śródmieście,2298000.0,72.4,3.0,1.0,5.0,do zamieszkania,wtórny,1925.0,20.5
Praga,2999000.0,154.9,5.0,1.0,4.0,do zamieszkania,wtórny,1930.0,32.3
Śródmieście,734000.0,30.6,1.0,1.0,5.0,do zamieszkania,wtórny,1920.0,15.85
Żoliborz,1349000.0,55.03,2.0,1.0,6.0,do zamieszkania,wtórny,2017.0,26.316666666666666
Żoliborz,890000.0,44.09,2.0,1.0,3.0,do zamieszkania,wtórny,1927.0,24.433333333333334
Ursus,880000.0,69.2,3.0,2.0,6.0,do zamieszkania,wtórny,2005.0,26.083333333333332
Wola,1099000.0,54.0,3.0,5.0,8.0,do zamieszkania,wtórny,2017.0,33.46666666666667
Włochy,1141000.0,61.72,3.0,1.0,3.0,do wykończenia,pierwotny,2026.0,30.616666666666667
Włochy,1281000.0,69.25,4.0,0.0,3.0,do wykończenia,pierwotny,2026.0,30.616666666666667
Włochy,1023000.0,55.34,3.0,1.0,3.0,do wykończenia,pierwotny,2026.0,30.616666666666667
Włochy,779000.0,42.16,3.0,1.0,3.0,do wykończenia,pierwotny,2026.0,30.616666666666667
Ursus,1998216.0,185.02,6.0,4.0,4.0,do wykończenia,pierwotny,2024.0,26.083333333333332
Bemowo,999999.0,82.4,4.0,5.0,12.0,do zamieszkania,wtórny,1977.0,38.28333333333333
Ursus,1371600.0,114.3,5.0,3.0,3.0,do wykończenia,pierwotny,2024.0,26.083333333333332
Ursus,1482192.0,137.24,6.0,3.0,3.0,do wykończenia,pierwotny,2024.0,26.083333333333332
Ursus,1683386.0,158.81,6.0,3.0,3.0,do wykończenia,pierwotny,2024.0,26.083333333333332
Ursus,730000.0,48.5,3.0,4.0,4.0,do zamieszkania,wtórny,1974.0,26.083333333333332
Włochy,1114000.0,60.25,3.0,1.0,3.0,do wykończenia,pierwotny,2026.0,30.616666666666667
Włochy,1410000.0,76.25,4.0,0.0,3.0,do wykończenia,pierwotny,2026.0,30.616666666666667
Włochy,1341000.0,72.51,4.0,0.0,3.0,do wykończenia,pierwotny,2026.0,30.616666666666667
Ursus,1299000.0,78.75,4.0,2.0,3.0,do zamieszkania,wtórny,2020.0,26.083333333333332
Bielany,699000.0,59.1,3.0,1.0,12.0,do remontu,wtórny,1978.0,32.81666666666667
Praga,1290000.0,51.66,2.0,1.0,2.0,do zamieszkania,wtórny,1938.0,22.3
Mokotów,629000.0,37.6,2.0,4.0,4.0,do zamieszkania,wtórny,1966.0,29.233333333333334
Bielany,645000.0,44.01,2.0,3.0,3.0,do wykończenia,wtórny,1964.0,32.81666666666667
Żoliborz,440000.0,27.0,1.0,0.0,10.0,do remontu,wtórny,1969.0,26.316666666666666
Ursynów,1199000.0,70.0,3.0,1.0,4.0,do zamieszkania,wtórny,1993.0,45.78333333333333
Białołęka,546936.0,35.06,2.0,2.0,2.0,do zamieszkania,wtórny,2025.0,76.73333333333333
Mokotów,1749000.0,62.5,3.0,3.0,5.0,do zamieszkania,wtórny,2010.0,29.233333333333334
Mokotów,799000.0,55.18,3.0,10.0,10.0,do remontu,wtórny,1970.0,29.233333333333334
Ursus,1371600.0,114.3,5.0,3.0,3.0,do wykończenia,pierwotny,2024.0,26.083333333333332
Włochy,1132200.0,61.2,3.0,1.0,3.0,do wykończenia,pierwotny,2026.0,30.616666666666667
Wola,695000.0,35.0,2.0,1.0,4.0,do zamieszkania,wtórny,1938.0,29.983333333333334
Praga-Południe,1085000.0,61.0,3.0,1.0,4.0,do zamieszkania,wtórny,2021.0,32.9
Białołęka,925000.0,55.71,2.0,2.0,3.0,do zamieszkania,wtórny,2018.0,76.73333333333333
Wola,475000.0,24.0,1.0,3.0,3.0,do zamieszkania,wtórny,1956.0,33.46666666666667
Praga-Południe,1319000.0,88.26,4.0,1.0,5.0,do wykończenia,wtórny,2024.0,32.9
Mokotów,830000.0,54.0,3.0,4.0,13.0,do zamieszkania,wtórny,1977.0,36.78333333333333
Praga,799000.0,40.25,2.0,5.0,6.0,do zamieszkania,wtórny,2021.0,22.3
Żoliborz,615000.0,41.12,2.0,6.0,10.0,do remontu,wtórny,1971.0,26.316666666666666
Białołęka,540000.0,36.0,2.0,3.0,4.0,do wykończenia,wtórny,2013.0,76.73333333333333
Śródmieście,999000.0,45.91,3.0,3.0,7.0,do zamieszkania,wtórny,1964.0,15.85
Wola,949000.0,54.25,3.0,1.0,3.0,do zamieszkania,wtórny,1961.0,33.46666666666667
Bemowo,890000.0,47.0,2.0,1.0,4.0,do zamieszkania,wtórny,2005.0,38.28333333333333
Białołęka,948460.0,71.42,4.0,1.0,3.0,do wykończenia,pierwotny,2026.0,76.73333333333333
Ursus,492300.0,32.0,1.0,1.0,8.0,do wykończenia,pierwotny,2026.0,26.083333333333332
Mokotów,699000.0,36.7,2.0,1.0,10.0,do zamieszkania,wtórny,1966.0,23.6
Ursynów,1200000.0,64.41,3.0,1.0,6.0,do zamieszkania,wtórny,2016.0,45.78333333333333
Praga-Południe,865000.0,42.0,2.0,4.0,4.0,do zamieszkania,wtórny,1974.0,32.9
Ursynów,1140700.0,61.0,3.0,3.0,3.0,do zamieszkania,wtórny,2020.0,45.78333333333333
Bemowo,649000.0,37.0,1.0,2.0,6.0,do zamieszkania,wtórny,2005.0,38.28333333333333
Wola,1420000.0,74.0,3.0,4.0,9.0,do zamieszkania,wtórny,1997.0,33.46666666666667
Ursus,650000.0,57.9,4.0,2.0,4.0,do remontu,wtórny,1975.0,26.083333333333332
Ursynów,1100000.0,57.0,3.0,3.0,3.0,do zamieszkania,wtórny,2000.0,45.78333333333333
Mokotów,1124000.0,45.84,2.0,1.0,10.0,do wykończenia,pierwotny,2027.0,29.233333333333334
Mokotów,598000.0,37.2,2.0,2.0,10.0,do zamieszkania,wtórny,1975.0,29.866666666666667
Białołęka,700000.0,50.4,3.0,1.0,4.0,do zamieszkania,wtórny,2001.0,76.73333333333333
Wola,795000.0,33.0,2.0,1.0,3.0,do zamieszkania,wtórny,1937.0,28.533333333333335
Ursynów,910000.0,39.5,2.0,2.0,5.0,do zamieszkania,wtórny,2023.0,45.78333333333333
Wola,5662930.0,124.46,4.0,10.0,28.0,do zamieszkania,wtórny,2022.0,13.15
Białołęka,830415.0,57.27,3.0,0.0,4.0,do wykończenia,pierwotny,2027.0,76.73333333333333
Targówek,725000.0,48.7,2.0,3.0,3.0,do zamieszkania,wtórny,2013.0,34.8
Bemowo,800000.0,47.48,2.0,3.0,4.0,do wykończenia,wtórny,2023.0,38.28333333333333
Bielany,1080000.0,69.0,3.0,3.0,4.0,do zamieszkania,wtórny,2001.0,32.81666666666667
Targówek,990000.0,71.0,3.0,4.0,7.0,do wykończenia,pierwotny,2025.0,34.8
Bemowo,699000.0,50.0,3.0,8.0,11.0,do zamieszkania,wtórny,1980.0,38.28333333333333
Białołęka,756622.0,67.52,4.0,1.0,2.0,do wykończenia,pierwotny,2023.0,76.73333333333333
Białołęka,494000.0,38.24,2.0,1.0,3.0,do wykończenia,pierwotny,2026.0,76.73333333333333
Śródmieście,1700000.0,46.5,2.0,7.0,9.0,do zamieszkania,pierwotny,2009.0,8.85
Żoliborz,559000.0,26.0,1.0,7.0,10.0,do zamieszkania,wtórny,1965.0,26.316666666666666
Wola,600000.0,37.0,2.0,4.0,7.0,do remontu,wtórny,1964.0,33.46666666666667
Praga-Południe,1210464.0,74.72,3.0,2.0,4.0,do wykończenia,pierwotny,2025.0,34.35
Ochota,2578810.0,119.5,3.0,10.0,12.0,do zamieszkania,wtórny,2003.0,25.633333333333333
Śródmieście,835000.0,52.3,3.0,1.0,4.0,do remontu,wtórny,1963.0,19.516666666666666
Targówek,995000.0,58.0,3.0,1.0,5.0,do zamieszkania,wtórny,2015.0,34.8
Ursynów,1190000.0,63.73,3.0,1.0,4.0,do zamieszkania,wtórny,2017.0,45.78333333333333
Białołęka,588000.0,38.0,2.0,0.0,2.0,do zamieszkania,wtórny,2025.0,76.73333333333333
Mokotów,1070000.0,53.5,2.0,5.0,6.0,do zamieszkania,wtórny,2006.0,29.233333333333334
Bielany,1777000.0,143.72,5.0,2.0,3.0,do zamieszkania,wtórny,2017.0,32.81666666666667
Wola,1153000.0,58.51,3.0,2.0,6.0,do wykończenia,pierwotny,2026.0,33.46666666666667
Wola,1840000.0,53.27,3.0,1.0,8.0,do wykończenia,pierwotny,2026.0,16.033333333333335
Białołęka,697045.0,55.94,3.0,1.0,2.0,do wykończenia,pierwotny,2026.0,76.73333333333333
Włochy,1573412.0,69.62,3.0,2.0,5.0,do wykończenia,pierwotny,2026.0,30.616666666666667
Praga-Północ,1531581.0,86.53,4.0,1.0,5.0,do wykończenia,pierwotny,2027.0,23.566666666666666
Włochy,961124.0,60.71,3.0,1.0,7.0,do wykończenia,pierwotny,2026.0,30.616666666666667
Białołęka,494000.0,38.24,2.0,1.0,3.0,do wykończenia,pierwotny,2026.0,76.73333333333333
Bemowo,950000.0,52.0,2.0,5.0,6.0,do zamieszkania,wtórny,2007.0,41.56666666666667
Mokotów,457000.0,33.0,1.0,0.0,2.0,do zamieszkania,wtórny,1937.0,36.5
Ursus,473000.0,25.75,1.0,1.0,7.0,do zamieszkania,wtórny,2024.0,42.96666666666667
Śródmieście,1355000.0,77.27,3.0,4.0,4.0,do remontu,wtórny,1947.0,15.833333333333334
Wola,690000.0,37.7,2.0,3.0,3.0,do zamieszkania,wtórny,1963.0,33.46666666666667
Ursynów,1156815.0,56.43,3.0,1.0,3.0,do wykończenia,pierwotny,2025.0,45.78333333333333
Włochy,826930.0,54.92,3.0,3.0,5.0,do wykończenia,pierwotny,2025.0,19.3
Mokotów,1096815.0,62.1,3.0,1.0,7.0,do wykończenia,pierwotny,2025.0,29.233333333333334
Praga-Południe,942744.0,56.87,3.0,0.0,5.0,do wykończenia,pierwotny,2025.0,31.733333333333334
Wola,780000.0,43.0,2.0,1.0,5.0,do zamieszkania,wtórny,2000.0,29.983333333333334
Wola,930000.0,57.5,3.0,6.0,15.0,do zamieszkania,wtórny,1972.0,16.316666666666666
Targówek,460000.0,32.4,1.0,0.0,10.0,do zamieszkania,wtórny,1970.0,34.8
Bemowo,685000.0,40.0,2.0,1.0,4.0,do zamieszkania,wtórny,2004.0,38.28333333333333
Mokotów,1999000.0,122.81,4.0,2.0,6.0,do zamieszkania,wtórny,1998.0,29.233333333333334
Bemowo,950000.0,52.0,2.0,5.0,6.0,do zamieszkania,wtórny,2007.0,41.56666666666667
Wola,985884.0,56.66,3.0,5.0,15.0,do wykończenia,pierwotny,2026.0,33.46666666666667
Wola,1267200.0,76.8,3.0,5.0,15.0,do wykończenia,pierwotny,2026.0,33.46666666666667
Praga-Południe,945000.0,52.7,2.0,5.0,13.0,do zamieszkania,wtórny,2011.0,31.733333333333334
Włochy,595000.0,32.79,2.0,3.0,7.0,do zamieszkania,wtórny,2022.0,30.616666666666667
Mokotów,1499000.0,65.08,2.0,1.0,7.0,do zamieszkania,wtórny,2012.0,29.233333333333334
Bemowo,719000.0,36.0,2.0,0.0,7.0,do zamieszkania,wtórny,2010.0,38.28333333333333
Wola,719000.0,36.0,2.0,0.0,7.0,do zamieszkania,wtórny,2010.0,33.46666666666667
Mokotów,550000.0,34.6,1.0,0.0,3.0,do remontu,wtórny,1920.0,36.46666666666667
Praga-Północ,961324.0,52.82,3.0,0.0,6.0,do wykończenia,pierwotny,2025.0,32.25
Białołęka,742110.0,51.18,3.0,0.0,4.0,do wykończenia,pierwotny,2027.0,76.73333333333333
Wawer,614185.0,42.95,2.0,3.0,3.0,do wykończenia,pierwotny,2026.0,56.46666666666667
Włochy,1044890.0,70.84,3.0,2.0,6.0,do wykończenia,pierwotny,2025.0,30.616666666666667
Białołęka,459648.0,35.91,2.0,2.0,2.0,do wykończenia,pierwotny,2025.0,76.73333333333333
Białołęka,691256.0,64.94,2.0,1.0,3.0,do wykończenia,pierwotny,2025.0,76.73333333333333
Ursus,620493.0,38.22,2.0,1.0,4.0,do wykończenia,pierwotny,2026.0,26.083333333333332
Białołęka,560439.0,40.06,2.0,2.0,4.0,do wykończenia,pierwotny,2026.0,76.73333333333333
Wola,898396.0,30.09,1.0,3.0,6.0,do wykończenia,pierwotny,2026.0,33.46666666666667
Praga-Południe,650000.0,38.5,2.0,4.0,10.0,do zamieszkania,wtórny,1970.0,31.733333333333334
Mokotów,829000.0,65.0,2.0,4.0,10.0,do remontu,wtórny,1971.0,29.233333333333334
Śródmieście,1415000.0,42.0,2.0,3.0,5.0,do wykończenia,wtórny,2023.0,24.166666666666668
Wilanów,900612.0,46.19,2.0,1.0,4.0,do wykończenia,pierwotny,2026.0,61.46666666666667
Bemowo,856404.0,45.66,2.0,6.0,9.0,do wykończenia,pierwotny,2027.0,38.28333333333333
Białołęka,616064.0,48.13,2.0,0.0,2.0,do wykończenia,pierwotny,2027.0,76.73333333333333
Wawer,647307.0,45.67,2.0,3.0,5.0,do wykończenia,pierwotny,2026.0,56.45
Białołęka,687531.0,65.21,2.0,1.0,3.0,do wykończenia,pierwotny,2025.0,76.73333333333333
Wola,980016.11,30.36,1.0,8.0,17.0,do zamieszkania,pierwotny,2020.0,20.283333333333335
Ursus,375704.73,25.14,1.0,0.0,3.0,do wykończenia,pierwotny,2026.0,26.083333333333332
Praga-Południe,749000.0,46.6,2.0,10.0,18.0,do zamieszkania,wtórny,2004.0,34.016666666666666
Białołęka,715000.0,57.0,3.0,1.0,3.0,do zamieszkania,wtórny,2018.0,76.73333333333333
Śródmieście,997324.0,29.86,1.0,2.0,8.0,do wykończenia,pierwotny,2025.0,13.15
Mokotów,839000.0,37.7,2.0,1.0,9.0,do wykończenia,pierwotny,2025.0,27.916666666666668
Wola,1026263.0,56.4,3.0,2.0,16.0,do wykończenia,pierwotny,2027.0,33.46666666666667
Białołęka,990000.0,81.2,3.0,3.0,3.0,do zamieszkania,wtórny,2002.0,76.73333333333333
Ursynów,1274999.0,75.0,4.0,2.0,3.0,do zamieszkania,wtórny,1992.0,48.63333333333333
Żoliborz,1050000.0,53.0,2.0,3.0,5.0,do zamieszkania,wtórny,2021.0,26.316666666666666
Ochota,595000.0,37.5,2.0,1.0,4.0,do remontu,wtórny,1961.0,25.633333333333333
Bielany,820000.0,42.56,1.0,2.0,7.0,do zamieszkania,wtórny,2005.0,41.05
Praga,895000.0,44.07,2.0,2.0,2.0,do zamieszkania,wtórny,2018.0,19.583333333333332
Wola,898396.0,30.09,1.0,3.0,6.0,do wykończenia,pierwotny,2026.0,33.46666666666667
Ursus,775000.0,47.46,2.0,6.0,7.0,do zamieszkania,wtórny,2018.0,26.083333333333332
Bemowo,745000.0,52.3,2.0,10.0,11.0,do zamieszkania,wtórny,1980.0,38.28333333333333
Białołęka,737140.0,59.02,3.0,2.0,2.0,do wykończenia,pierwotny,2026.0,76.73333333333333
Wola,1335900.0,61.0,3.0,5.0,7.0,do zamieszkania,wtórny,2015.0,33.46666666666667
Mokotów,570000.0,45.3,2.0,8.0,10.0,do remontu,wtórny,1968.0,29.233333333333334
Ochota,1100000.0,50.0,3.0,0.0,3.0,do zamieszkania,wtórny,2024.0,25.633333333333333
Bielany,900000.0,43.37,2.0,1.0,6.0,do zamieszkania,wtórny,2012.0,41.05
Wilanów,1799000.0,98.5,3.0,1.0,4.0,do zamieszkania,wtórny,2010.0,49.483333333333334
Mokotów,927528.02,55.68,3.0,0.0,7.0,do wykończenia,pierwotny,2026.0,29.233333333333334
Wilanów,2400000.0,130.82,4.0,2.0,4.0,do wykończenia,wtórny,2025.0,61.46666666666667
Bielany,1195000.0,65.0,3.0,0.0,3.0,do zamieszkania,wtórny,1997.0,41.05
Bemowo,1797631.0,96.13,4.0,3.0,9.0,do wykończenia,pierwotny,2027.0,38.28333333333333
Mokotów,630000.0,34.43,1.0,0.0,3.0,do wykończenia,pierwotny,2025.0,36.166666666666664
Mokotów,995000.0,51.0,2.0,3.0,9.0,do zamieszkania,wtórny,2012.0,29.233333333333334
Śródmieście,699000.0,26.07,2.0,2.0,3.0,do zamieszkania,wtórny,1965.0,12.416666666666666
Białołęka,649000.0,45.11,2.0,1.0,4.0,do zamieszkania,wtórny,2014.0,76.73333333333333
Białołęka,954000.0,70.7,3.0,2.0,2.0,do zamieszkania,wtórny,2008.0,76.73333333333333
Praga-Północ,1290000.0,69.0,3.0,2.0,13.0,do zamieszkania,wtórny,2011.0,31.983333333333334
Mokotów,1679000.0,80.5,3.0,3.0,6.0,do zamieszkania,wtórny,2015.0,29.233333333333334
Białołęka,595000.0,51.0,4.0,7.0,7.0,do zamieszkania,wtórny,2003.0,67.2
Wola,590000.0,31.2,1.0,4.0,15.0,do zamieszkania,wtórny,2022.0,33.46666666666667
Włochy,399000.0,28.75,1.0,2.0,2.0,do remontu,wtórny,1935.0,30.616666666666667
Wilanów,1190000.0,64.95,2.0,0.0,4.0,do zamieszkania,wtórny,2009.0,61.46666666666667
Bemowo,1290000.0,73.44,3.0,3.0,3.0,do zamieszkania,wtórny,2001.0,38.28333333333333
Wilanów,4900000.0,140.0,4.0,4.0,4.0,do zamieszkania,wtórny,2014.0,61.46666666666667
Mokotów,2799000.0,94.0,4.0,5.0,8.0,do zamieszkania,wtórny,2025.0,23.483333333333334
Ursynów,1800000.0,100.0,3.0,8.0,8.0,do zamieszkania,wtórny,2006.0,48.61666666666667
Białołęka,1035725.0,71.6,4.0,2.0,3.0,do wykończenia,pierwotny,2026.0,58.583333333333336
Wilanów,3600000.0,183.0,5.0,1.0,4.0,do wykończenia,wtórny,2010.0,61.46666666666667
Wilanów,1490000.0,66.94,3.0,0.0,3.0,do zamieszkania,wtórny,2015.0,61.46666666666667
Włochy,1080000.0,76.1,3.0,4.0,4.0,do zamieszkania,wtórny,1995.0,30.616666666666667
Mokotów,780000.0,49.5,3.0,9.0,16.0,do remontu,wtórny,1973.0,29.233333333333334
Śródmieście,5000000.0,195.0,4.0,5.0,5.0,do zamieszkania,wtórny,2011.0,15.933333333333334
Bemowo,535000.0,30.2,2.0,0.0,4.0,do zamieszkania,wtórny,2020.0,38.28333333333333
Wola,765000.0,42.0,2.0,7.0,8.0,do zamieszkania,wtórny,2017.0,33.46666666666667
Targówek,537000.0,44.75,3.0,3.0,3.0,do wykończenia,pierwotny,1956.0,34.8
Mokotów,1675000.0,86.0,2.0,1.0,10.0,do wykończenia,wtórny,2006.0,23.65
Mokotów,1420000.0,57.32,2.0,7.0,11.0,do zamieszkania,wtórny,2012.0,29.233333333333334
Wola,549000.0,33.0,2.0,7.0,10.0,do remontu,wtórny,1970.0,19.533333333333335
Włochy,1285000.0,71.67,3.0,3.0,5.0,do zamieszkania,wtórny,2020.0,30.616666666666667
Bemowo,430000.0,35.1,2.0,10.0,10.0,do remontu,wtórny,1989.0,38.28333333333333
Włochy,795000.0,34.32,2.0,6.0,8.0,do zamieszkania,wtórny,2020.0,30.616666666666667
Bemowo,854000.0,46.77,2.0,0.0,5.0,do wykończenia,wtórny,2025.0,38.28333333333333
Wola,790000.0,50.0,3.0,8.0,10.0,do zamieszkania,wtórny,1973.0,29.983333333333334
Bemowo,730457.0,38.71,2.0,1.0,4.0,do wykończenia,pierwotny,2025.0,38.28333333333333
Mokotów,1065000.0,60.0,2.0,6.0,6.0,do zamieszkania,wtórny,1962.0,23.683333333333334
Włochy,1520000.0,99.0,4.0,4.0,5.0,do zamieszkania,wtórny,2020.0,41.93333333333333
Białołęka,925000.0,55.72,2.0,2.0,3.0,do zamieszkania,wtórny,2018.0,76.73333333333333
Śródmieście,1249000.0,55.0,2.0,8.0,8.0,do zamieszkania,wtórny,1962.0,15.916666666666666
Mokotów,780000.0,49.5,3.0,9.0,16.0,do remontu,wtórny,1973.0,29.233333333333334
Białołęka,745000.0,64.8,3.0,3.0,3.0,do remontu,wtórny,2001.0,76.73333333333333
Bielany,620000.0,36.9,2.0,5.0,10.0,do zamieszkania,wtórny,1967.0,41.05
Mokotów,3900000.0,126.0,4.0,1.0,2.0,do wykończenia,pierwotny,2024.0,29.233333333333334
Białołęka,1050000.0,67.6,4.0,1.0,3.0,do zamieszkania,wtórny,2011.0,76.73333333333333
Śródmieście,849000.0,35.6,2.0,1.0,4.0,do zamieszkania,wtórny,1952.0,17.25
Białołęka,699000.0,68.66,4.0,2.0,2.0,do zamieszkania,wtórny,2018.0,64.18333333333334
Wola,1055000.0,49.97,2.0,1.0,4.0,do zamieszkania,wtórny,1959.0,33.46666666666667
Praga-Północ,510000.0,35.0,1.0,2.0,4.0,do zamieszkania,wtórny,1934.0,31.95
Białołęka,480000.0,34.4,1.0,6.0,10.0,do zamieszkania,wtórny,1999.0,76.73333333333333
Bemowo,575952.0,47.0,2.0,0.0,9.0,do zamieszkania,wtórny,1989.0,38.28333333333333
Mokotów,1330000.0,51.0,2.0,0.0,6.0,do zamieszkania,wtórny,2020.0,29.233333333333334
Targówek,697550.0,44.21,2.0,1.0,3.0,do zamieszkania,wtórny,2016.0,34.8
Praga,943000.0,65.02,2.0,4.0,4.0,do zamieszkania,wtórny,1938.0,30.45
Śródmieście,1850000.0,75.0,2.0,2.0,4.0,do remontu,wtórny,1927.0,12.4
Bemowo,800000.0,46.0,2.0,2.0,5.0,do zamieszkania,wtórny,2005.0,38.28333333333333
Ursynów,1668000.0,90.18,4.0,0.0,2.0,do zamieszkania,wtórny,2020.0,50.85
Bielany,805350.0,46.02,2.0,0.0,8.0,do wykończenia,pierwotny,2025.0,41.05
Wilanów,1790000.0,80.95,3.0,0.0,3.0,do zamieszkania,wtórny,2010.0,61.46666666666667
Wola,1999999.0,120.0,3.0,7.0,12.0,do zamieszkania,wtórny,2000.0,33.46666666666667
Praga-Południe,1050000.0,80.0,3.0,0.0,1.0,do zamieszkania,wtórny,2010.0,31.733333333333334
Ursynów,2130000.0,143.3,4.0,0.0,3.0,do zamieszkania,wtórny,2003.0,48.63333333333333
Praga-Północ,987000.0,76.0,4.0,6.0,7.0,do zamieszkania,wtórny,1993.0,31.883333333333333
Ursus,670000.0,42.0,2.0,0.0,7.0,do zamieszkania,wtórny,2017.0,26.083333333333332
Białołęka,1395000.0,106.7,5.0,3.0,3.0,do zamieszkania,wtórny,2004.0,76.73333333333333
Mokotów,580000.0,30.0,1.0,3.0,4.0,do remontu,wtórny,1955.0,27.716666666666665
Białołęka,745000.0,64.8,3.0,3.0,3.0,do remontu,wtórny,2001.0,76.73333333333333
Targówek,755500.0,42.0,2.0,2.0,3.0,do zamieszkania,wtórny,2025.0,34.8
Wilanów,1350000.0,70.1,3.0,4.0,5.0,do wykończenia,pierwotny,2025.0,61.46666666666667
Białołęka,410000.0,30.62,1.0,2.0,2.0,do zamieszkania,wtórny,2019.0,64.18333333333334
Żoliborz,2080000.0,80.13,3.0,3.0,3.0,do zamieszkania,wtórny,2020.0,26.316666666666666
Ursynów,820000.0,69.0,3.0,9.0,10.0,do remontu,wtórny,1980.0,48.63333333333333
Mokotów,900000.0,43.6,2.0,5.0,8.0,do zamieszkania,wtórny,2019.0,29.233333333333334
Praga-Południe,1350000.0,73.1,3.0,4.0,4.0,do zamieszkania,wtórny,1998.0,31.733333333333334
Włochy,1308000.0,65.4,3.0,1.0,2.0,do wykończenia,pierwotny,2024.0,30.616666666666667
Śródmieście,2156275.0,78.41,4.0,4.0,5.0,do wykończenia,wtórny,1953.0,17.6
Białołęka,465000.0,32.06,1.0,3.0,4.0,do wykończenia,wtórny,2025.0,76.73333333333333
Praga-Północ,495000.0,37.0,2.0,7.0,10.0,do zamieszkania,wtórny,1975.0,19.483333333333334
Żoliborz,2526970.0,85.66,4.0,7.0,9.0,do zamieszkania,wtórny,2014.0,26.316666666666666
Śródmieście,835000.0,39.52,1.0,6.0,8.0,do remontu,wtórny,1959.0,23.883333333333333
Wilanów,1049000.0,45.93,2.0,1.0,4.0,do zamieszkania,wtórny,2019.0,49.483333333333334
Mokotów,859000.0,38.5,2.0,4.0,6.0,do zamieszkania,wtórny,2020.0,40.483333333333334
Mokotów,1650000.0,58.2,3.0,1.0,4.0,do wykończenia,pierwotny,2024.0,29.233333333333334
Bemowo,839000.0,50.38,2.0,2.0,6.0,do zamieszkania,wtórny,2019.0,37.18333333333333
Mokotów,1284656.0,58.6,3.0,2.0,9.0,do wykończenia,pierwotny,2025.0,27.916666666666668
Białołęka,800000.0,53.45,3.0,2.0,3.0,do zamieszkania,wtórny,2022.0,76.73333333333333
Targówek,755500.0,42.0,2.0,2.0,3.0,do zamieszkania,wtórny,2025.0,34.8
Praga-Południe,1099000.0,49.02,2.0,0.0,7.0,do zamieszkania,wtórny,2020.0,31.733333333333334
Praga-Południe,810000.0,51.0,2.0,4.0,12.0,do zamieszkania,wtórny,1983.0,42.016666666666666
Praga-Północ,990000.0,73.0,4.0,3.0,11.0,do remontu,wtórny,1981.0,27.183333333333334
Białołęka,675000.0,50.5,3.0,3.0,3.0,do zamieszkania,wtórny,2011.0,76.73333333333333
Białołęka,848000.0,49.9,2.0,0.0,4.0,do zamieszkania,wtórny,2020.0,76.73333333333333
Białołęka,899000.0,70.5,3.0,2.0,4.0,do zamieszkania,wtórny,2000.0,76.73333333333333
Wola,3400000.0,76.42,3.0,10.0,29.0,do zamieszkania,wtórny,2025.0,33.46666666666667
Włochy,720000.0,53.0,3.0,3.0,10.0,do remontu,wtórny,1978.0,24.316666666666666
Wilanów,1775000.0,83.56,4.0,2.0,4.0,do zamieszkania,wtórny,2015.0,49.483333333333334
Żoliborz,830000.0,36.9,1.0,1.0,8.0,do zamieszkania,wtórny,2020.0,25.616666666666667
Bielany,820000.0,56.0,3.0,2.0,10.0,do zamieszkania,wtórny,1970.0,41.05
Białołęka,995000.0,68.0,3.0,2.0,5.0,do zamieszkania,wtórny,2000.0,76.73333333333333
Ursus,765000.0,51.1,2.0,4.0,6.0,do zamieszkania,wtórny,2007.0,26.083333333333332
Białołęka,530000.0,29.0,1.0,0.0,2.0,do zamieszkania,wtórny,2019.0,58.583333333333336
Praga-Południe,720000.0,72.0,3.0,10.0,13.0,do remontu,wtórny,1980.0,31.733333333333334
Bemowo,1180000.0,62.5,3.0,0.0,5.0,do zamieszkania,wtórny,2014.0,38.28333333333333
Mokotów,390000.0,19.0,1.0,4.0,5.0,do zamieszkania,wtórny,1955.0,29.233333333333334
Praga-Południe,818000.0,63.0,3.0,6.0,10.0,do zamieszkania,wtórny,1980.0,42.016666666666666
Bemowo,1061000.0,53.3,3.0,0.0,7.0,do zamieszkania,wtórny,2017.0,38.28333333333333
Wola,729000.0,28.62,1.0,3.0,28.0,do zamieszkania,wtórny,2022.0,13.15
Białołęka,847596.0,57.27,3.0,3.0,4.0,do wykończenia,pierwotny,2027.0,76.73333333333333
Wilanów,1650000.0,80.0,3.0,3.0,4.0,do zamieszkania,wtórny,2012.0,49.483333333333334
Wola,568459.0,28.66,1.0,2.0,7.0,do wykończenia,pierwotny,2025.0,33.46666666666667
Mokotów,534900.0,31.5,1.0,8.0,12.0,do zamieszkania,wtórny,1970.0,29.233333333333334
Praga-Południe,1231923.0,77.0,3.0,3.0,4.0,do zamieszkania,wtórny,2010.0,31.733333333333334
Wilanów,1598000.0,75.28,3.0,1.0,4.0,do zamieszkania,wtórny,2018.0,61.46666666666667
Śródmieście,881118.0,26.46,1.0,2.0,8.0,do wykończenia,pierwotny,2027.0,13.15
Bielany,340000.0,17.5,1.0,4.0,4.0,do wykończenia,wtórny,1972.0,41.05
Białołęka,920000.0,58.19,3.0,2.0,6.0,do zamieszkania,wtórny,2019.0,76.73333333333333
Bielany,3432880.0,156.04,5.0,2.0,4.0,do remontu,wtórny,2013.0,41.05
Białołęka,764446.0,50.2,3.0,8.0,8.0,do wykończenia,pierwotny,2027.0,76.73333333333333
Praga,1326000.0,62.92,3.0,7.0,8.0,do zamieszkania,wtórny,1961.0,22.3
Białołęka,684000.0,44.16,2.0,3.0,5.0,do zamieszkania,wtórny,2023.0,76.73333333333333
Wola,729000.0,28.62,1.0,3.0,28.0,do zamieszkania,wtórny,2022.0,13.15
Żoliborz,680000.0,38.0,2.0,6.0,10.0,do zamieszkania,wtórny,1971.0,26.316666666666666
Mokotów,1175000.0,79.0,3.0,3.0,4.0,do zamieszkania,wtórny,1997.0,29.233333333333334
Bemowo,964491.0,79.71,3.0,9.0,10.0,do zamieszkania,wtórny,1986.0,38.28333333333333
Śródmieście,620000.0,37.4,2.0,7.0,10.0,do remontu,wtórny,1970.0,18.116666666666667
Targówek,719000.0,62.0,3.0,7.0,11.0,do remontu,wtórny,1971.0,34.8
Żoliborz,799000.0,49.0,2.0,2.0,4.0,do remontu,wtórny,1959.0,26.316666666666666
Mokotów,750000.0,51.0,3.0,7.0,10.0,do zamieszkania,wtórny,1974.0,29.233333333333334
Praga,1100000.0,74.4,3.0,5.0,10.0,do zamieszkania,wtórny,2007.0,34.5
Wola,373000.0,19.0,1.0,0.0,3.0,do zamieszkania,wtórny,1960.0,33.46666666666667
Wola,1400000.0,75.98,3.0,4.0,4.0,do zamieszkania,wtórny,2010.0,33.46666666666667
Mokotów,841400.0,48.08,2.0,1.0,4.0,do wykończenia,pierwotny,2025.0,31.066666666666666
Mokotów,973539.0,64.26,3.0,4.0,5.0,do wykończenia,pierwotny,2025.0,31.066666666666666
Białołęka,1155000.0,76.0,3.0,3.0,5.0,do zamieszkania,wtórny,2023.0,76.73333333333333
Białołęka,515690.0,36.73,2.0,1.0,2.0,do zamieszkania,pierwotny,2025.0,76.73333333333333
Wilanów,2390000.0,88.64,4.0,0.0,3.0,do zamieszkania,wtórny,2018.0,61.46666666666667
Białołęka,504043.0,40.0,3.0,2.0,2.0,do wykończenia,pierwotny,2025.0,76.73333333333333
Włochy,1097000.0,61.0,3.0,3.0,4.0,do zamieszkania,wtórny,2018.0,30.616666666666667
Mokotów,1115738.0,66.02,4.0,3.0,5.0,do wykończenia,pierwotny,2025.0,31.066666666666666
Białołęka,474563.0,34.69,2.0,2.0,2.0,do zamieszkania,pierwotny,2025.0,76.73333333333333
Wola,1110000.0,37.66,2.0,2.0,6.0,do zamieszkania,wtórny,2015.0,33.46666666666667
Mokotów,1164185.0,55.44,2.0,3.0,4.0,do zamieszkania,wtórny,1951.0,23.65
Wawer,1074000.0,80.66,4.0,1.0,2.0,do wykończenia,pierwotny,2025.0,56.4
Włochy,430000.0,28.2,1.0,0.0,2.0,do zamieszkania,wtórny,1933.0,30.616666666666667
Włochy,910524.0,65.98,3.0,0.0,4.0,do wykończenia,pierwotny,2025.0,20.516666666666666
Białołęka,600000.0,43.5,2.0,0.0,4.0,do zamieszkania,wtórny,1999.0,76.73333333333333
Włochy,939673.0,62.23,3.0,4.0,4.0,do wykończenia,pierwotny,2025.0,20.516666666666666
Mokotów,550000.0,36.9,2.0,5.0,9.0,do remontu,wtórny,1965.0,29.233333333333334
Bemowo,745000.0,53.0,2.0,5.0,8.0,do wykończenia,wtórny,1978.0,38.03333333333333
Wola,690000.0,37.0,2.0,0.0,4.0,do zamieszkania,wtórny,1957.0,19.566666666666666
Praga-Południe,737000.0,58.5,3.0,7.0,11.0,do zamieszkania,wtórny,1985.0,31.733333333333334
Praga-Południe,778600.0,59.9,3.0,10.0,15.0,do zamieszkania,wtórny,1978.0,31.733333333333334
Praga-Południe,695000.0,44.6,2.0,10.0,18.0,do zamieszkania,wtórny,2004.0,34.016666666666666
Wola,870000.0,48.0,3.0,2.0,15.0,do zamieszkania,wtórny,1970.0,33.46666666666667
Śródmieście,1611380.0,51.98,2.0,5.0,8.0,do wykończenia,pierwotny,2027.0,9.366666666666667
Praga-Południe,899000.0,64.0,3.0,5.0,5.0,do zamieszkania,wtórny,1997.0,31.016666666666666
Ursus,778233.0,38.95,2.0,4.0,7.0,do zamieszkania,wtórny,2025.0,26.083333333333332
Śródmieście,2471568.0,66.44,3.0,4.0,8.0,do wykończenia,pierwotny,2027.0,13.15
Bemowo,879966.0,47.31,2.0,0.0,4.0,do wykończenia,pierwotny,2026.0,38.03333333333333
Wawer,1066000.0,69.0,3.0,2.0,4.0,do wykończenia,wtórny,2025.0,56.483333333333334
Praga-Południe,899000.0,57.0,3.0,0.0,4.0,do wykończenia,wtórny,2020.0,31.733333333333334
Włochy,1199000.0,62.12,3.0,0.0,3.0,do zamieszkania,wtórny,2020.0,27.433333333333334
Bemowo,929000.0,50.29,2.0,2.0,7.0,do zamieszkania,wtórny,2005.0,49.21666666666667
Wola,1136692.0,75.8,3.0,1.0,16.0,do wykończenia,pierwotny,2027.0,28.316666666666666
Wola,1270852.0,84.8,3.0,1.0,16.0,do wykończenia,pierwotny,2027.0,28.316666666666666
Białołęka,925000.0,56.0,2.0,2.0,3.0,do zamieszkania,wtórny,2018.0,66.41666666666667
Białołęka,666999.0,53.7,3.0,3.0,3.0,do zamieszkania,wtórny,2005.0,66.41666666666667
Ursus,638684.18,42.09,2.0,8.0,8.0,do wykończenia,pierwotny,2026.0,26.083333333333332
Praga-Północ,699000.0,61.2,3.0,1.0,4.0,do remontu,wtórny,1982.0,28.416666666666668
Wilanów,1710000.0,83.0,3.0,3.0,4.0,do zamieszkania,wtórny,2007.0,39.43333333333333
Wilanów,1049000.0,54.0,2.0,1.0,3.0,do zamieszkania,wtórny,2005.0,61.46666666666667
Praga-Południe,1020000.0,54.3,3.0,4.0,4.0,do zamieszkania,wtórny,1930.0,31.733333333333334
Ursus,829000.0,45.3,3.0,2.0,7.0,do zamieszkania,wtórny,2023.0,26.083333333333332
Ursus,830000.0,54.49,2.0,2.0,4.0,do zamieszkania,wtórny,2011.0,26.083333333333332
Bemowo,1370000.0,83.19,3.0,1.0,5.0,do zamieszkania,wtórny,2010.0,38.03333333333333
Mokotów,1555000.0,65.0,2.0,2.0,6.0,do zamieszkania,wtórny,2010.0,32.43333333333333
Praga-Południe,1105000.0,69.16,4.0,5.0,6.0,do zamieszkania,wtórny,2010.0,31.733333333333334
Ursus,765000.0,50.0,2.0,0.0,4.0,do wykończenia,wtórny,2005.0,38.016666666666666
Mokotów,988000.0,57.5,3.0,6.0,10.0,do zamieszkania,wtórny,1976.0,29.233333333333334
Mokotów,1330000.0,70.0,3.0,1.0,7.0,do zamieszkania,wtórny,2006.0,29.233333333333334
Wilanów,1099000.0,55.0,2.0,1.0,4.0,do zamieszkania,wtórny,2016.0,49.483333333333334
Praga,579000.0,30.08,1.0,2.0,4.0,do zamieszkania,wtórny,1956.0,22.3
Ursynów,794000.0,53.0,2.0,3.0,3.0,do zamieszkania,wtórny,1987.0,42.63333333333333
Praga-Północ,1010000.0,69.56,3.0,0.0,3.0,do zamieszkania,wtórny,1954.0,28.416666666666668
Bielany,790000.0,59.0,3.0,3.0,4.0,do zamieszkania,wtórny,1970.0,41.05
Praga-Południe,1220267.5,82.73,4.0,2.0,6.0,do wykończenia,pierwotny,2026.0,32.916666666666664
Śródmieście,1985000.0,77.3,3.0,4.0,6.0,do zamieszkania,wtórny,1956.0,12.416666666666666
Białołęka,925000.0,56.0,2.0,2.0,3.0,do zamieszkania,wtórny,2018.0,66.41666666666667
Włochy,1500000.0,76.66,4.0,3.0,5.0,do zamieszkania,wtórny,2017.0,30.616666666666667
Bemowo,830000.0,45.0,2.0,4.0,6.0,do zamieszkania,wtórny,2016.0,38.0
Włochy,625000.0,41.64,2.0,1.0,5.0,do wykończenia,wtórny,2025.0,30.616666666666667
Praga-Południe,604000.0,34.0,2.0,2.0,4.0,do wykończenia,wtórny,1935.0,32.916666666666664
Mokotów,919320.0,56.4,3.0,3.0,7.0,do wykończenia,pierwotny,2027.0,29.233333333333334
Mokotów,642996.0,38.16,2.0,2.0,7.0,do wykończenia,pierwotny,2027.0,29.233333333333334
Mokotów,808515.0,43.69,2.0,1.0,7.0,do wykończenia,pierwotny,2026.0,29.233333333333334
Białołęka,769500.0,60.8,3.0,2.0,3.0,do zamieszkania,wtórny,2015.0,66.41666666666667
Białołęka,452704.0,34.69,2.0,2.0,2.0,do wykończenia,pierwotny,2026.0,66.41666666666667
Śródmieście,998998.13,37.33,3.0,3.0,10.0,do zamieszkania,wtórny,1964.0,12.416666666666666
Białołęka,970697.0,77.01,3.0,3.0,3.0,do wykończenia,pierwotny,2026.0,56.9
Włochy,590895.0,43.77,3.0,1.0,2.0,do zamieszkania,wtórny,1938.0,30.616666666666667
Bielany,1530000.0,76.61,3.0,1.0,5.0,do zamieszkania,wtórny,2012.0,41.05
Wola,750000.0,38.56,2.0,1.0,5.0,do zamieszkania,wtórny,2012.0,33.46666666666667
Wola,1855350.0,53.01,3.0,6.0,14.0,do zamieszkania,wtórny,2018.0,13.15
Mokotów,530000.0,30.89,1.0,0.0,5.0,do wykończenia,pierwotny,2026.0,29.233333333333334
Bemowo,1299900.0,100.0,3.0,4.0,4.0,do zamieszkania,wtórny,2009.0,38.28333333333333
Śródmieście,4800000.0,112.24,4.0,10.0,14.0,do zamieszkania,wtórny,2018.0,13.15
Białołęka,649000.0,40.0,2.0,0.0,4.0,do zamieszkania,wtórny,2021.0,66.41666666666667
Białołęka,565488.0,42.84,2.0,0.0,2.0,do wykończenia,pierwotny,2027.0,66.41666666666667
Wawer,576525.0,40.65,2.0,3.0,5.0,do wykończenia,pierwotny,2026.0,41.81666666666667
Białołęka,686271.0,65.09,2.0,1.0,3.0,do wykończenia,pierwotny,2025.0,66.41666666666667
Wola,1358616.47,52.36,2.0,1.0,5.0,do zamieszkania,pierwotny,2020.0,20.3
Śródmieście,1081937.0,39.64,2.0,2.0,11.0,do zamieszkania,pierwotny,2019.0,12.416666666666666
Ursus,361480.52,25.14,1.0,1.0,3.0,do wykończenia,pierwotny,2026.0,26.083333333333332
Wilanów,1519000.0,76.0,3.0,5.0,10.0,do zamieszkania,pierwotny,2022.0,61.46666666666667
Mokotów,714923.0,37.33,2.0,0.0,7.0,do wykończenia,pierwotny,2026.0,29.233333333333334
Mokotów,1446167.0,62.06,3.0,9.0,10.0,do wykończenia,pierwotny,2026.0,29.233333333333334
Mokotów,1257413.0,80.09,4.0,3.0,7.0,do wykończenia,pierwotny,2025.0,29.233333333333334
Praga-Południe,683000.0,41.53,2.0,0.0,4.0,do wykończenia,pierwotny,2025.0,32.9
Wola,2300000.0,92.84,6.0,5.0,2.0,do wykończenia,wtórny,2017.0,33.46666666666667
Targówek,719000.0,47.0,3.0,8.0,10.0,do zamieszkania,wtórny,1969.0,34.8
Wilanów,1270000.0,71.2,2.0,0.0,4.0,do zamieszkania,wtórny,2007.0,61.46666666666667
Mokotów,1284600.0,58.61,3.0,2.0,8.0,do wykończenia,pierwotny,2025.0,29.233333333333334
Wilanów,1210000.0,64.0,3.0,4.0,4.0,do wykończenia,wtórny,2025.0,61.46666666666667
Wola,1108000.0,33.6,1.0,0.0,6.0,do zamieszkania,wtórny,2020.0,20.283333333333335
Ursynów,735000.0,42.4,2.0,4.0,10.0,do zamieszkania,wtórny,1983.0,48.583333333333336
Praga-Południe,899000.0,46.4,2.0,10.0,13.0,do zamieszkania,wtórny,2013.0,32.9
Mokotów,998000.0,60.0,3.0,0.0,4.0,do zamieszkania,wtórny,2008.0,29.233333333333334
Ochota,775000.0,37.0,2.0,9.0,12.0,do zamieszkania,wtórny,1968.0,12.766666666666667
Bemowo,810000.0,50.8,2.0,6.0,8.0,do zamieszkania,wtórny,1977.0,38.28333333333333
Ursus,535000.0,44.5,3.0,3.0,4.0,do remontu,wtórny,1965.0,26.083333333333332
Mokotów,710000.0,37.4,2.0,1.0,4.0,do zamieszkania,wtórny,2010.0,29.233333333333334
Ursynów,630000.0,46.0,2.0,4.0,4.0,do zamieszkania,wtórny,1979.0,48.583333333333336
Bielany,1100000.0,50.0,3.0,0.0,10.0,do zamieszkania,wtórny,2016.0,41.05
Bemowo,1704758.0,90.71,4.0,1.0,4.0,do wykończenia,pierwotny,2027.0,38.28333333333333
Ursynów,850000.0,52.0,2.0,2.0,3.0,do zamieszkania,wtórny,2001.0,48.583333333333336
Śródmieście,784000.0,23.0,1.0,1.0,3.0,do zamieszkania,wtórny,1950.0,12.416666666666666
Białołęka,744000.0,61.0,3.0,3.0,3.0,do wykończenia,pierwotny,2025.0,66.41666666666667
Bemowo,1690000.0,93.97,4.0,1.0,5.0,do zamieszkania,wtórny,2004.0,38.28333333333333
Targówek,780000.0,44.0,2.0,0.0,3.0,do zamieszkania,wtórny,2016.0,34.8
Bielany,570000.0,52.49,2.0,9.0,10.0,do remontu,wtórny,1976.0,41.05
Białołęka,562000.0,37.5,2.0,3.0,8.0,do zamieszkania,wtórny,2016.0,66.41666666666667
Białołęka,924000.0,66.38,3.0,2.0,3.0,do zamieszkania,wtórny,2012.0,66.41666666666667
Wilanów,1643400.0,66.0,3.0,3.0,4.0,do zamieszkania,wtórny,2019.0,61.46666666666667
Mokotów,998000.0,60.0,3.0,0.0,4.0,do zamieszkania,wtórny,2008.0,29.233333333333334
Mokotów,419000.0,20.5,1.0,4.0,10.0,do zamieszkania,wtórny,1980.0,29.233333333333334
Wola,1620000.0,70.22,3.0,3.0,6.0,do zamieszkania,wtórny,2021.0,33.46666666666667
Targówek,1250000.0,78.0,3.0,0.0,5.0,do zamieszkania,wtórny,2008.0,34.8
Ursynów,1120000.0,50.13,2.0,1.0,2.0,do zamieszkania,wtórny,2019.0,48.583333333333336
Mokotów,771728.0,44.48,2.0,5.0,7.0,do wykończenia,pierwotny,2026.0,29.233333333333334
Ursus,1579893.0,98.13,3.0,6.0,6.0,do wykończenia,pierwotny,2027.0,26.083333333333332
Wawer,1120000.0,70.2,3.0,0.0,1.0,do zamieszkania,wtórny,2002.0,41.81666666666667
Białołęka,526800.0,33.4,2.0,3.0,3.0,do zamieszkania,wtórny,2009.0,66.41666666666667
Wola,988000.0,51.0,3.0,0.0,6.0,do zamieszkania,wtórny,2014.0,33.46666666666667
Mokotów,1590000.0,60.4,3.0,4.0,5.0,do zamieszkania,pierwotny,2024.0,29.233333333333334
Praga-Południe,1440000.0,70.59,3.0,3.0,5.0,do zamieszkania,wtórny,2017.0,32.86666666666667
Mokotów,1440000.0,72.0,3.0,3.0,6.0,do zamieszkania,wtórny,2018.0,40.53333333333333
Bemowo,644000.0,46.0,2.0,9.0,9.0,do wykończenia,wtórny,1980.0,38.28333333333333
Ochota,2790000.0,131.4,4.0,4.0,5.0,do zamieszkania,wtórny,1999.0,18.583333333333332
Praga-Północ,753000.0,44.35,2.0,5.0,5.0,do zamieszkania,wtórny,1936.0,22.533333333333335
Wilanów,865000.0,55.0,2.0,0.0,2.0,do zamieszkania,wtórny,2007.0,61.46666666666667
Wilanów,1490000.0,86.8,3.0,2.0,4.0,do zamieszkania,wtórny,2016.0,61.46666666666667
Targówek,739000.0,55.0,3.0,0.0,10.0,do remontu,wtórny,1970.0,34.8
Śródmieście,1200000.0,62.52,3.0,1.0,4.0,do remontu,wtórny,1959.0,26.383333333333333
Białołęka,1024432.0,75.05,4.0,0.0,2.0,do wykończenia,pierwotny,2026.0,66.41666666666667
Białołęka,571846.0,47.26,3.0,2.0,2.0,do wykończenia,pierwotny,2025.0,66.41666666666667
Białołęka,920000.0,67.0,3.0,2.0,3.0,do zamieszkania,wtórny,2021.0,66.41666666666667
Wilanów,880000.0,31.46,1.0,3.0,4.0,do zamieszkania,wtórny,2018.0,61.46666666666667
Białołęka,941158.0,65.3,2.0,0.0,3.0,do wykończenia,pierwotny,2025.0,66.41666666666667
Wilanów,669000.0,36.62,1.0,4.0,4.0,do zamieszkania,wtórny,2010.0,61.46666666666667
Bemowo,1750000.0,85.55,3.0,1.0,5.0,do zamieszkania,wtórny,2020.0,38.28333333333333
Ursus,907762.0,57.43,3.0,0.0,4.0,do wykończenia,pierwotny,2026.0,26.083333333333332
Praga-Południe,700000.0,39.0,2.0,3.0,3.0,do zamieszkania,wtórny,1966.0,21.85
Ursus,640000.0,57.8,4.0,4.0,4.0,do remontu,wtórny,1976.0,26.083333333333332
Ursynów,650000.0,38.5,2.0,5.0,15.0,do zamieszkania,wtórny,2000.0,44.53333333333333
Mokotów,1490000.0,88.0,4.0,0.0,3.0,do zamieszkania,wtórny,1917.0,29.233333333333334
Targówek,697000.0,95.26,3.0,0.0,3.0,do zamieszkania,wtórny,1994.0,34.8
Ursus,1199000.0,58.82,3.0,7.0,7.0,do wykończenia,pierwotny,2025.0,26.083333333333332
Mokotów,1220000.0,51.46,2.0,3.0,4.0,do zamieszkania,wtórny,2021.0,29.233333333333334
Mokotów,2790175.0,141.5,5.0,2.0,8.0,do wykończenia,pierwotny,2025.0,27.9
Białołęka,640000.0,37.4,2.0,1.0,8.0,do zamieszkania,wtórny,2014.0,66.41666666666667
Ursus,819000.0,52.4,3.0,1.0,4.0,do zamieszkania,wtórny,2005.0,26.083333333333332
Wilanów,3370000.0,147.0,4.0,4.0,4.0,do zamieszkania,wtórny,2006.0,61.46666666666667
Śródmieście,2300000.0,84.19,3.0,4.0,5.0,do zamieszkania,wtórny,1935.0,16.383333333333333
Białołęka,526800.0,33.4,2.0,3.0,3.0,do zamieszkania,wtórny,2009.0,66.41666666666667
Wola,2820000.0,196.0,4.0,10.0,30.0,do remontu,wtórny,2004.0,33.46666666666667
Wilanów,4490000.0,140.1,5.0,4.0,4.0,do zamieszkania,wtórny,2010.0,61.46666666666667
Białołęka,799900.0,57.4,2.0,0.0,4.0,do zamieszkania,wtórny,2012.0,66.41666666666667
Białołęka,571846.0,47.26,3.0,2.0,2.0,do wykończenia,pierwotny,2025.0,66.41666666666667
Ursus,899000.0,50.1,3.0,4.0,4.0,do zamieszkania,wtórny,2023.0,26.083333333333332
Targówek,695000.0,59.1,3.0,0.0,2.0,do remontu,wtórny,1990.0,34.8
Bielany,771330.0,36.73,1.0,3.0,8.0,do wykończenia,pierwotny,2025.0,38.96666666666667
Mokotów,669000.0,37.5,2.0,5.0,10.0,do zamieszkania,wtórny,1968.0,29.233333333333334
Praga-Południe,479000.0,28.0,1.0,0.0,4.0,do zamieszkania,wtórny,1980.0,32.88333333333333
Wawer,918200.0,45.91,2.0,5.0,5.0,do zamieszkania,wtórny,2019.0,41.81666666666667
Mokotów,1149000.0,68.0,3.0,0.0,7.0,do zamieszkania,wtórny,2015.0,29.233333333333334
Targówek,389000.0,26.0,1.0,0.0,4.0,do wykończenia,wtórny,2024.0,34.8
Mokotów,1643000.0,86.5,3.0,1.0,4.0,do wykończenia,wtórny,2024.0,29.233333333333334
Ursus,805400.0,40.0,2.0,3.0,4.0,do zamieszkania,wtórny,2024.0,41.96666666666667
Ursynów,999000.0,61.0,3.0,6.0,9.0,do zamieszkania,wtórny,1980.0,48.55
Białołęka,769000.0,72.0,3.0,3.0,3.0,do zamieszkania,wtórny,2003.0,66.41666666666667
Włochy,999500.0,71.4,3.0,3.0,4.0,do zamieszkania,wtórny,2008.0,30.616666666666667
Wilanów,2340000.0,93.11,3.0,2.0,4.0,do zamieszkania,wtórny,2017.0,49.483333333333334
Wola,1199999.0,45.0,2.0,7.0,8.0,do zamieszkania,wtórny,2019.0,33.46666666666667
Praga-Północ,870000.0,52.69,2.0,3.0,3.0,do zamieszkania,wtórny,1952.0,31.266666666666666
Targówek,669000.0,45.49,2.0,2.0,3.0,do zamieszkania,wtórny,2005.0,34.8
Białołęka,899000.0,70.6,3.0,1.0,3.0,do zamieszkania,wtórny,2001.0,66.41666666666667
Bemowo,1090000.0,76.0,3.0,9.0,11.0,do zamieszkania,wtórny,1990.0,38.28333333333333
Białołęka,757000.0,53.83,3.0,1.0,3.0,do zamieszkania,wtórny,2019.0,66.41666666666667
Białołęka,455000.0,32.3,1.0,0.0,4.0,do zamieszkania,wtórny,2003.0,66.41666666666667
Praga-Południe,520000.0,34.5,1.0,4.0,5.0,do zamieszkania,wtórny,1994.0,40.65
Białołęka,650000.0,45.32,2.0,3.0,4.0,do zamieszkania,wtórny,2014.0,66.41666666666667
Białołęka,670000.0,49.49,3.0,3.0,3.0,do zamieszkania,wtórny,2019.0,66.41666666666667
Białołęka,664000.0,46.39,2.0,1.0,3.0,do zamieszkania,wtórny,2016.0,66.41666666666667
Białołęka,639000.0,49.5,2.0,3.0,4.0,do zamieszkania,wtórny,2002.0,66.41666666666667
Mokotów,889000.0,47.44,3.0,7.0,10.0,do zamieszkania,wtórny,1971.0,22.35
Praga-Południe,530000.0,40.25,2.0,2.0,3.0,do remontu,wtórny,1938.0,32.88333333333333
Praga,870000.0,49.0,2.0,5.0,13.0,do zamieszkania,wtórny,2013.0,22.3
Mokotów,518000.0,31.5,1.0,6.0,11.0,do remontu,pierwotny,1988.0,23.483333333333334
Ursynów,620000.0,34.72,2.0,9.0,10.0,do remontu,wtórny,2003.0,48.55
Białołęka,649000.0,47.0,2.0,4.0,5.0,do wykończenia,pierwotny,2023.0,66.41666666666667
Bielany,899000.0,53.0,3.0,1.0,4.0,do zamieszkania,wtórny,1960.0,37.65
Ochota,699000.0,33.0,2.0,1.0,5.0,do zamieszkania,wtórny,2025.0,18.583333333333332
Mokotów,960999.0,31.0,1.0,0.0,8.0,do zamieszkania,pierwotny,2021.0,29.233333333333334
Mokotów,470000.0,31.4,1.0,0.0,11.0,do remontu,pierwotny,1988.0,23.466666666666665
Bielany,859000.0,54.0,3.0,0.0,4.0,do zamieszkania,wtórny,1965.0,37.65
Ursynów,1155000.0,104.0,5.0,2.0,2.0,do zamieszkania,wtórny,2000.0,48.56666666666667
Wola,963480.0,43.4,2.0,5.0,5.0,do zamieszkania,wtórny,2014.0,33.46666666666667
Mokotów,887700.0,32.28,2.0,1.0,4.0,do wykończenia,pierwotny,1935.0,29.233333333333334
Wola,648000.0,39.0,2.0,10.0,15.0,do zamieszkania,wtórny,1972.0,18.816666666666666
Białołęka,739000.0,56.86,3.0,2.0,2.0,do remontu,wtórny,2014.0,66.41666666666667
Żoliborz,1250000.0,48.3,2.0,4.0,6.0,do zamieszkania,wtórny,2019.0,26.316666666666666
Bemowo,1430000.0,48.0,2.0,4.0,4.0,do zamieszkania,wtórny,2016.0,38.28333333333333
Bemowo,998415.0,60.51,3.0,3.0,6.0,do wykończenia,pierwotny,2026.0,50.03333333333333
Bemowo,1334560.0,83.41,4.0,1.0,6.0,do wykończenia,pierwotny,2026.0,50.03333333333333
Białołęka,674772.0,58.17,3.0,0.0,3.0,do wykończenia,pierwotny,2026.0,56.9
Bemowo,698000.0,59.45,2.0,5.0,10.0,do zamieszkania,wtórny,1987.0,38.28333333333333
Ochota,1480000.0,74.2,3.0,6.0,6.0,do wykończenia,pierwotny,2025.0,18.583333333333332
Wola,747000.0,39.0,2.0,8.0,15.0,do zamieszkania,wtórny,1969.0,20.266666666666666
Bielany,649000.0,57.7,3.0,2.0,12.0,do remontu,wtórny,1975.0,37.65
Wola,985875.0,78.87,4.0,2.0,5.0,do zamieszkania,wtórny,2023.0,33.46666666666667
Wola,930425.0,56.02,3.0,4.0,7.0,do wykończenia,pierwotny,2025.0,33.46666666666667
Wola,654123.0,38.32,2.0,5.0,7.0,do wykończenia,pierwotny,2025.0,33.46666666666667
Praga-Północ,1569000.0,82.4,3.0,2.0,6.0,do zamieszkania,wtórny,2007.0,33.0
Targówek,920000.0,67.25,3.0,2.0,3.0,do wykończenia,wtórny,2003.0,34.8
Włochy,880000.0,49.0,2.0,2.0,4.0,do zamieszkania,wtórny,2014.0,30.616666666666667
Ursynów,850000.0,67.0,3.0,0.0,4.0,do zamieszkania,wtórny,1980.0,48.56666666666667
Praga-Południe,619000.0,37.0,1.0,3.0,3.0,do zamieszkania,wtórny,1950.0,32.88333333333333
Mokotów,1890000.0,112.0,3.0,10.0,18.0,do zamieszkania,wtórny,1999.0,29.233333333333334
Bemowo,570000.0,31.8,1.0,0.0,4.0,do zamieszkania,wtórny,1999.0,38.28333333333333
Praga-Południe,749000.0,63.09,3.0,2.0,12.0,do zamieszkania,wtórny,1978.0,32.88333333333333
Śródmieście,747000.0,39.2,2.0,8.0,15.0,do zamieszkania,wtórny,1969.0,20.266666666666666
Mokotów,495000.0,29.5,1.0,2.0,6.0,do remontu,wtórny,1970.0,29.233333333333334
Mokotów,729000.0,47.0,2.0,5.0,7.0,do zamieszkania,wtórny,2001.0,29.233333333333334
Bemowo,870750.0,45.0,2.0,4.0,6.0,do zamieszkania,wtórny,2017.0,38.28333333333333
Bemowo,475000.0,30.0,1.0,0.0,8.0,do zamieszkania,wtórny,1982.0,38.28333333333333
Targówek,480000.0,33.55,1.0,3.0,3.0,do wykończenia,wtórny,2003.0,34.8
Śródmieście,1999000.0,66.0,3.0,4.0,4.0,do zamieszkania,wtórny,1953.0,12.383333333333333
Ursynów,660000.0,47.0,2.0,1.0,4.0,do remontu,wtórny,1985.0,48.56666666666667
Praga,419000.0,26.35,2.0,1.0,4.0,do remontu,wtórny,1936.0,22.3
Mokotów,690000.0,32.5,2.0,9.0,10.0,do zamieszkania,wtórny,2012.0,29.233333333333334
Mokotów,899000.0,56.56,3.0,2.0,12.0,do zamieszkania,wtórny,1976.0,29.233333333333334
Włochy,460000.0,37.2,2.0,4.0,4.0,do zamieszkania,wtórny,1965.0,23.833333333333332
Ursynów,1030000.0,68.82,4.0,6.0,7.0,do zamieszkania,wtórny,1977.0,48.56666666666667
Praga-Północ,870000.0,52.65,2.0,1.0,6.0,do remontu,wtórny,1955.0,28.416666666666668
Bielany,499000.0,27.2,1.0,1.0,10.0,do zamieszkania,wtórny,1973.0,34.35
Białołęka,474563.0,34.69,2.0,2.0,2.0,do zamieszkania,pierwotny,2025.0,66.41666666666667
Praga-Południe,1180000.0,52.44,2.0,5.0,5.0,do zamieszkania,wtórny,2015.0,32.88333333333333
Praga-Północ,855000.0,41.52,2.0,1.0,5.0,do zamieszkania,wtórny,2020.0,28.416666666666668
Mokotów,1876000.0,80.0,4.0,2.0,4.0,do zamieszkania,wtórny,2022.0,29.233333333333334
Białołęka,539000.0,33.0,2.0,0.0,2.0,do zamieszkania,wtórny,2024.0,66.41666666666667
Białołęka,759755.0,63.6,3.0,1.0,10.0,do remontu,wtórny,1990.0,66.41666666666667
Śródmieście,1550000.0,50.6,2.0,3.0,7.0,do zamieszkania,wtórny,1960.0,19.35
Wilanów,549990.0,32.07,1.0,3.0,4.0,do wykończenia,wtórny,2022.0,61.46666666666667
Białołęka,469000.0,32.7,1.0,1.0,4.0,do zamieszkania,wtórny,2000.0,66.41666666666667
Włochy,1750000.0,114.57,4.0,3.0,3.0,do zamieszkania,wtórny,1997.0,19.416666666666668
Mokotów,899000.0,56.4,3.0,0.0,10.0,do zamieszkania,wtórny,1971.0,29.233333333333334
Włochy,1480000.0,116.5,4.0,1.0,2.0,do remontu,wtórny,2000.0,30.616666666666667
Włochy,849000.0,57.0,2.0,2.0,2.0,do zamieszkania,wtórny,2018.0,30.616666666666667
Wola,945000.0,61.2,4.0,2.0,12.0,do zamieszkania,wtórny,1980.0,33.46666666666667
Ursynów,998200.0,86.8,3.0,3.0,3.0,do zamieszkania,wtórny,2000.0,48.55
Śródmieście,1750000.0,59.55,2.0,2.0,4.0,do remontu,wtórny,1924.0,20.366666666666667
Wilanów,1400000.0,75.6,2.0,3.0,4.0,do zamieszkania,wtórny,2015.0,61.46666666666667
Ursus,467388.0,38.31,2.0,2.0,3.0,do wykończenia,pierwotny,2025.0,39.95
Mokotów,4490000.0,250.0,5.0,0.0,4.0,do zamieszkania,wtórny,2002.0,29.233333333333334
Białołęka,785000.0,79.0,3.0,3.0,3.0,do zamieszkania,wtórny,2005.0,66.41666666666667
Wola,3200000.0,81.0,3.0,7.0,28.0,do zamieszkania,wtórny,2025.0,33.46666666666667
Wawer,900000.0,76.0,4.0,3.0,3.0,do zamieszkania,wtórny,2023.0,41.81666666666667
Ursus,1050000.0,63.5,2.0,3.0,4.0,do zamieszkania,wtórny,2009.0,26.083333333333332
Białołęka,750000.0,50.41,3.0,3.0,3.0,do zamieszkania,wtórny,2021.0,66.41666666666667
Bielany,1700000.0,104.05,3.0,0.0,4.0,do zamieszkania,wtórny,2006.0,37.65
Wola,2199000.0,75.7,3.0,1.0,6.0,do zamieszkania,wtórny,2025.0,30.05
Mokotów,1135000.0,49.29,2.0,6.0,6.0,do zamieszkania,wtórny,2018.0,29.233333333333334
Mokotów,1690000.0,60.53,2.0,3.0,4.0,do zamieszkania,wtórny,1930.0,29.233333333333334
Wilanów,850000.0,34.95,1.0,2.0,4.0,do zamieszkania,wtórny,2018.0,62.43333333333333
Wola,780000.0,37.41,2.0,7.0,12.0,do zamieszkania,wtórny,2010.0,33.46666666666667
Włochy,1480000.0,116.5,4.0,1.0,2.0,do remontu,wtórny,2000.0,30.616666666666667
Praga-Północ,806274.0,42.66,2.0,1.0,6.0,do wykończenia,pierwotny,2025.0,28.416666666666668
Włochy,1374000.0,69.49,3.0,2.0,4.0,do zamieszkania,wtórny,2023.0,30.616666666666667
Białołęka,749000.0,62.7,3.0,1.0,10.0,do remontu,wtórny,1990.0,66.41666666666667
Mokotów,4275540.0,127.2,4.0,2.0,2.0,do wykończenia,pierwotny,2024.0,29.233333333333334
Bemowo,770017.0,40.37,2.0,4.0,4.0,do wykończenia,pierwotny,2027.0,38.28333333333333
Białołęka,464670.0,34.42,1.0,0.0,3.0,do wykończenia,pierwotny,2027.0,66.41666666666667
Mokotów,1195000.0,50.0,2.0,1.0,5.0,do zamieszkania,wtórny,1958.0,29.233333333333334
Ursynów,830000.0,53.57,2.0,3.0,3.0,do zamieszkania,wtórny,1994.0,48.55
Włochy,968704.0,56.32,3.0,3.0,4.0,do wykończenia,pierwotny,2025.0,30.616666666666667
Białołęka,798000.0,54.0,2.0,0.0,2.0,do zamieszkania,wtórny,2003.0,66.41666666666667
Mokotów,1019000.0,54.9,2.0,1.0,5.0,do zamieszkania,wtórny,2007.0,29.7
Targówek,630000.0,37.04,2.0,1.0,3.0,do zamieszkania,wtórny,2023.0,34.8
Praga-Południe,850000.0,64.0,3.0,1.0,8.0,do zamieszkania,wtórny,1983.0,32.9
Żoliborz,810000.0,47.5,2.0,5.0,9.0,do zamieszkania,wtórny,1962.0,23.7
Wola,1049000.0,43.87,3.0,2.0,3.0,do zamieszkania,wtórny,1960.0,33.46666666666667
Wilanów,1669000.0,76.0,3.0,2.0,5.0,do zamieszkania,wtórny,2013.0,62.43333333333333
Włochy,348000.0,27.0,1.0,2.0,3.0,do remontu,wtórny,1934.0,30.616666666666667
Białołęka,494000.0,38.24,2.0,1.0,3.0,do wykończenia,pierwotny,2026.0,66.41666666666667
Włochy,640000.0,45.4,2.0,4.0,6.0,do zamieszkania,wtórny,2020.0,30.616666666666667
Wilanów,1550000.0,78.12,3.0,0.0,3.0,do zamieszkania,wtórny,2014.0,62.43333333333333
Ursus,860000.0,60.46,3.0,6.0,6.0,do wykończenia,wtórny,2025.0,41.96666666666667
Mokotów,780000.0,56.8,3.0,10.0,15.0,do remontu,wtórny,1984.0,35.233333333333334
Bemowo,1527042.0,81.66,4.0,4.0,9.0,do wykończenia,pierwotny,2027.0,38.28333333333333
Białołęka,616192.0,48.14,2.0,0.0,2.0,do wykończenia,pierwotny,2027.0,66.41666666666667
Praga-Południe,734673.0,41.39,2.0,1.0,3.0,do wykończenia,pierwotny,2026.0,32.9
Białołęka,696184.0,65.41,2.0,2.0,3.0,do wykończenia,pierwotny,2025.0,66.41666666666667
Wola,850732.63,29.79,1.0,2.0,7.0,do zamieszkania,pierwotny,2020.0,20.266666666666666
Śródmieście,1861776.0,66.56,3.0,3.0,11.0,do zamieszkania,pierwotny,2019.0,12.433333333333334
Wola,779000.0,33.5,2.0,1.0,8.0,do zamieszkania,wtórny,2020.0,33.46666666666667
Ochota,550000.0,35.81,1.0,5.0,6.0,do remontu,wtórny,1965.0,13.133333333333333
Targówek,549000.0,38.0,2.0,10.0,10.0,do zamieszkania,wtórny,1980.0,34.8
Praga-Południe,689789.5,39.53,2.0,1.0,5.0,do wykończenia,pierwotny,2025.0,32.9
Mokotów,700000.0,31.0,1.0,3.0,18.0,do zamieszkania,wtórny,1974.0,29.233333333333334
Ursynów,839000.0,45.46,2.0,4.0,6.0,do zamieszkania,wtórny,2016.0,48.56666666666667
Praga-Północ,1100470.0,55.3,2.0,0.0,6.0,do wykończenia,pierwotny,2025.0,29.9
Ursus,1250000.0,63.0,3.0,3.0,7.0,do zamieszkania,wtórny,2023.0,26.083333333333332
Wola,872000.0,40.5,2.0,1.0,6.0,do wykończenia,pierwotny,2026.0,33.46666666666667
Praga-Południe,420000.0,19.47,1.0,2.0,4.0,do zamieszkania,wtórny,1955.0,32.9
Wola,1270000.0,36.27,2.0,5.0,6.0,do zamieszkania,wtórny,2020.0,20.266666666666666
Praga-Południe,799000.0,57.4,2.0,1.0,8.0,do zamieszkania,wtórny,2004.0,27.383333333333333
Ursynów,1525000.0,95.24,3.0,1.0,5.0,do zamieszkania,wtórny,2001.0,22.366666666666667
Wilanów,1699000.0,81.7,3.0,1.0,4.0,do zamieszkania,wtórny,2012.0,57.56666666666667
Bemowo,1420000.0,67.38,3.0,4.0,8.0,do zamieszkania,wtórny,2009.0,38.28333333333333
Białołęka,616192.0,48.14,2.0,0.0,2.0,do wykończenia,pierwotny,2027.0,66.41666666666667
Bemowo,1650000.0,92.0,3.0,0.0,4.0,do zamieszkania,wtórny,2021.0,38.28333333333333
Praga-Południe,599000.0,26.33,1.0,1.0,5.0,do zamieszkania,wtórny,2023.0,32.9
Bielany,850000.0,48.57,2.0,3.0,4.0,do zamieszkania,wtórny,1958.0,34.4
Wola,592500.0,47.4,3.0,4.0,4.0,do remontu,wtórny,1970.0,33.46666666666667
Mokotów,1900000.0,68.0,3.0,8.0,8.0,do zamieszkania,wtórny,2016.0,29.233333333333334
Wola,929000.0,42.0,3.0,10.0,18.0,do zamieszkania,wtórny,2009.0,33.46666666666667
Targówek,700000.0,53.5,3.0,1.0,10.0,do remontu,wtórny,1978.0,34.8
Ochota,850000.0,61.5,4.0,2.0,4.0,do zamieszkania,wtórny,1957.0,18.583333333333332
Ursus,644589.0,42.13,2.0,5.0,8.0,do wykończenia,pierwotny,2026.0,26.083333333333332
Mokotów,3456000.0,144.0,5.0,8.0,8.0,do zamieszkania,wtórny,2008.0,29.233333333333334
Mokotów,560000.0,26.5,2.0,0.0,1.0,do wykończenia,wtórny,1937.0,29.233333333333334
Wola,749000.0,47.0,3.0,5.0,9.0,do zamieszkania,wtórny,1977.0,13.783333333333333
Wola,739000.0,46.0,3.0,10.0,11.0,do zamieszkania,wtórny,1968.0,22.9
Mokotów,485000.0,23.5,1.0,2.0,4.0,do remontu,wtórny,1967.0,29.233333333333334
Mokotów,1800000.0,81.97,4.0,2.0,6.0,do zamieszkania,wtórny,2019.0,29.233333333333334
Wola,919000.0,47.0,3.0,2.0,10.0,do zamieszkania,wtórny,1969.0,33.46666666666667
Wola,620000.0,25.78,1.0,4.0,5.0,do zamieszkania,wtórny,2015.0,33.46666666666667
Wola,583900.0,36.5,2.0,1.0,4.0,do remontu,wtórny,1960.0,36.55
Ursynów,906620.0,63.4,4.0,1.0,3.0,do wykończenia,wtórny,1983.0,48.56666666666667
Ursus,815000.0,61.0,3.0,4.0,7.0,do remontu,wtórny,2023.0,26.083333333333332
Ursynów,699000.0,36.0,1.0,1.0,12.0,do zamieszkania,wtórny,2009.0,48.56666666666667
Wola,1569000.0,80.57,4.0,1.0,7.0,do wykończenia,pierwotny,2025.0,33.46666666666667
Wilanów,1115000.0,57.0,3.0,1.0,4.0,do zamieszkania,wtórny,2016.0,73.25
Mokotów,2577000.0,107.4,4.0,0.0,2.0,do wykończenia,pierwotny,2024.0,29.233333333333334
Wilanów,950000.0,47.5,2.0,1.0,4.0,do zamieszkania,wtórny,2015.0,73.25
Bemowo,780000.0,39.52,2.0,2.0,5.0,do zamieszkania,wtórny,2015.0,38.28333333333333
Wilanów,1090000.0,55.39,2.0,3.0,4.0,do zamieszkania,wtórny,2016.0,73.25
Wilanów,1900000.0,91.0,4.0,1.0,4.0,do zamieszkania,wtórny,2012.0,73.25
Mokotów,3100000.0,107.0,3.0,6.0,9.0,do zamieszkania,wtórny,2008.0,29.233333333333334
Wilanów,1800000.0,104.0,4.0,2.0,4.0,do zamieszkania,wtórny,2006.0,73.25
Ursynów,960000.0,50.78,2.0,6.0,10.0,do zamieszkania,wtórny,2022.0,48.56666666666667
Śródmieście,740000.0,50.0,2.0,3.0,6.0,do remontu,wtórny,1956.0,178.7
Śródmieście,749000.0,48.0,2.0,2.0,8.0,do remontu,wtórny,1970.0,19.766666666666666
Wilanów,956956.0,56.33,2.0,1.0,2.0,do zamieszkania,wtórny,2016.0,73.25
Mokotów,660000.0,42.3,2.0,1.0,4.0,do remontu,wtórny,1935.0,22.366666666666667
Bemowo,999000.0,52.4,2.0,3.0,3.0,do zamieszkania,wtórny,2020.0,38.28333333333333
Wola,750000.0,32.77,2.0,1.0,16.0,do zamieszkania,wtórny,2019.0,33.46666666666667
Wola,1390000.0,62.25,2.0,5.0,6.0,do zamieszkania,wtórny,1951.0,20.716666666666665
Bemowo,900000.0,47.7,2.0,2.0,5.0,do zamieszkania,wtórny,2006.0,38.28333333333333
Bielany,655000.0,36.6,2.0,2.0,4.0,do zamieszkania,wtórny,1953.0,37.65
Praga,1800000.0,76.32,3.0,1.0,4.0,do zamieszkania,wtórny,2023.0,32.3
Mokotów,1449000.0,47.14,2.0,0.0,7.0,do zamieszkania,wtórny,2020.0,29.233333333333334
Targówek,660000.0,58.78,3.0,3.0,4.0,do remontu,wtórny,1976.0,34.8
Targówek,820000.0,55.0,3.0,0.0,4.0,do zamieszkania,wtórny,1994.0,34.8
Bemowo,999900.0,52.33,2.0,0.0,3.0,do zamieszkania,wtórny,2021.0,38.28333333333333
Bemowo,1000000.0,78.3,3.0,0.0,7.0,do remontu,wtórny,1997.0,38.28333333333333
Śródmieście,849000.0,51.5,2.0,3.0,7.0,do zamieszkania,wtórny,1955.0,178.7
Praga-Południe,790000.0,41.65,2.0,1.0,5.0,do zamieszkania,wtórny,2022.0,32.85
Mokotów,697000.0,43.0,2.0,0.0,10.0,do remontu,wtórny,1968.0,29.233333333333334
Bielany,429000.0,24.5,1.0,2.0,10.0,do zamieszkania,wtórny,1965.0,37.65
Wilanów,1620190.0,147.29,4.0,1.0,2.0,do wykończenia,pierwotny,2023.0,73.21666666666667
Ochota,570000.0,36.0,2.0,3.0,4.0,do zamieszkania,wtórny,1967.0,18.583333333333332
Śródmieście,975000.0,45.33,2.0,2.0,7.0,do remontu,wtórny,1956.0,20.55
Mokotów,1400414.0,52.06,2.0,0.0,2.0,do wykończenia,pierwotny,2026.0,29.233333333333334
Targówek,880000.0,51.0,3.0,1.0,4.0,do zamieszkania,wtórny,2020.0,40.233333333333334
Praga-Południe,2130000.0,87.0,4.0,2.0,6.0,do zamieszkania,wtórny,2024.0,32.85
Ochota,530000.0,38.1,2.0,1.0,4.0,do remontu,wtórny,1970.0,18.583333333333332
Bemowo,1300000.0,72.44,3.0,2.0,6.0,do zamieszkania,wtórny,2019.0,38.28333333333333
Włochy,849000.0,60.73,3.0,5.0,10.0,do zamieszkania,wtórny,1975.0,24.916666666666668
Bielany,780000.0,48.0,3.0,4.0,4.0,do zamieszkania,wtórny,1981.0,37.65
Wola,735000.0,46.15,2.0,3.0,12.0,do zamieszkania,wtórny,1978.0,33.46666666666667
Praga-Południe,690000.0,49.1,2.0,4.0,4.0,do zamieszkania,wtórny,1991.0,33.6
Ursynów,918200.0,45.91,2.0,3.0,3.0,do wykończenia,pierwotny,2025.0,48.55
Targówek,660000.0,58.78,3.0,3.0,4.0,do remontu,wtórny,1976.0,34.8
Ochota,859000.0,49.0,3.0,0.0,5.0,do zamieszkania,wtórny,1951.0,18.583333333333332
Białołęka,639000.0,40.99,2.0,1.0,4.0,do zamieszkania,wtórny,2020.0,66.41666666666667
Ochota,750000.0,36.0,2.0,1.0,4.0,do zamieszkania,wtórny,1964.0,18.583333333333332
Praga-Południe,649000.0,48.5,2.0,3.0,3.0,do remontu,wtórny,1952.0,32.016666666666666
Białołęka,659000.0,53.4,3.0,2.0,3.0,do zamieszkania,wtórny,2009.0,66.41666666666667
Targówek,560000.0,46.75,3.0,3.0,3.0,do wykończenia,pierwotny,1956.0,34.8
Targówek,540000.0,45.0,3.0,3.0,3.0,do wykończenia,wtórny,2024.0,34.8
Ursynów,830000.0,63.0,3.0,3.0,6.0,do wykończenia,wtórny,1985.0,45.71666666666667
Włochy,999000.0,66.98,3.0,3.0,3.0,do wykończenia,pierwotny,2025.0,30.616666666666667
Włochy,740000.0,48.73,2.0,3.0,3.0,do wykończenia,pierwotny,2025.0,30.616666666666667
Ursus,737575.0,45.25,2.0,4.0,6.0,do wykończenia,pierwotny,2027.0,26.083333333333332
Śródmieście,890000.0,41.5,2.0,4.0,4.0,do zamieszkania,wtórny,1938.0,22.066666666666666
Bemowo,1430000.0,96.0,4.0,0.0,5.0,do wykończenia,pierwotny,2027.0,38.28333333333333
Bielany,680000.0,54.5,3.0,4.0,8.0,do wykończenia,wtórny,1975.0,37.65
Bielany,540000.0,37.7,2.0,2.0,4.0,do zamieszkania,wtórny,1960.0,37.65
Wilanów,684200.0,30.67,1.0,0.0,2.0,do wykończenia,pierwotny,2026.0,73.21666666666667
Wilanów,1054047.0,47.04,2.0,0.0,3.0,do wykończenia,pierwotny,2026.0,73.21666666666667
Śródmieście,1889000.0,103.74,4.0,5.0,6.0,do zamieszkania,wtórny,1929.0,17.816666666666666
Białołęka,750000.0,52.4,3.0,0.0,5.0,do zamieszkania,wtórny,2002.0,66.41666666666667
Praga-Południe,630000.0,50.0,3.0,4.0,4.0,do zamieszkania,wtórny,1960.0,27.383333333333333
Bielany,630000.0,51.0,3.0,0.0,11.0,do zamieszkania,wtórny,1972.0,37.65
Mokotów,1300005.0,71.83,3.0,4.0,9.0,do wykończenia,pierwotny,2026.0,23.433333333333334
Włochy,1740000.0,83.56,3.0,0.0,3.0,do zamieszkania,wtórny,2008.0,30.616666666666667
Praga,715000.0,61.0,3.0,8.0,9.0,do remontu,wtórny,1976.0,22.3
Mokotów,1380582.92,84.62,4.0,1.0,7.0,do wykończenia,wtórny,2026.0,29.233333333333334
Wola,695000.0,34.1,1.0,10.0,17.0,do zamieszkania,wtórny,2008.0,22.916666666666668
Wola,1540000.0,57.0,2.0,4.0,9.0,do zamieszkania,wtórny,2007.0,18.833333333333332
Wilanów,1176000.0,47.25,2.0,3.0,4.0,do zamieszkania,wtórny,2010.0,73.21666666666667
Mokotów,2499000.0,145.31,5.0,4.0,4.0,do zamieszkania,wtórny,1937.0,29.233333333333334
Żoliborz,769000.0,45.81,2.0,0.0,3.0,do remontu,wtórny,1956.0,29.2
Wola,1370000.0,70.57,3.0,5.0,6.0,do zamieszkania,wtórny,2013.0,33.46666666666667
Praga,695000.0,38.0,2.0,5.0,10.0,do zamieszkania,wtórny,1972.0,22.3
Wilanów,684200.0,30.67,1.0,0.0,2.0,do wykończenia,pierwotny,2026.0,73.21666666666667
Mokotów,2549000.0,145.74,4.0,6.0,7.0,do zamieszkania,wtórny,1999.0,29.233333333333334
Ursus,415000.0,24.3,1.0,4.0,4.0,do zamieszkania,wtórny,1973.0,26.083333333333332
Praga-Północ,1649321.0,80.85,4.0,1.0,7.0,do zamieszkania,wtórny,2023.0,29.883333333333333
Bielany,687687.0,37.0,2.0,9.0,10.0,do zamieszkania,wtórny,1970.0,37.65
Targówek,779779.0,47.0,4.0,9.0,10.0,do zamieszkania,wtórny,1970.0,34.8
Wola,969969.0,56.5,5.0,0.0,10.0,do zamieszkania,wtórny,1970.0,22.333333333333332
Mokotów,995000.0,57.91,3.0,1.0,3.0,do remontu,wtórny,1950.0,29.233333333333334
Wola,869000.0,38.05,1.0,4.0,26.0,do zamieszkania,wtórny,2020.0,33.46666666666667
Wilanów,1052952.0,46.99,2.0,0.0,3.0,do wykończenia,pierwotny,2025.0,73.21666666666667
Wilanów,1671525.0,68.67,3.0,2.0,3.0,do wykończenia,pierwotny,2025.0,73.21666666666667
Wilanów,1757250.0,68.99,3.0,3.0,3.0,do wykończenia,pierwotny,2025.0,73.21666666666667
Mokotów,1499000.0,77.14,2.0,2.0,6.0,do zamieszkania,wtórny,2012.0,29.233333333333334
Mokotów,2250000.0,120.45,4.0,0.0,3.0,do zamieszkania,wtórny,2010.0,36.28333333333333
Praga-Południe,1099000.0,53.0,2.0,8.0,14.0,do zamieszkania,wtórny,2010.0,32.016666666666666
Wola,799000.0,35.2,2.0,2.0,3.0,do zamieszkania,wtórny,1956.0,33.46666666666667
Wilanów,1499000.0,65.79,2.0,1.0,4.0,do zamieszkania,wtórny,2011.0,73.21666666666667
Mokotów,1549000.0,76.1,3.0,2.0,6.0,do zamieszkania,wtórny,2016.0,29.233333333333334
Wola,799000.0,31.65,2.0,2.0,11.0,do zamieszkania,wtórny,2019.0,33.46666666666667
Mokotów,639000.0,45.8,3.0,4.0,4.0,do zamieszkania,wtórny,1969.0,31.216666666666665
Białołęka,515693.0,36.73,2.0,0.0,2.0,do zamieszkania,pierwotny,2025.0,66.41666666666667
Praga-Północ,799000.0,53.5,2.0,10.0,12.0,do zamieszkania,wtórny,1984.0,29.883333333333333
Żoliborz,760000.0,48.0,3.0,2.0,4.0,do remontu,wtórny,1967.0,26.866666666666667
Mokotów,2549000.0,145.74,4.0,6.0,7.0,do zamieszkania,wtórny,1999.0,29.233333333333334
Żoliborz,2020000.0,80.0,4.0,3.0,4.0,do zamieszkania,wtórny,2016.0,26.866666666666667
Praga,760000.0,51.82,2.0,2.0,3.0,do remontu,wtórny,1955.0,22.3
Śródmieście,859000.0,49.0,3.0,0.0,5.0,do zamieszkania,wtórny,1951.0,15.083333333333334
Ursus,830000.0,65.0,4.0,1.0,7.0,do wykończenia,wtórny,2024.0,26.083333333333332
Wilanów,969000.0,53.87,2.0,3.0,4.0,do zamieszkania,wtórny,2008.0,73.21666666666667
Mokotów,890000.0,51.0,3.0,4.0,10.0,do zamieszkania,wtórny,1983.0,29.233333333333334
Ursynów,535000.0,31.0,1.0,9.0,10.0,do zamieszkania,wtórny,1980.0,45.25
Mokotów,1139000.0,61.0,3.0,1.0,10.0,do zamieszkania,wtórny,2012.0,43.6
Wilanów,1160000.0,52.93,2.0,3.0,4.0,do zamieszkania,wtórny,2018.0,73.18333333333334
Bemowo,1095000.0,62.12,3.0,4.0,4.0,do zamieszkania,wtórny,2014.0,43.95
Białołęka,717948.0,56.98,3.0,2.0,4.0,do wykończenia,pierwotny,2025.0,66.41666666666667
Białołęka,553617.0,40.41,2.0,2.0,4.0,do wykończenia,pierwotny,2025.0,66.41666666666667
Białołęka,525231.0,35.73,2.0,3.0,4.0,do wykończenia,pierwotny,2025.0,66.41666666666667
Żoliborz,719000.0,42.5,2.0,7.0,10.0,do remontu,wtórny,1972.0,26.85
Bemowo,713490.0,51.0,2.0,7.0,8.0,do zamieszkania,wtórny,1977.0,43.95
Wola,699000.0,51.06,2.0,5.0,5.0,do remontu,wtórny,1959.0,29.216666666666665
Białołęka,570000.0,35.0,1.0,2.0,2.0,do zamieszkania,wtórny,2017.0,66.41666666666667
Wawer,654500.0,49.6,3.0,2.0,3.0,do zamieszkania,wtórny,1950.0,41.81666666666667
Białołęka,560000.0,33.18,2.0,1.0,3.0,do zamieszkania,pierwotny,2025.0,66.41666666666667
Śródmieście,2300000.0,97.59,3.0,5.0,6.0,do zamieszkania,wtórny,2004.0,16.133333333333333
Wola,899000.0,57.0,3.0,1.0,10.0,do remontu,wtórny,1975.0,16.883333333333333
Wola,1620000.0,66.0,3.0,3.0,6.0,do zamieszkania,wtórny,2023.0,33.46666666666667
Żoliborz,695000.0,38.0,2.0,5.0,7.0,do zamieszkania,wtórny,1965.0,26.85
Mokotów,690000.0,28.0,1.0,8.0,11.0,do zamieszkania,wtórny,1979.0,29.233333333333334
Mokotów,859000.0,46.0,2.0,1.0,4.0,do zamieszkania,wtórny,2020.0,29.233333333333334
Targówek,1540000.0,93.75,4.0,2.0,4.0,do zamieszkania,wtórny,1999.0,34.8
Mokotów,1550000.0,58.62,2.0,0.0,2.0,do wykończenia,pierwotny,2026.0,29.233333333333334
Wola,776000.0,52.2,3.0,2.0,5.0,do zamieszkania,wtórny,1955.0,29.216666666666665
Białołęka,550000.0,27.0,1.0,5.0,5.0,do zamieszkania,wtórny,2014.0,66.41666666666667
Mokotów,2439000.0,79.59,4.0,1.0,3.0,do wykończenia,pierwotny,1930.0,29.233333333333334
Mokotów,1690000.0,86.17,3.0,1.0,7.0,do zamieszkania,wtórny,2007.0,29.233333333333334
Wola,659000.0,48.0,3.0,3.0,3.0,do remontu,wtórny,1960.0,33.46666666666667
Białołęka,474566.0,34.69,2.0,2.0,2.0,do zamieszkania,pierwotny,2025.0,66.41666666666667
Wilanów,920000.0,47.38,2.0,1.0,4.0,do zamieszkania,wtórny,2022.0,73.18333333333334
Wilanów,4950000.0,296.5,5.0,2.0,2.0,do wykończenia,wtórny,2023.0,73.18333333333334
Białołęka,546938.0,35.06,2.0,2.0,2.0,do zamieszkania,pierwotny,2025.0,66.41666666666667
Białołęka,535000.0,45.5,2.0,1.0,7.0,do zamieszkania,wtórny,2003.0,67.2
Żoliborz,749000.0,41.0,2.0,8.0,9.0,do zamieszkania,wtórny,1975.0,26.833333333333332
Wilanów,1710000.0,78.06,3.0,1.0,4.0,do zamieszkania,wtórny,2009.0,73.16666666666667
Bemowo,1620512.0,87.6,4.0,5.0,6.0,do zamieszkania,wtórny,2017.0,43.95
Ursus,479000.0,35.2,1.0,2.0,3.0,do zamieszkania,wtórny,1953.0,26.083333333333332
Białołęka,577000.0,44.85,2.0,1.0,2.0,do zamieszkania,wtórny,2004.0,66.41666666666667
Wilanów,1059000.0,50.0,2.0,3.0,4.0,do zamieszkania,wtórny,2017.0,57.56666666666667
Ursus,827805.0,50.17,3.0,5.0,6.0,do wykończenia,pierwotny,2027.0,26.083333333333332
Wola,595600.0,30.79,2.0,6.0,7.0,do wykończenia,pierwotny,2025.0,33.46666666666667
Praga-Południe,698000.0,56.0,4.0,6.0,6.0,do remontu,wtórny,1970.0,32.016666666666666
Śródmieście,1100000.0,65.0,2.0,1.0,4.0,do remontu,wtórny,1950.0,16.05
Wola,568458.0,28.66,1.0,2.0,7.0,do wykończenia,pierwotny,2025.0,33.46666666666667
Białołęka,535000.0,45.5,2.0,1.0,7.0,do zamieszkania,wtórny,2003.0,67.2
Praga,659000.0,39.2,2.0,3.0,4.0,do zamieszkania,wtórny,1932.0,21.9
Bemowo,939000.0,53.79,3.0,4.0,4.0,do zamieszkania,wtórny,2009.0,43.95
Włochy,1149999.0,75.7,3.0,0.0,4.0,do zamieszkania,wtórny,2009.0,30.616666666666667
Białołęka,1199000.0,86.83,4.0,3.0,6.0,do zamieszkania,wtórny,2023.0,66.41666666666667
Wawer,990000.0,107.65,4.0,1.0,1.0,do wykończenia,pierwotny,2022.0,41.81666666666667
Wola,1048000.0,32.22,2.0,6.0,6.0,do zamieszkania,wtórny,2024.0,33.46666666666667
Białołęka,749000.0,50.56,2.0,4.0,4.0,do zamieszkania,wtórny,2018.0,66.41666666666667
Białołęka,849000.0,65.91,3.0,4.0,4.0,do zamieszkania,wtórny,2013.0,66.41666666666667
Białołęka,1129000.0,71.63,3.0,0.0,5.0,do zamieszkania,wtórny,2022.0,66.41666666666667
Białołęka,835000.0,70.4,4.0,2.0,3.0,do zamieszkania,wtórny,2003.0,66.41666666666667
Śródmieście,2628000.0,146.0,5.0,7.0,12.0,do zamieszkania,wtórny,2000.0,16.1
Białołęka,452733.0,34.69,2.0,1.0,2.0,do wykończenia,pierwotny,2025.0,66.41666666666667
Ursynów,554400.0,29.18,1.0,4.0,4.0,do zamieszkania,wtórny,2019.0,45.766666666666666
Mokotów,942480.0,56.1,4.0,3.0,4.0,do zamieszkania,pierwotny,1969.0,29.133333333333333
Wilanów,839000.0,41.1,2.0,3.0,4.0,do zamieszkania,wtórny,2011.0,57.56666666666667
Białołęka,668528.0,52.64,3.0,0.0,2.0,do wykończenia,pierwotny,2027.0,66.41666666666667
Praga-Południe,856438.0,48.25,2.0,1.0,3.0,do wykończenia,pierwotny,2026.0,32.016666666666666
Białołęka,700761.0,66.47,2.0,1.0,3.0,do wykończenia,pierwotny,2025.0,66.41666666666667
Wola,1964624.61,62.39,3.0,4.0,17.0,do zamieszkania,pierwotny,2020.0,20.283333333333335
Śródmieście,1228720.0,47.25,2.0,3.0,11.0,do zamieszkania,pierwotny,2019.0,16.033333333333335
Ursus,450000.0,26.25,2.0,5.0,7.0,do wykończenia,wtórny,2025.0,41.96666666666667
Białołęka,819000.0,62.72,3.0,1.0,4.0,do zamieszkania,wtórny,2014.0,66.41666666666667
Praga,659000.0,39.2,2.0,3.0,4.0,do zamieszkania,wtórny,1932.0,21.9
Mokotów,748000.0,51.0,3.0,1.0,10.0,do remontu,wtórny,1971.0,29.233333333333334
Wola,1337700.0,63.7,3.0,1.0,5.0,do zamieszkania,wtórny,2012.0,33.46666666666667
Bielany,839000.0,53.6,3.0,1.0,3.0,do zamieszkania,wtórny,1963.0,39.36666666666667
Żoliborz,1690000.0,75.67,3.0,2.0,5.0,do zamieszkania,wtórny,1932.0,26.833333333333332
Bielany,809999.0,37.5,2.0,0.0,7.0,do zamieszkania,wtórny,2020.0,39.36666666666667
Ursynów,819000.0,42.8,2.0,0.0,3.0,do zamieszkania,wtórny,2000.0,45.766666666666666
Białołęka,643535.0,56.95,3.0,1.0,3.0,do wykończenia,pierwotny,2026.0,56.9
Włochy,1083300.0,64.29,3.0,2.0,7.0,do wykończenia,pierwotny,2026.0,30.616666666666667
Białołęka,861000.0,61.0,3.0,2.0,3.0,do zamieszkania,wtórny,2005.0,66.41666666666667
Wilanów,1668040.0,89.2,3.0,2.0,4.0,do zamieszkania,wtórny,2008.0,73.18333333333334
Mokotów,3337879.0,128.53,5.0,9.0,9.0,do wykończenia,pierwotny,2026.0,29.233333333333334
Ursynów,930000.0,62.9,3.0,3.0,3.0,do zamieszkania,wtórny,1979.0,45.766666666666666
Mokotów,3121775.0,125.06,5.0,6.0,6.0,do wykończenia,pierwotny,2026.0,29.233333333333334
Żoliborz,459000.0,27.0,1.0,8.0,10.0,do zamieszkania,wtórny,1970.0,26.833333333333332
Ochota,465000.0,24.2,1.0,1.0,3.0,do zamieszkania,pierwotny,1966.0,18.583333333333332
Wola,849000.0,58.7,4.0,0.0,10.0,do zamieszkania,wtórny,1970.0,33.46666666666667
Białołęka,769000.0,72.0,3.0,3.0,3.0,do zamieszkania,wtórny,2003.0,66.41666666666667
Mokotów,748000.0,51.0,3.0,1.0,10.0,do remontu,wtórny,1971.0,29.233333333333334
Włochy,1022039.0,68.22,4.0,3.0,7.0,do wykończenia,pierwotny,2026.0,30.616666666666667
Włochy,1403125.0,96.4,4.0,0.0,7.0,do wykończenia,pierwotny,2026.0,30.616666666666667
Mokotów,1800000.0,94.21,3.0,6.0,6.0,do zamieszkania,wtórny,2018.0,40.53333333333333
Wola,1541500.0,61.66,3.0,1.0,8.0,do zamieszkania,wtórny,2021.0,33.46666666666667
Włochy,459000.0,24.0,1.0,2.0,4.0,do zamieszkania,wtórny,2018.0,30.616666666666667
Targówek,1022981.4,77.5,4.0,2.0,7.0,do wykończenia,pierwotny,2026.0,34.8
Targówek,747741.0,55.1,3.0,2.0,5.0,do wykończenia,pierwotny,2026.0,34.8
Praga-Południe,679000.0,48.0,3.0,5.0,5.0,do zamieszkania,wtórny,1975.0,32.016666666666666
Ursus,837839.0,50.17,3.0,6.0,6.0,do wykończenia,pierwotny,2027.0,27.083333333333332
Żoliborz,805000.0,40.35,1.0,2.0,3.0,do zamieszkania,wtórny,1936.0,32.15
Bielany,999000.0,43.0,2.0,2.0,5.0,do zamieszkania,wtórny,2020.0,39.35
Praga-Północ,450000.0,25.0,1.0,5.0,10.0,do zamieszkania,wtórny,1975.0,32.3
Bemowo,1000000.0,86.0,4.0,3.0,4.0,do zamieszkania,wtórny,1994.0,43.9
Bielany,650000.0,52.49,2.0,10.0,12.0,do remontu,wtórny,1977.0,39.35
Wola,890000.0,35.75,2.0,1.0,12.0,do zamieszkania,wtórny,2017.0,33.46666666666667
Praga-Południe,1160000.0,63.0,4.0,3.0,3.0,do zamieszkania,wtórny,2003.0,32.016666666666666
Praga-Południe,950000.0,62.0,3.0,8.0,9.0,do zamieszkania,wtórny,1993.0,32.016666666666666
Targówek,550000.0,38.0,2.0,6.0,10.0,do zamieszkania,wtórny,1972.0,34.8
Praga-Południe,730000.0,47.43,3.0,7.0,10.0,do zamieszkania,wtórny,1969.0,32.016666666666666
Włochy,960951.0,68.61,3.0,5.0,6.0,do wykończenia,pierwotny,2026.0,30.616666666666667
Mokotów,795000.0,43.0,2.0,2.0,3.0,do zamieszkania,wtórny,1950.0,29.233333333333334
Ursus,1175000.0,61.94,3.0,4.0,7.0,do zamieszkania,pierwotny,2024.0,27.083333333333332
Bemowo,800000.0,43.38,2.0,3.0,5.0,do zamieszkania,wtórny,2006.0,43.9
Bielany,989000.0,44.0,2.0,2.0,5.0,do zamieszkania,wtórny,2022.0,39.35
Żoliborz,1525000.0,61.42,3.0,6.0,6.0,do zamieszkania,wtórny,2016.0,26.833333333333332
Ochota,1870000.0,87.5,3.0,10.0,12.0,do zamieszkania,wtórny,2011.0,13.133333333333333
Wawer,813875.0,65.11,3.0,0.0,1.0,do wykończenia,pierwotny,2025.0,41.81666666666667
Bielany,650500.0,39.0,2.0,1.0,5.0,do zamieszkania,wtórny,2006.0,39.35
Włochy,913000.0,60.88,3.0,4.0,6.0,do wykończenia,pierwotny,2025.0,30.616666666666667
Mokotów,1643000.0,62.67,3.0,1.0,8.0,do wykończenia,pierwotny,2025.0,29.233333333333334
Mokotów,1364400.0,68.22,2.0,5.0,5.0,do zamieszkania,wtórny,2006.0,29.233333333333334
Wola,1402000.0,65.3,3.0,1.0,6.0,do wykończenia,pierwotny,2026.0,33.46666666666667
Bielany,816737.0,64.31,4.0,1.0,3.0,do wykończenia,pierwotny,2025.0,39.35
Bemowo,2100000.0,73.41,3.0,2.0,3.0,do zamieszkania,wtórny,2022.0,43.9
Żoliborz,1842000.0,65.76,3.0,1.0,4.0,do wykończenia,pierwotny,2026.0,26.833333333333332
Wola,1375000.0,43.0,2.0,7.0,16.0,do zamieszkania,wtórny,2023.0,13.15
Ursus,1066245.0,69.0,3.0,2.0,5.0,do zamieszkania,wtórny,2013.0,27.083333333333332
Bemowo,900000.0,71.7,3.0,7.0,12.0,do zamieszkania,wtórny,1979.0,46.13333333333333
Wola,1350000.0,43.0,2.0,1.0,16.0,do zamieszkania,wtórny,2023.0,13.15
Ochota,589500.0,38.5,2.0,2.0,4.0,do remontu,wtórny,1970.0,18.583333333333332
Mokotów,1193920.0,42.64,2.0,1.0,2.0,do zamieszkania,wtórny,2020.0,29.233333333333334
Wola,759000.0,49.0,3.0,0.0,3.0,do zamieszkania,wtórny,1962.0,33.46666666666667
Bemowo,800000.0,43.38,2.0,3.0,5.0,do zamieszkania,wtórny,2006.0,43.9
Wilanów,1300000.0,65.39,2.0,3.0,4.0,do zamieszkania,wtórny,2010.0,73.06666666666666
Bemowo,1290000.0,74.03,3.0,1.0,6.0,do zamieszkania,wtórny,2015.0,43.9
Wola,925000.0,47.0,3.0,8.0,11.0,do zamieszkania,wtórny,1970.0,22.983333333333334
Bielany,610000.0,46.7,3.0,1.0,4.0,do remontu,wtórny,1966.0,39.38333333333333
Mokotów,795000.0,47.61,2.0,1.0,4.0,do remontu,wtórny,1955.0,22.65
Mokotów,1520000.0,79.73,3.0,5.0,5.0,do zamieszkania,wtórny,2013.0,29.233333333333334
Białołęka,740000.0,59.0,3.0,3.0,3.0,do zamieszkania,wtórny,2013.0,66.41666666666667
Mokotów,619000.0,26.37,1.0,3.0,6.0,do wykończenia,wtórny,2026.0,29.233333333333334
Praga-Południe,1550000.0,77.4,3.0,10.0,15.0,do zamieszkania,wtórny,2004.0,30.55
Praga,749000.0,35.53,2.0,1.0,4.0,do zamieszkania,wtórny,1964.0,22.3
Mokotów,1680000.0,73.6,3.0,5.0,7.0,do zamieszkania,wtórny,2005.0,29.233333333333334
Ursus,1069362.0,66.01,4.0,6.0,6.0,do wykończenia,pierwotny,2027.0,27.083333333333332
Białołęka,839000.0,53.15,3.0,0.0,2.0,do zamieszkania,wtórny,2022.0,66.41666666666667
Wilanów,2741250.0,127.5,4.0,0.0,2.0,do zamieszkania,wtórny,2006.0,73.06666666666666
Białołęka,650000.0,52.5,2.0,1.0,4.0,do zamieszkania,wtórny,2008.0,66.41666666666667
Wola,1877571.0,81.99,4.0,2.0,6.0,do zamieszkania,wtórny,2018.0,33.46666666666667
Bemowo,575000.0,44.11,2.0,4.0,8.0,do remontu,wtórny,1983.0,38.28333333333333
Mokotów,922083.0,46.5,3.0,4.0,7.0,do wykończenia,pierwotny,2025.0,29.233333333333334
Wola,786000.0,56.8,3.0,4.0,10.0,do wykończenia,wtórny,1973.0,22.333333333333332
Bemowo,845000.0,46.37,2.0,6.0,8.0,do zamieszkania,wtórny,2006.0,38.28333333333333
Bemowo,947000.0,68.0,3.0,7.0,10.0,do remontu,wtórny,1993.0,38.28333333333333
Praga-Północ,899000.0,47.7,2.0,3.0,6.0,do zamieszkania,wtórny,1993.0,29.883333333333333
Bielany,1565000.0,85.42,4.0,3.0,3.0,do zamieszkania,wtórny,2008.0,39.38333333333333
Żoliborz,699000.0,40.0,2.0,2.0,4.0,do zamieszkania,wtórny,1980.0,26.833333333333332
Mokotów,667400.0,40.29,2.0,3.0,4.0,do wykończenia,pierwotny,2026.0,29.233333333333334
Wilanów,789000.0,56.2,3.0,5.0,10.0,do zamieszkania,wtórny,1970.0,73.06666666666666
Wilanów,3800000.0,131.06,4.0,4.0,4.0,do zamieszkania,wtórny,2010.0,73.06666666666666
Bemowo,635000.0,32.82,1.0,3.0,7.0,do zamieszkania,wtórny,2023.0,38.28333333333333
Wola,1714000.0,40.8,2.0,4.0,8.0,do wykończenia,pierwotny,2026.0,12.983333333333333
Bemowo,689000.0,45.0,2.0,2.0,3.0,do zamieszkania,wtórny,1978.0,38.28333333333333
Mokotów,1634136.42,53.58,2.0,8.0,9.0,do zamieszkania,wtórny,2023.0,29.233333333333334
Białołęka,577700.0,34.0,2.0,2.0,2.0,do zamieszkania,wtórny,2023.0,64.33333333333333
Białołęka,577700.0,34.0,2.0,2.0,3.0,do zamieszkania,wtórny,2023.0,66.41666666666667
Wola,725000.0,33.04,1.0,1.0,7.0,do zamieszkania,wtórny,2020.0,33.46666666666667
Wawer,1420000.0,75.0,3.0,0.0,2.0,do zamieszkania,wtórny,2023.0,41.81666666666667
Mokotów,922083.0,46.5,3.0,4.0,7.0,do wykończenia,pierwotny,2025.0,29.233333333333334
Wawer,1199000.0,93.55,5.0,1.0,2.0,do wykończenia,pierwotny,2026.0,41.81666666666667
Białołęka,899900.0,82.34,3.0,1.0,1.0,do wykończenia,pierwotny,2026.0,66.41666666666667
Bemowo,698070.0,36.76,2.0,1.0,5.0,do wykończenia,pierwotny,2025.0,38.28333333333333
Białołęka,731393.0,57.59,3.0,0.0,2.0,do wykończenia,pierwotny,2027.0,66.41666666666667
Praga-Południe,1261148.0,73.11,4.0,0.0,3.0,do wykończenia,pierwotny,2026.0,32.016666666666666
Bielany,851912.0,51.32,2.0,1.0,4.0,do wykończenia,pierwotny,2026.0,41.05
Białołęka,707938.0,66.52,2.0,2.0,3.0,do wykończenia,pierwotny,2025.0,66.41666666666667
Wola,1639957.01,46.48,2.0,10.0,17.0,do zamieszkania,pierwotny,2020.0,20.283333333333335
Śródmieście,921772.0,34.38,1.0,2.0,11.0,do zamieszkania,pierwotny,2019.0,16.05
Ursus,776197.24,59.44,3.0,1.0,7.0,do wykończenia,pierwotny,2026.0,41.96666666666667
Bielany,850000.0,62.2,3.0,4.0,6.0,do zamieszkania,wtórny,1982.0,41.05
Mokotów,1648000.0,61.27,3.0,6.0,9.0,do wykończenia,pierwotny,2026.0,23.433333333333334
Wola,607955.0,30.11,1.0,10.0,16.0,do wykończenia,pierwotny,2027.0,33.46666666666667
Wola,1647250.0,77.26,3.0,9.0,16.0,do wykończenia,pierwotny,2027.0,33.46666666666667
Ursynów,638888.0,36.13,2.0,2.0,2.0,do wykończenia,pierwotny,2025.0,45.766666666666666
Targówek,486800.0,32.56,1.0,3.0,4.0,do wykończenia,pierwotny,2026.0,34.8
Targówek,784377.0,56.4,3.0,1.0,4.0,do wykończenia,pierwotny,2026.0,34.8
Targówek,494832.0,31.72,2.0,2.0,4.0,do wykończenia,pierwotny,2026.0,34.8
Mokotów,961234.0,51.72,3.0,0.0,7.0,do wykończenia,pierwotny,2026.0,29.233333333333334
Targówek,1057800.0,86.0,4.0,1.0,3.0,do wykończenia,pierwotny,2026.0,34.8
Śródmieście,795000.0,44.0,2.0,3.0,4.0,do remontu,wtórny,1954.0,16.05
Białołęka,640000.0,63.3,3.0,3.0,4.0,do zamieszkania,wtórny,2007.0,66.41666666666667
Włochy,870000.0,48.0,2.0,3.0,3.0,do zamieszkania,wtórny,2019.0,30.616666666666667
Mokotów,935000.0,51.64,2.0,3.0,11.0,do zamieszkania,wtórny,2004.0,29.1
Mokotów,1212941.0,70.79,3.0,2.0,9.0,do wykończenia,pierwotny,2025.0,23.433333333333334
Targówek,560000.0,38.0,2.0,4.0,10.0,do zamieszkania,wtórny,1972.0,34.8
Praga-Północ,855000.0,53.07,2.0,1.0,4.0,do zamieszkania,wtórny,1965.0,32.3
Bielany,1010000.0,71.32,3.0,0.0,4.0,do zamieszkania,wtórny,2006.0,41.05
Białołęka,1227017.0,89.82,4.0,0.0,3.0,do wykończenia,pierwotny,2026.0,58.583333333333336
Praga,575000.0,50.5,3.0,4.0,4.0,do wykończenia,wtórny,1970.0,22.3
Wola,489000.0,28.0,2.0,2.0,2.0,do zamieszkania,wtórny,1935.0,33.46666666666667
Ursynów,1120000.0,61.0,3.0,3.0,3.0,do zamieszkania,wtórny,2020.0,45.766666666666666
Śródmieście,1280000.0,50.02,2.0,4.0,5.0,do zamieszkania,wtórny,1953.0,16.033333333333335
Ochota,899999.0,65.2,3.0,3.0,4.0,do zamieszkania,wtórny,1970.0,18.583333333333332
Wola,659000.0,33.0,1.0,0.0,4.0,do zamieszkania,wtórny,1950.0,33.46666666666667
Wola,1624000.0,58.0,2.0,0.0,5.0,do zamieszkania,wtórny,1929.0,33.46666666666667
Białołęka,539000.0,30.0,2.0,0.0,4.0,do zamieszkania,wtórny,2019.0,66.41666666666667
Praga-Północ,889000.0,68.13,3.0,2.0,4.0,do zamieszkania,wtórny,1996.0,32.3
Wola,2450000.0,66.88,3.0,4.0,6.0,do zamieszkania,wtórny,2025.0,19.316666666666666
Wola,1520000.0,69.0,3.0,5.0,6.0,do zamieszkania,wtórny,2019.0,33.46666666666667
Mokotów,699000.0,46.1,2.0,2.0,3.0,do remontu,wtórny,1962.0,29.1
Wola,1198000.0,69.84,3.0,2.0,8.0,do zamieszkania,wtórny,2017.0,33.46666666666667
Ursus,615000.0,34.0,2.0,6.0,7.0,do zamieszkania,wtórny,2024.0,27.083333333333332
Bielany,699900.0,38.0,2.0,4.0,4.0,do zamieszkania,wtórny,1970.0,41.05
Praga-Południe,999000.0,55.0,2.0,3.0,7.0,do zamieszkania,wtórny,2013.0,28.7
Targówek,550000.0,36.0,2.0,0.0,10.0,do zamieszkania,wtórny,1975.0,34.8
Śródmieście,960000.0,44.0,1.0,2.0,2.0,do zamieszkania,wtórny,1950.0,34.56666666666667
Wola,830000.0,61.12,4.0,0.0,4.0,do remontu,wtórny,1966.0,19.5
Mokotów,1075000.0,53.0,3.0,2.0,6.0,do zamieszkania,wtórny,1947.0,29.1
Wawer,1068635.0,71.63,4.0,1.0,1.0,do wykończenia,pierwotny,2027.0,41.81666666666667
Mokotów,1300000.0,70.14,3.0,3.0,3.0,do remontu,wtórny,1936.0,17.383333333333333
Wilanów,1310000.0,66.92,3.0,1.0,4.0,do zamieszkania,wtórny,2017.0,51.13333333333333
Ursus,799000.0,47.0,2.0,3.0,7.0,do zamieszkania,wtórny,2019.0,27.083333333333332
Wawer,1170000.0,69.4,3.0,0.0,1.0,do wykończenia,pierwotny,2025.0,52.25
Ochota,1260000.0,82.07,4.0,0.0,4.0,do zamieszkania,wtórny,2000.0,18.583333333333332
Praga,1000000.0,79.1,4.0,3.0,3.0,do zamieszkania,wtórny,1994.0,22.3
Targówek,680000.0,53.2,3.0,9.0,11.0,do remontu,wtórny,1971.0,34.8
Białołęka,720000.0,42.7,2.0,0.0,3.0,do zamieszkania,wtórny,2006.0,66.41666666666667
Ursynów,888440.0,66.8,3.0,4.0,4.0,do zamieszkania,wtórny,1974.0,45.78333333333333
Mokotów,2274568.0,93.22,3.0,0.0,6.0,do zamieszkania,wtórny,2018.0,29.1
Ochota,710000.0,38.3,2.0,2.0,4.0,do zamieszkania,wtórny,1960.0,18.583333333333332
Ochota,674000.0,47.26,2.0,3.0,7.0,do zamieszkania,wtórny,1950.0,18.6
Targówek,637000.0,37.64,2.0,7.0,8.0,do zamieszkania,pierwotny,2026.0,34.8
Mokotów,1450000.0,53.6,2.0,4.0,5.0,do zamieszkania,wtórny,1939.0,22.05
Śródmieście,1130000.0,48.76,2.0,3.0,4.0,do zamieszkania,wtórny,1957.0,22.766666666666666
Śródmieście,1780000.0,93.85,5.0,0.0,4.0,do zamieszkania,wtórny,1938.0,15.333333333333334
Białołęka,660000.0,45.0,2.0,0.0,4.0,do zamieszkania,wtórny,2021.0,66.41666666666667
Ursus,912822.0,54.66,3.0,6.0,6.0,do wykończenia,pierwotny,2027.0,27.083333333333332
Praga-Północ,1380000.0,102.0,3.0,1.0,4.0,do zamieszkania,wtórny,1996.0,32.3
Praga-Północ,899000.0,62.84,3.0,4.0,12.0,do zamieszkania,wtórny,1983.0,32.3
Praga-Północ,849000.0,54.1,2.0,8.0,8.0,do zamieszkania,wtórny,2008.0,32.3
Wola,1136692.0,75.83,3.0,1.0,9.0,do wykończenia,pierwotny,2027.0,28.45
Praga,749000.0,50.7,2.0,9.0,15.0,do zamieszkania,wtórny,1980.0,22.3
Bemowo,920000.0,71.18,4.0,2.0,3.0,do zamieszkania,wtórny,1980.0,38.28333333333333
Wola,1250000.0,41.56,2.0,1.0,8.0,do zamieszkania,wtórny,2023.0,28.45
Praga-Północ,1099000.0,57.0,3.0,0.0,7.0,do zamieszkania,wtórny,2023.0,32.3
Ursynów,2300000.0,126.0,4.0,3.0,4.0,do zamieszkania,wtórny,1999.0,45.78333333333333
Mokotów,519000.0,31.2,1.0,3.0,11.0,do zamieszkania,wtórny,1972.0,29.1
Targówek,710000.0,47.0,2.0,1.0,3.0,do zamieszkania,wtórny,2022.0,34.8
Żoliborz,699000.0,40.0,1.0,2.0,4.0,do zamieszkania,wtórny,1980.0,26.75
Wola,930000.0,56.6,3.0,1.0,8.0,do remontu,wtórny,2008.0,30.05
Praga,839646.0,55.98,3.0,5.0,4.0,do wykończenia,pierwotny,2026.0,22.3
Praga,1058687.0,80.82,4.0,0.0,4.0,do wykończenia,pierwotny,2026.0,22.3
Praga-Południe,780000.0,46.0,2.0,0.0,4.0,do wykończenia,wtórny,1936.0,32.016666666666666
Mokotów,849000.0,30.9,1.0,1.0,4.0,do zamieszkania,wtórny,2005.0,29.066666666666666
Wilanów,770000.0,39.62,1.0,1.0,4.0,do zamieszkania,wtórny,2011.0,64.66666666666667
Wilanów,1150000.0,59.13,2.0,3.0,4.0,do zamieszkania,wtórny,2010.0,64.66666666666667
Wola,1365000.0,67.8,3.0,1.0,6.0,do zamieszkania,wtórny,2009.0,28.45
Ursus,666000.0,58.0,4.0,4.0,4.0,do zamieszkania,wtórny,1978.0,27.083333333333332
Wilanów,850000.0,44.9,2.0,0.0,2.0,do zamieszkania,wtórny,2020.0,64.66666666666667
Mokotów,2813881.0,87.5,3.0,1.0,2.0,do zamieszkania,pierwotny,2024.0,29.066666666666666
Śródmieście,597000.0,29.7,1.0,10.0,10.0,do wykończenia,wtórny,1968.0,25.883333333333333
Praga-Południe,970000.0,58.26,3.0,0.0,4.0,do zamieszkania,wtórny,2015.0,33.78333333333333
Białołęka,609000.0,44.0,2.0,3.0,3.0,do zamieszkania,wtórny,2004.0,66.41666666666667
Bielany,940000.0,77.0,4.0,2.0,2.0,do wykończenia,wtórny,2015.0,41.05
Mokotów,2267760.0,94.49,4.0,1.0,2.0,do zamieszkania,wtórny,2018.0,29.066666666666666
Włochy,1265400.0,68.4,3.0,3.0,3.0,do zamieszkania,wtórny,2019.0,50.233333333333334
Białołęka,610000.0,43.0,2.0,3.0,8.0,do remontu,wtórny,2015.0,66.41666666666667
Wola,950000.0,36.05,2.0,0.0,3.0,do wykończenia,wtórny,2024.0,16.85
Mokotów,735000.0,46.5,3.0,2.0,10.0,do zamieszkania,wtórny,1970.0,29.066666666666666
Wola,650000.0,41.5,2.0,0.0,10.0,do remontu,wtórny,1970.0,28.45
Ochota,1450000.0,86.36,3.0,7.0,13.0,do zamieszkania,wtórny,2002.0,13.133333333333333
Żoliborz,699000.0,40.0,1.0,2.0,4.0,do zamieszkania,wtórny,1980.0,26.766666666666666
Wawer,839000.0,69.0,4.0,1.0,2.0,do wykończenia,pierwotny,2025.0,52.25
Targówek,880000.0,51.0,3.0,1.0,4.0,do zamieszkania,wtórny,2020.0,34.8
Śródmieście,4790000.0,186.0,6.0,2.0,5.0,do remontu,wtórny,1910.0,13.733333333333333
Żoliborz,579950.0,41.6,2.0,4.0,4.0,do remontu,wtórny,1979.0,26.766666666666666
Wola,960000.0,40.0,2.0,10.0,14.0,do zamieszkania,wtórny,2015.0,28.45
Białołęka,795000.0,63.6,3.0,2.0,10.0,do zamieszkania,wtórny,1990.0,66.41666666666667
Ursynów,1240000.0,42.6,2.0,3.0,10.0,do zamieszkania,wtórny,2017.0,45.6
Wilanów,1190000.0,56.3,2.0,0.0,4.0,do zamieszkania,wtórny,2009.0,51.13333333333333
Wola,3990000.0,104.54,4.0,4.0,14.0,do zamieszkania,wtórny,2019.0,13.15
Praga-Południe,949000.0,62.7,5.0,8.0,10.0,do zamieszkania,wtórny,1989.0,32.016666666666666
Bemowo,805000.0,38.0,2.0,5.0,5.0,do zamieszkania,pierwotny,2023.0,38.28333333333333
Włochy,849764.0,38.98,2.0,2.0,6.0,do zamieszkania,wtórny,2024.0,50.21666666666667
Praga,1895000.0,86.12,4.0,6.0,7.0,do zamieszkania,wtórny,2023.0,22.3
Śródmieście,1070000.0,47.6,2.0,3.0,6.0,do remontu,wtórny,1955.0,15.816666666666666
Białołęka,524000.0,34.4,1.0,3.0,3.0,do zamieszkania,wtórny,2012.0,66.41666666666667
Ursus,535561.0,31.69,1.0,1.0,7.0,do wykończenia,pierwotny,2026.0,27.083333333333332
Wola,650000.0,41.5,2.0,0.0,10.0,do remontu,wtórny,1970.0,28.45
Włochy,750000.0,41.0,2.0,2.0,7.0,do zamieszkania,wtórny,2022.0,50.21666666666667
Ursus,625730.56,43.52,2.0,1.0,7.0,do wykończenia,pierwotny,2026.0,27.083333333333332
Bemowo,740000.0,52.41,2.0,0.0,3.0,do remontu,wtórny,1952.0,38.28333333333333
Wilanów,1299000.0,67.21,3.0,2.0,4.0,do wykończenia,wtórny,2024.0,64.66666666666667
Ursus,858560.5,59.83,4.0,8.0,8.0,do wykończenia,pierwotny,2026.0,27.083333333333332
Targówek,639999.0,38.0,2.0,1.0,10.0,do zamieszkania,wtórny,1972.0,34.8
Praga-Południe,1038800.0,59.36,3.0,0.0,3.0,do wykończenia,pierwotny,2026.0,32.016666666666666
Bielany,1100960.0,68.81,3.0,1.0,4.0,do wykończenia,pierwotny,2026.0,41.05
Białołęka,787851.0,74.65,3.0,0.0,3.0,do wykończenia,pierwotny,2025.0,66.41666666666667
Śródmieście,907812.0,33.2,1.0,3.0,11.0,do zamieszkania,pierwotny,2019.0,13.75
Wola,730000.0,46.11,3.0,2.0,3.0,do zamieszkania,wtórny,1972.0,28.45
Wola,1050000.0,48.84,3.0,7.0,8.0,do zamieszkania,wtórny,2019.0,28.45
Białołęka,2300000.0,121.2,4.0,4.0,5.0,do zamieszkania,wtórny,2020.0,66.41666666666667
Ursus,535561.0,31.69,1.0,1.0,7.0,do wykończenia,pierwotny,2026.0,27.083333333333332
Ursynów,830000.0,51.8,2.0,0.0,2.0,do zamieszkania,wtórny,2001.0,45.78333333333333
Praga-Południe,969000.0,50.23,2.0,0.0,2.0,do zamieszkania,wtórny,1960.0,30.4
Włochy,659568.0,39.26,2.0,1.0,6.0,do wykończenia,pierwotny,2027.0,50.21666666666667
Praga-Północ,903474.0,45.63,2.0,0.0,5.0,do wykończenia,pierwotny,2027.0,22.933333333333334
Targówek,789000.0,55.6,2.0,3.0,4.0,do zamieszkania,wtórny,1972.0,34.8
Wilanów,968000.0,57.0,2.0,1.0,1.0,do zamieszkania,wtórny,2010.0,64.66666666666667
Białołęka,599000.0,43.9,2.0,5.0,8.0,do zamieszkania,wtórny,2005.0,66.41666666666667
Białołęka,1121450.0,81.56,4.0,2.0,3.0,do wykończenia,pierwotny,2026.0,58.583333333333336
Mokotów,2822000.0,122.7,4.0,2.0,4.0,do zamieszkania,wtórny,2005.0,29.033333333333335
Wola,1275000.0,64.0,3.0,4.0,10.0,do zamieszkania,wtórny,2012.0,28.45
Białołęka,950000.0,59.66,3.0,0.0,3.0,do zamieszkania,wtórny,2017.0,66.41666666666667
Włochy,619000.0,38.26,2.0,1.0,4.0,do wykończenia,pierwotny,2024.0,50.21666666666667
Mokotów,600000.0,26.0,1.0,0.0,4.0,do zamieszkania,wtórny,1936.0,29.016666666666666
Praga,1099900.0,56.66,3.0,1.0,7.0,do zamieszkania,wtórny,2023.0,22.3
Mokotów,830000.0,50.7,3.0,5.0,10.0,do zamieszkania,wtórny,1974.0,29.016666666666666
Mokotów,919429.0,42.37,2.0,6.0,6.0,do zamieszkania,wtórny,2014.0,29.016666666666666
Wilanów,970000.0,53.29,2.0,1.0,3.0,do zamieszkania,wtórny,2011.0,64.66666666666667
Włochy,851852.0,60.85,3.0,2.0,6.0,do wykończenia,pierwotny,2025.0,19.3
Wola,890000.0,32.99,2.0,2.0,6.0,do zamieszkania,wtórny,2020.0,17.583333333333332
Wola,899900.0,35.0,2.0,2.0,5.0,do zamieszkania,wtórny,1956.0,16.866666666666667
Praga,1999000.0,98.68,4.0,1.0,3.0,do zamieszkania,wtórny,2015.0,22.3
Bemowo,1235000.0,72.0,4.0,0.0,11.0,do zamieszkania,wtórny,1975.0,38.28333333333333
Wola,2239000.0,87.0,4.0,3.0,6.0,do zamieszkania,wtórny,2025.0,30.05
Ursus,849000.0,90.2,5.0,1.0,2.0,do wykończenia,pierwotny,2026.0,27.083333333333332
Bemowo,650000.0,36.0,2.0,0.0,5.0,do wykończenia,wtórny,2025.0,38.28333333333333
Ursynów,997000.0,53.0,3.0,0.0,3.0,do zamieszkania,wtórny,1989.0,45.78333333333333
Śródmieście,695000.0,24.0,1.0,6.0,6.0,do remontu,wtórny,1959.0,13.75
Mokotów,1320000.0,61.0,3.0,3.0,3.0,do zamieszkania,wtórny,2018.0,35.2
Ursynów,990000.0,74.0,6.0,1.0,4.0,do wykończenia,wtórny,1978.0,45.78333333333333
Ursynów,920000.0,74.0,4.0,4.0,4.0,do remontu,wtórny,1979.0,45.78333333333333
Wawer,1120000.0,75.0,3.0,0.0,1.0,do zamieszkania,wtórny,2018.0,41.81666666666667
Targówek,800000.0,60.0,5.0,9.0,10.0,do zamieszkania,wtórny,1980.0,34.8
Wola,899900.0,35.0,2.0,2.0,5.0,do zamieszkania,wtórny,1956.0,16.866666666666667
Mokotów,1880000.0,94.0,3.0,2.0,4.0,do zamieszkania,wtórny,2008.0,29.016666666666666
Wola,1850000.0,80.99,3.0,10.0,15.0,do zamieszkania,wtórny,2017.0,28.45
Wawer,1470000.0,100.0,4.0,0.0,1.0,do zamieszkania,wtórny,2014.0,41.81666666666667
Praga-Południe,545000.0,34.0,2.0,2.0,4.0,do zamieszkania,wtórny,1964.0,32.016666666666666
Praga-Północ,673000.0,36.77,2.0,0.0,7.0,do wykończenia,wtórny,2025.0,32.3
Praga,903600.0,56.8,3.0,1.0,5.0,do wykończenia,pierwotny,2025.0,22.3
Śródmieście,2175000.0,68.0,2.0,1.0,7.0,do zamieszkania,wtórny,2014.0,15.666666666666666
Ochota,750000.0,90.17,4.0,2.0,6.0,do remontu,wtórny,1960.0,16.366666666666667
Śródmieście,1395870.0,60.69,3.0,5.0,5.0,do zamieszkania,wtórny,1952.0,14.816666666666666
Praga,699000.0,58.36,3.0,8.0,10.0,do remontu,wtórny,1966.0,30.816666666666666
Wilanów,880000.0,36.3,1.0,3.0,4.0,do zamieszkania,wtórny,2018.0,51.13333333333333
Białołęka,735000.0,66.3,3.0,3.0,3.0,do zamieszkania,wtórny,2009.0,66.41666666666667
Wola,1664000.0,75.62,4.0,10.0,16.0,do zamieszkania,wtórny,2017.0,28.45
Bemowo,947595.0,57.43,3.0,1.0,6.0,do wykończenia,pierwotny,2026.0,38.28333333333333
Praga-Północ,495000.0,31.0,2.0,4.0,4.0,do remontu,wtórny,1991.0,32.31666666666667
Targówek,445000.0,32.5,1.0,6.0,10.0,do remontu,wtórny,1974.0,34.8
Mokotów,1880000.0,94.0,3.0,2.0,4.0,do zamieszkania,wtórny,2008.0,29.033333333333335
Praga,619000.0,39.2,2.0,3.0,4.0,do remontu,wtórny,1950.0,22.3
Praga,798350.0,45.62,3.0,1.0,5.0,do wykończenia,pierwotny,2026.0,22.3
Włochy,765000.0,45.28,2.0,0.0,5.0,do zamieszkania,wtórny,2018.0,34.9
Mokotów,1300000.0,66.06,3.0,1.0,4.0,do wykończenia,wtórny,1939.0,29.033333333333335
Mokotów,889000.0,34.34,2.0,6.0,8.0,do zamieszkania,wtórny,2023.0,31.766666666666666
Praga,668067.0,36.19,2.0,1.0,5.0,do wykończenia,pierwotny,2026.0,22.3
Mokotów,590000.0,26.0,1.0,2.0,1.0,do remontu,wtórny,1954.0,29.033333333333335
Żoliborz,2296320.0,95.9,4.0,0.0,3.0,do wykończenia,wtórny,2008.0,26.75
Białołęka,750000.0,58.97,3.0,0.0,2.0,do wykończenia,pierwotny,2023.0,66.41666666666667
Ursynów,1555000.0,88.47,3.0,1.0,2.0,do zamieszkania,wtórny,2010.0,45.78333333333333
Bielany,729000.0,50.4,3.0,7.0,10.0,do remontu,wtórny,1972.0,41.05
Wola,439000.0,22.5,1.0,6.0,11.0,do zamieszkania,wtórny,1965.0,30.05
Białołęka,859000.0,56.5,3.0,3.0,4.0,do zamieszkania,wtórny,2016.0,66.41666666666667
Ursus,1599000.0,110.32,4.0,3.0,4.0,do zamieszkania,wtórny,2023.0,26.083333333333332
Mokotów,2349000.0,91.0,3.0,2.0,2.0,do zamieszkania,wtórny,2018.0,29.033333333333335
Praga-Południe,958144.0,54.44,3.0,0.0,3.0,do wykończenia,pierwotny,2026.0,32.016666666666666
Bielany,920648.0,58.64,3.0,1.0,4.0,do wykończenia,pierwotny,2026.0,41.05
Białołęka,1021486.0,98.86,4.0,2.0,3.0,do wykończenia,pierwotny,2025.0,66.41666666666667
Śródmieście,1082752.0,37.76,2.0,5.0,11.0,do zamieszkania,pierwotny,2019.0,15.633333333333333
Praga,619000.0,39.2,2.0,3.0,4.0,do remontu,wtórny,1950.0,22.3
Wola,639000.0,37.6,2.0,2.0,4.0,do zamieszkania,pierwotny,1964.0,28.45
Wilanów,1550000.0,74.4,3.0,3.0,4.0,do zamieszkania,wtórny,2012.0,64.66666666666667
Ursynów,910000.0,58.23,3.0,1.0,2.0,do zamieszkania,wtórny,1984.0,52.233333333333334
Wawer,729000.0,50.0,3.0,4.0,4.0,do zamieszkania,wtórny,2002.0,41.81666666666667
Targówek,1960000.0,98.0,4.0,2.0,5.0,do zamieszkania,wtórny,2015.0,34.8
Wola,980000.0,57.0,2.0,1.0,7.0,do zamieszkania,wtórny,2009.0,28.45
Bielany,1149000.0,65.26,4.0,2.0,12.0,do zamieszkania,wtórny,1978.0,41.05
Białołęka,569000.0,50.4,2.0,4.0,10.0,do zamieszkania,wtórny,2001.0,67.2
Włochy,1440000.0,58.4,3.0,4.0,4.0,do zamieszkania,wtórny,1910.0,34.9
Ursynów,700000.0,42.11,2.0,1.0,3.0,do zamieszkania,wtórny,1978.0,52.233333333333334
Bielany,589999.0,36.0,2.0,0.0,4.0,do zamieszkania,wtórny,1980.0,41.05
Śródmieście,950000.0,32.2,1.0,3.0,10.0,do zamieszkania,wtórny,2020.0,12.05
Bemowo,599000.0,44.13,2.0,6.0,8.0,do remontu,wtórny,1983.0,38.28333333333333
Ursynów,899000.0,61.0,3.0,5.0,10.0,do wykończenia,wtórny,1985.0,52.233333333333334
Praga,539000.0,33.7,1.0,3.0,3.0,do zamieszkania,wtórny,1954.0,31.233333333333334
Wola,620000.0,30.0,2.0,9.0,10.0,do zamieszkania,wtórny,1980.0,28.45
Bemowo,1486132.0,74.68,4.0,3.0,3.0,do zamieszkania,wtórny,2019.0,38.28333333333333
Mokotów,760000.0,43.7,2.0,9.0,15.0,do zamieszkania,wtórny,1976.0,29.033333333333335
Białołęka,545000.0,41.99,2.0,2.0,2.0,do zamieszkania,wtórny,2020.0,66.41666666666667
Śródmieście,745000.0,40.2,1.0,6.0,11.0,do zamieszkania,wtórny,1980.0,24.066666666666666
Wilanów,1650000.0,74.39,3.0,1.0,4.0,do zamieszkania,wtórny,2016.0,64.66666666666667
Białołęka,505000.0,34.0,2.0,0.0,8.0,do zamieszkania,wtórny,2007.0,66.41666666666667
Praga-Północ,419000.0,26.35,2.0,1.0,4.0,do remontu,wtórny,1936.0,32.35
Praga-Południe,999000.0,59.0,3.0,1.0,6.0,do zamieszkania,wtórny,2014.0,32.016666666666666
Mokotów,4610000.0,182.62,4.0,8.0,8.0,do zamieszkania,wtórny,2003.0,29.033333333333335
Bemowo,1270000.0,83.41,4.0,1.0,5.0,do wykończenia,pierwotny,2027.0,38.28333333333333
Bemowo,657500.0,39.37,2.0,1.0,3.0,do wykończenia,pierwotny,2027.0,38.28333333333333
Praga,615000.0,36.8,2.0,0.0,6.0,do wykończenia,pierwotny,2025.0,22.3
Bemowo,945000.0,64.83,3.0,1.0,4.0,do wykończenia,pierwotny,2026.0,38.28333333333333
Praga,833000.0,60.23,3.0,1.0,6.0,do wykończenia,pierwotny,2025.0,22.3
Bemowo,612000.0,37.22,2.0,0.0,4.0,do wykończenia,pierwotny,2026.0,38.28333333333333
Bemowo,622000.0,38.15,2.0,1.0,4.0,do wykończenia,pierwotny,2026.0,38.28333333333333
Praga,1110450.0,74.03,4.0,2.0,6.0,do wykończenia,pierwotny,2026.0,22.3
Bemowo,1130000.0,74.45,4.0,1.0,3.0,do wykończenia,pierwotny,2027.0,38.28333333333333
Ochota,750000.0,36.0,2.0,1.0,4.0,do zamieszkania,wtórny,1963.0,21.283333333333335
Mokotów,1224686.5,56.83,3.0,2.0,5.0,do wykończenia,pierwotny,2024.0,29.033333333333335
Mokotów,751882.0,34.49,2.0,1.0,5.0,do wykończenia,pierwotny,2024.0,29.033333333333335
Śródmieście,745000.0,40.2,1.0,6.0,11.0,do zamieszkania,wtórny,1980.0,26.483333333333334
Ursynów,750000.0,58.1,2.0,10.0,10.0,do remontu,wtórny,1982.0,52.1
Mokotów,750000.0,30.0,1.0,2.0,5.0,do zamieszkania,wtórny,2010.0,29.033333333333335
Żoliborz,2440000.0,83.18,3.0,1.0,5.0,do zamieszkania,wtórny,2017.0,26.7
Włochy,1260122.0,109.87,5.0,0.0,2.0,do wykończenia,pierwotny,2025.0,34.9
Targówek,755000.0,41.0,2.0,1.0,15.0,do zamieszkania,wtórny,2002.0,34.8
Ursus,1230000.0,72.0,3.0,5.0,6.0,do zamieszkania,wtórny,2020.0,41.96666666666667
Wola,1250000.0,58.0,3.0,0.0,7.0,do zamieszkania,wtórny,2018.0,35.53333333333333
Wola,1350000.0,36.27,2.0,5.0,6.0,do zamieszkania,wtórny,2020.0,20.3
Wilanów,2055000.0,93.0,2.0,4.0,4.0,do zamieszkania,wtórny,2010.0,64.66666666666667
Wilanów,1780000.0,101.19,3.0,1.0,4.0,do zamieszkania,wtórny,2009.0,64.66666666666667
Mokotów,1750000.0,78.74,3.0,1.0,4.0,do zamieszkania,wtórny,2005.0,29.033333333333335
Mokotów,917000.0,54.0,3.0,5.0,10.0,do zamieszkania,wtórny,1976.0,29.033333333333335
Mokotów,499000.0,30.9,1.0,2.0,11.0,do remontu,wtórny,1975.0,29.033333333333335
Ursynów,1019000.0,56.62,3.0,5.0,6.0,do zamieszkania,wtórny,2015.0,52.1
Mokotów,850000.0,57.2,3.0,7.0,10.0,do remontu,wtórny,1975.0,29.033333333333335
Ursus,749000.0,51.4,3.0,0.0,4.0,do zamieszkania,wtórny,1993.0,26.083333333333332
Targówek,689000.0,38.33,2.0,9.0,10.0,do zamieszkania,wtórny,1974.0,34.8
Wola,590000.0,26.4,2.0,7.0,15.0,do zamieszkania,wtórny,1970.0,18.85
Ursynów,990000.0,73.9,4.0,1.0,4.0,do wykończenia,wtórny,1978.0,52.1
Bemowo,1039000.0,55.52,2.0,3.0,5.0,do zamieszkania,wtórny,2008.0,38.28333333333333
Praga-Południe,950000.0,45.37,2.0,1.0,6.0,do zamieszkania,wtórny,2015.0,32.016666666666666
Włochy,714000.0,44.0,2.0,0.0,4.0,do zamieszkania,wtórny,2013.0,34.9
Białołęka,900000.0,57.2,3.0,0.0,4.0,do zamieszkania,wtórny,2021.0,66.41666666666667
Ursus,725168.0,59.44,3.0,0.0,8.0,do wykończenia,pierwotny,2026.0,26.083333333333332
Praga-Północ,1463000.0,70.0,3.0,2.0,6.0,do zamieszkania,wtórny,2013.0,32.35
Wawer,642539.0,43.37,1.0,0.0,3.0,do wykończenia,pierwotny,2025.0,41.81666666666667
Żoliborz,1100000.0,46.23,2.0,3.0,8.0,do zamieszkania,wtórny,2014.0,26.7
Ursynów,750000.0,58.1,2.0,10.0,10.0,do remontu,wtórny,1982.0,52.1
Śródmieście,2800000.0,85.25,3.0,1.0,5.0,do remontu,wtórny,1930.0,13.733333333333333
Śródmieście,3780000.0,104.0,3.0,2.0,5.0,do zamieszkania,wtórny,1936.0,15.633333333333333
Ursus,776197.24,59.44,4.0,1.0,7.0,do wykończenia,pierwotny,2026.0,26.083333333333332
Mokotów,479000.0,19.0,1.0,3.0,4.0,do zamieszkania,wtórny,1968.0,27.8
Ursynów,660000.0,47.5,2.0,1.0,10.0,do remontu,wtórny,1980.0,52.1
Bielany,679000.0,53.0,2.0,3.0,12.0,do zamieszkania,wtórny,1977.0,41.05
Bielany,585000.0,37.0,2.0,3.0,10.0,do zamieszkania,wtórny,1969.0,41.05
Praga-Południe,580680.0,32.28,2.0,0.0,5.0,do wykończenia,pierwotny,2025.0,32.016666666666666
Białołęka,795000.0,57.6,3.0,3.0,5.0,do zamieszkania,wtórny,2017.0,66.41666666666667
Białołęka,651280.0,46.52,2.0,0.0,3.0,do wykończenia,pierwotny,2027.0,66.41666666666667
Wola,550000.0,29.0,1.0,2.0,7.0,do zamieszkania,wtórny,1963.0,22.416666666666668
Mokotów,895000.0,62.7,2.0,3.0,6.0,do zamieszkania,wtórny,1996.0,29.033333333333335
Targówek,320000.0,22.4,1.0,2.0,2.0,do zamieszkania,wtórny,1982.0,34.8
Targówek,1325000.0,67.0,4.0,0.0,1.0,do zamieszkania,wtórny,2023.0,34.8
Wola,2990000.0,81.0,3.0,6.0,28.0,do zamieszkania,wtórny,2025.0,28.433333333333334
Ursus,719986.0,57.9,4.0,2.0,4.0,do zamieszkania,wtórny,1977.0,26.083333333333332
Bemowo,3435000.0,165.0,4.0,5.0,5.0,do zamieszkania,wtórny,2009.0,38.28333333333333
Śródmieście,1599000.0,67.7,3.0,2.0,2.0,do zamieszkania,wtórny,1950.0,15.633333333333333
Mokotów,900000.0,52.1,2.0,5.0,11.0,do zamieszkania,wtórny,2004.0,29.033333333333335
Śródmieście,2800000.0,85.25,3.0,1.0,5.0,do remontu,wtórny,1930.0,13.733333333333333
Ursus,621985.91,42.92,2.0,2.0,7.0,do remontu,pierwotny,2026.0,26.083333333333332
Wola,1690000.0,44.0,2.0,9.0,30.0,do zamieszkania,wtórny,2025.0,28.433333333333334
Wilanów,830000.0,41.0,2.0,3.0,4.0,do zamieszkania,wtórny,2013.0,64.66666666666667
Śródmieście,649000.0,37.51,2.0,6.0,10.0,do zamieszkania,wtórny,1969.0,18.066666666666666
Bielany,914153.0,51.07,2.0,4.0,4.0,do wykończenia,pierwotny,2026.0,41.05
Śródmieście,1231278.0,44.95,3.0,3.0,11.0,do zamieszkania,pierwotny,2019.0,15.633333333333333
Praga,2197650.0,80.05,4.0,3.0,4.0,do zamieszkania,wtórny,2021.0,30.65
Wola,910000.0,48.1,2.0,10.0,10.0,do zamieszkania,wtórny,1970.0,35.483333333333334
Praga-Południe,942000.0,49.5,2.0,10.0,25.0,do zamieszkania,wtórny,2018.0,32.016666666666666
Wilanów,1771000.0,90.0,3.0,2.0,4.0,do zamieszkania,wtórny,2008.0,64.66666666666667
Białołęka,887100.0,73.08,3.0,0.0,3.0,do wykończenia,pierwotny,2027.0,66.41666666666667
Wola,1100000.0,48.96,2.0,6.0,6.0,do zamieszkania,wtórny,2012.0,35.483333333333334
Mokotów,670000.0,42.0,2.0,3.0,3.0,do remontu,wtórny,1938.0,21.816666666666666
Ochota,599000.0,31.14,2.0,5.0,7.0,do zamieszkania,wtórny,1955.0,21.3
Białołęka,758671.0,54.15,3.0,2.0,3.0,do wykończenia,pierwotny,2026.0,57.35
Wilanów,913964.0,51.52,3.0,1.0,2.0,do wykończenia,pierwotny,2027.0,64.66666666666667
Białołęka,852124.0,63.11,3.0,4.0,5.0,do wykończenia,pierwotny,2026.0,66.41666666666667
Mokotów,652023.0,39.95,2.0,0.0,7.0,do wykończenia,pierwotny,2026.0,29.016666666666666
Ursus,621985.91,42.92,2.0,2.0,7.0,do remontu,pierwotny,2026.0,26.083333333333332
Mokotów,690030.0,30.6,2.0,4.0,5.0,do wykończenia,pierwotny,2025.0,29.016666666666666
Ursus,630267.0,40.35,2.0,2.0,4.0,do wykończenia,pierwotny,2026.0,26.083333333333332
Mokotów,2061381.0,75.06,3.0,0.0,2.0,do wykończenia,pierwotny,2025.0,29.016666666666666
Wola,3830640.0,116.08,4.0,6.0,7.0,do wykończenia,pierwotny,2024.0,35.483333333333334
Wawer,783497.0,54.79,3.0,3.0,3.0,do wykończenia,pierwotny,2025.0,56.11666666666667
Wawer,994395.0,66.51,4.0,0.0,1.0,do wykończenia,pierwotny,2027.0,56.11666666666667
Mokotów,749000.0,52.2,3.0,6.0,9.0,do remontu,wtórny,1980.0,29.016666666666666
Białołęka,695884.0,59.99,3.0,0.0,3.0,do wykończenia,pierwotny,2026.0,57.35
Wola,499000.0,24.42,1.0,6.0,8.0,do zamieszkania,wtórny,2017.0,22.366666666666667
Wilanów,1576770.0,93.3,3.0,1.0,2.0,do remontu,wtórny,2008.0,64.66666666666667
Mokotów,1599000.0,60.0,3.0,2.0,6.0,do zamieszkania,wtórny,2025.0,33.416666666666664
Ursus,1115000.0,69.85,3.0,0.0,6.0,do zamieszkania,wtórny,2008.0,26.083333333333332
Ursus,621985.0,42.92,2.0,2.0,8.0,do wykończenia,pierwotny,2026.0,26.083333333333332
Ursus,537315.0,31.7,1.0,1.0,8.0,do wykończenia,pierwotny,2026.0,26.083333333333332
Ursus,777633.0,59.55,4.0,8.0,8.0,do wykończenia,pierwotny,2026.0,26.083333333333332
Białołęka,650000.0,61.6,3.0,6.0,13.0,do zamieszkania,wtórny,1982.0,66.41666666666667
Wilanów,1190000.0,79.0,2.0,3.0,3.0,do zamieszkania,wtórny,1996.0,64.66666666666667
Mokotów,670000.0,37.1,2.0,7.0,10.0,do zamieszkania,wtórny,1976.0,31.0
Białołęka,780000.0,41.5,2.0,3.0,4.0,do zamieszkania,wtórny,2023.0,66.41666666666667
Śródmieście,2099000.0,88.0,2.0,3.0,5.0,do zamieszkania,wtórny,1939.0,15.616666666666667
Białołęka,1198080.0,83.2,3.0,1.0,3.0,do zamieszkania,wtórny,2024.0,66.41666666666667
Mokotów,3499000.0,208.9,6.0,3.0,4.0,do zamieszkania,wtórny,2002.0,32.0
Ochota,770000.0,56.1,3.0,1.0,10.0,do remontu,wtórny,1974.0,21.283333333333335
Ursynów,830000.0,56.7,3.0,10.0,15.0,do zamieszkania,wtórny,1980.0,51.95
Śródmieście,1142347.0,37.21,1.0,4.0,5.0,do zamieszkania,wtórny,1958.0,15.616666666666667
Śródmieście,990000.0,47.95,2.0,2.0,6.0,do zamieszkania,wtórny,1957.0,12.116666666666667
Białołęka,639000.0,45.7,1.0,2.0,3.0,do zamieszkania,wtórny,2002.0,66.41666666666667
Mokotów,1079000.0,57.1,3.0,10.0,15.0,do zamieszkania,wtórny,1978.0,33.233333333333334
Wilanów,2600000.0,128.0,5.0,1.0,4.0,do zamieszkania,wtórny,2012.0,64.66666666666667
Włochy,999000.0,62.71,3.0,2.0,3.0,do zamieszkania,wtórny,2012.0,34.9
Wilanów,2790000.0,192.88,5.0,2.0,2.0,do zamieszkania,wtórny,2002.0,64.66666666666667
Wilanów,655000.0,30.9,2.0,2.0,10.0,do zamieszkania,wtórny,1976.0,64.66666666666667
Praga,443900.0,37.0,2.0,8.0,10.0,do remontu,wtórny,1973.0,31.783333333333335
Mokotów,777000.0,37.06,2.0,1.0,8.0,do zamieszkania,wtórny,1976.0,29.016666666666666
Żoliborz,480000.0,29.5,1.0,0.0,9.0,do wykończenia,wtórny,1967.0,33.9
Ursynów,815000.0,47.1,2.0,2.0,3.0,do zamieszkania,wtórny,1980.0,51.95
Mokotów,1479034.0,67.9,3.0,8.0,9.0,do wykończenia,pierwotny,2025.0,31.766666666666666
Wola,1450000.0,58.0,2.0,10.0,15.0,do zamieszkania,wtórny,2003.0,16.033333333333335
Mokotów,1479100.0,67.6,3.0,8.0,9.0,do wykończenia,pierwotny,2025.0,31.766666666666666
Bielany,599000.0,54.5,3.0,3.0,15.0,do remontu,wtórny,1976.0,41.05
Ochota,770000.0,56.1,3.0,1.0,10.0,do remontu,wtórny,1974.0,21.283333333333335
Białołęka,590000.0,39.0,2.0,0.0,2.0,do zamieszkania,wtórny,2009.0,66.41666666666667
Wawer,404000.0,25.0,1.0,0.0,2.0,do wykończenia,pierwotny,2025.0,55.88333333333333
Wawer,600000.0,35.0,1.0,2.0,2.0,do wykończenia,pierwotny,2025.0,55.88333333333333
Włochy,1250000.0,64.55,3.0,0.0,3.0,do zamieszkania,wtórny,2019.0,34.9
Bemowo,825000.0,59.9,3.0,3.0,10.0,do zamieszkania,wtórny,1985.0,38.28333333333333
Mokotów,595000.0,39.3,2.0,8.0,8.0,do remontu,wtórny,1961.0,28.733333333333334
Ursus,779000.0,63.3,2.0,4.0,4.0,do zamieszkania,wtórny,1997.0,26.083333333333332
Wawer,894000.0,86.9,3.0,1.0,1.0,do wykończenia,pierwotny,2025.0,55.88333333333333
Mokotów,1720000.0,84.4,4.0,2.0,3.0,do zamieszkania,wtórny,2024.0,29.016666666666666
Białołęka,568900.0,48.2,2.0,3.0,3.0,do zamieszkania,wtórny,2011.0,66.41666666666667
Mokotów,1299000.0,72.0,3.0,4.0,9.0,do wykończenia,pierwotny,2026.0,31.766666666666666
Ursynów,1140000.0,57.39,3.0,1.0,12.0,do zamieszkania,wtórny,2019.0,51.983333333333334
Włochy,999000.0,51.68,2.0,1.0,5.0,do zamieszkania,wtórny,2024.0,34.9
Mokotów,2100000.0,110.38,3.0,3.0,3.0,do zamieszkania,wtórny,1950.0,29.016666666666666
Bielany,1200000.0,58.81,3.0,1.0,3.0,do wykończenia,wtórny,2025.0,41.05
Białołęka,590000.0,39.0,2.0,0.0,2.0,do zamieszkania,wtórny,2009.0,66.41666666666667
Bielany,515000.0,37.17,2.0,0.0,4.0,do zamieszkania,wtórny,1968.0,41.05
Praga,560000.0,37.65,1.0,3.0,6.0,do zamieszkania,wtórny,1984.0,31.783333333333335
Mokotów,799500.0,59.4,3.0,4.0,4.0,do remontu,wtórny,1974.0,29.016666666666666
Mokotów,1100000.0,86.39,4.0,5.0,6.0,do wykończenia,wtórny,2025.0,29.016666666666666
Ursynów,630000.0,35.08,2.0,2.0,2.0,do wykończenia,wtórny,2025.0,51.983333333333334
Mokotów,847990.0,42.8,2.0,1.0,9.0,do wykończenia,pierwotny,2025.0,31.766666666666666
Ursynów,899000.0,48.4,2.0,5.0,11.0,do zamieszkania,wtórny,1999.0,51.983333333333334
Praga,1258000.0,74.0,3.0,3.0,3.0,do zamieszkania,wtórny,2015.0,31.783333333333335
Bielany,1098000.0,71.0,3.0,2.0,7.0,do wykończenia,wtórny,2025.0,41.05
Wola,599000.0,36.5,2.0,2.0,10.0,do zamieszkania,wtórny,1965.0,28.45
Białołęka,690000.0,50.0,3.0,3.0,3.0,do zamieszkania,wtórny,2022.0,66.41666666666667
Praga,345000.0,17.3,1.0,3.0,6.0,do wykończenia,wtórny,1955.0,28.616666666666667
Białołęka,598000.0,40.0,2.0,2.0,2.0,do zamieszkania,wtórny,2011.0,66.41666666666667
Białołęka,696064.0,54.38,4.0,2.0,2.0,do wykończenia,pierwotny,2025.0,66.41666666666667
Śródmieście,3475000.0,58.0,2.0,10.0,44.0,do zamieszkania,wtórny,2014.0,13.666666666666666
Praga-Południe,1012550.0,65.75,4.0,3.0,5.0,do zamieszkania,pierwotny,2025.0,32.71666666666667
Praga,688000.0,36.7,1.0,4.0,9.0,do zamieszkania,wtórny,1981.0,31.783333333333335
Wola,590000.0,37.96,2.0,0.0,3.0,do zamieszkania,wtórny,1962.0,28.45
Białołęka,799000.0,54.0,3.0,1.0,3.0,do zamieszkania,wtórny,2016.0,62.61666666666667
Białołęka,600000.0,51.0,4.0,7.0,7.0,do zamieszkania,wtórny,2003.0,70.15
Ursynów,868842.0,54.99,3.0,3.0,6.0,do wykończenia,pierwotny,2027.0,51.983333333333334
Ursynów,868316.0,58.67,3.0,0.0,6.0,do wykończenia,pierwotny,2027.0,51.983333333333334
Włochy,1100000.0,71.0,4.0,3.0,3.0,do zamieszkania,wtórny,2002.0,34.9
Mokotów,1249000.0,68.0,3.0,2.0,4.0,do zamieszkania,wtórny,1937.0,29.016666666666666
Bielany,530000.0,37.77,2.0,1.0,8.0,do zamieszkania,wtórny,1965.0,41.05
Śródmieście,1249000.0,68.0,3.0,2.0,4.0,do zamieszkania,wtórny,1937.0,12.316666666666666
Wola,1135000.0,55.4,2.0,6.0,9.0,do zamieszkania,wtórny,2008.0,28.45
Włochy,1020975.0,74.5,4.0,2.0,6.0,do wykończenia,pierwotny,2025.0,34.9
Bielany,1110000.0,67.3,3.0,6.0,14.0,do zamieszkania,wtórny,2009.0,41.05
Mokotów,799000.0,30.0,2.0,1.0,3.0,do wykończenia,pierwotny,1930.0,28.966666666666665
Wola,962625.0,56.4,3.0,5.0,9.0,do wykończenia,pierwotny,2026.0,35.5
Żoliborz,1050000.0,41.2,2.0,4.0,4.0,do zamieszkania,wtórny,1960.0,33.9
Ursus,460000.0,28.04,1.0,0.0,7.0,do wykończenia,wtórny,2023.0,26.083333333333332
Ochota,650000.0,44.55,3.0,6.0,8.0,do zamieszkania,wtórny,1964.0,21.283333333333335
Wola,5900000.0,225.43,4.0,7.0,7.0,do wykończenia,wtórny,2017.0,35.5
Mokotów,2100000.0,135.95,5.0,5.0,5.0,do zamieszkania,wtórny,1955.0,24.166666666666668
Praga-Południe,1085000.0,61.23,3.0,1.0,4.0,do zamieszkania,wtórny,2021.0,31.733333333333334
Białołęka,670000.0,43.04,3.0,0.0,2.0,do wykończenia,pierwotny,2025.0,66.41666666666667
Mokotów,1199000.0,61.42,3.0,2.0,7.0,do zamieszkania,wtórny,2019.0,28.966666666666665
Włochy,1020304.44,65.83,3.0,1.0,5.0,do wykończenia,pierwotny,2027.0,34.9
Białołęka,895000.0,66.0,3.0,0.0,4.0,do zamieszkania,wtórny,2019.0,66.41666666666667
Bemowo,459000.0,30.0,2.0,0.0,11.0,do zamieszkania,wtórny,1977.0,38.28333333333333
Wilanów,995000.0,53.0,2.0,4.0,6.0,do zamieszkania,wtórny,2018.0,44.36666666666667
Wola,1742000.0,41.47,2.0,4.0,8.0,do wykończenia,pierwotny,2026.0,16.033333333333335
Wilanów,1020000.0,61.0,2.0,2.0,4.0,do zamieszkania,wtórny,2008.0,68.18333333333334
Mokotów,1566800.0,55.01,2.0,1.0,3.0,do wykończenia,pierwotny,1930.0,28.966666666666665
Targówek,599000.0,33.5,1.0,0.0,10.0,do zamieszkania,wtórny,1976.0,34.8
Praga-Północ,937715.0,64.67,3.0,3.0,8.0,do wykończenia,pierwotny,2026.0,32.25
Ursus,649900.0,48.3,3.0,1.0,4.0,do zamieszkania,wtórny,1978.0,26.083333333333332
Żoliborz,2900000.0,100.0,3.0,4.0,4.0,do zamieszkania,wtórny,1990.0,32.15
Mokotów,545000.0,37.7,2.0,4.0,10.0,do zamieszkania,wtórny,1974.0,28.966666666666665
Praga-Południe,569000.0,32.0,2.0,3.0,4.0,do wykończenia,wtórny,1935.0,31.733333333333334
Praga-Południe,625000.0,35.0,2.0,2.0,4.0,do wykończenia,pierwotny,1935.0,31.733333333333334
Bielany,1107841.0,68.81,3.0,2.0,4.0,do wykończenia,pierwotny,2026.0,41.05
Ursus,702468.0,44.46,3.0,2.0,5.0,do wykończenia,pierwotny,2026.0,26.083333333333332
Śródmieście,1072226.0,39.62,2.0,1.0,11.0,do zamieszkania,pierwotny,2019.0,12.333333333333334
Śródmieście,570000.0,21.2,1.0,5.0,6.0,do zamieszkania,wtórny,1970.0,15.333333333333334
Praga,648000.0,48.5,2.0,3.0,3.0,do remontu,wtórny,1952.0,31.783333333333335
Ursynów,789900.0,57.0,3.0,10.0,15.0,do zamieszkania,wtórny,1981.0,52.333333333333336
Wola,1188000.0,33.0,2.0,7.0,7.0,do zamieszkania,wtórny,2020.0,28.433333333333334
Praga-Północ,699000.0,36.3,2.0,3.0,3.0,do zamieszkania,wtórny,1962.0,32.25
Mokotów,1039000.0,32.96,1.0,6.0,10.0,do wykończenia,pierwotny,2027.0,28.966666666666665
Praga-Południe,700000.0,41.91,2.0,4.0,4.0,do zamieszkania,wtórny,2013.0,31.733333333333334
Bemowo,639000.0,49.91,2.0,10.0,10.0,do remontu,wtórny,1977.0,38.28333333333333
Wola,954000.0,40.52,2.0,4.0,6.0,do wykończenia,pierwotny,2026.0,28.433333333333334
Białołęka,669000.0,40.55,2.0,1.0,2.0,do zamieszkania,wtórny,2024.0,66.41666666666667
Wola,1830000.0,69.5,3.0,8.0,8.0,do zamieszkania,wtórny,2020.0,30.033333333333335
Mokotów,549000.0,37.02,2.0,8.0,9.0,do wykończenia,wtórny,1963.0,28.966666666666665
Wola,895000.0,38.0,2.0,1.0,4.0,do zamieszkania,wtórny,1963.0,28.433333333333334
Wilanów,1890000.0,115.0,4.0,2.0,2.0,do zamieszkania,wtórny,2006.0,68.16666666666667
Wilanów,965000.0,49.51,2.0,4.0,4.0,do zamieszkania,wtórny,2018.0,68.16666666666667
Wola,460000.0,18.44,1.0,3.0,25.0,do zamieszkania,wtórny,2017.0,28.433333333333334
Wawer,839000.0,67.0,3.0,1.0,2.0,do wykończenia,pierwotny,2021.0,56.06666666666667
Praga-Południe,575000.0,30.69,2.0,3.0,6.0,do zamieszkania,wtórny,1965.0,31.733333333333334
Ursynów,1320000.0,71.5,3.0,1.0,3.0,do zamieszkania,wtórny,2000.0,52.333333333333336
Mokotów,1200000.0,60.88,3.0,3.0,4.0,do remontu,wtórny,1964.0,28.966666666666665
Śródmieście,1347000.0,47.13,1.0,1.0,5.0,do zamieszkania,wtórny,1922.0,13.65
Praga-Południe,700000.0,41.91,2.0,4.0,4.0,do zamieszkania,wtórny,2013.0,31.733333333333334
Śródmieście,1347000.0,47.13,1.0,1.0,5.0,do zamieszkania,wtórny,1922.0,13.65
Wola,1499000.0,75.0,4.0,5.0,8.0,do zamieszkania,wtórny,2013.0,28.433333333333334
Mokotów,750000.0,46.0,2.0,2.0,7.0,do wykończenia,wtórny,2006.0,28.966666666666665
Wola,605000.0,30.28,2.0,10.0,10.0,do zamieszkania,wtórny,1975.0,28.433333333333334
Ursynów,962482.5,61.11,3.0,2.0,3.0,do wykończenia,pierwotny,2025.0,52.333333333333336
Ursynów,810000.0,62.0,3.0,7.0,10.0,do remontu,wtórny,1978.0,52.3
Wola,1200000.0,35.0,2.0,1.0,16.0,do zamieszkania,wtórny,2023.0,13.15
Praga-Południe,885000.0,51.52,2.0,5.0,5.0,do zamieszkania,wtórny,2017.0,31.733333333333334
Ursus,880000.0,64.25,3.0,2.0,7.0,do wykończenia,wtórny,2024.0,26.083333333333332
Białołęka,650000.0,42.09,2.0,3.0,3.0,do zamieszkania,wtórny,2016.0,66.41666666666667
Włochy,882198.0,59.81,3.0,0.0,4.0,do wykończenia,pierwotny,2025.0,19.3
Bielany,1180000.0,86.5,4.0,8.0,12.0,do zamieszkania,wtórny,1985.0,41.05
Wola,1136692.0,75.83,3.0,1.0,17.0,do wykończenia,pierwotny,2027.0,28.45
Bemowo,1050000.0,134.81,4.0,1.0,3.0,do zamieszkania,wtórny,2007.0,38.28333333333333
Włochy,918696.0,60.64,3.0,4.0,4.0,do wykończenia,pierwotny,2025.0,19.3
Śródmieście,1347000.0,47.13,1.0,1.0,5.0,do zamieszkania,wtórny,1922.0,13.65
Mokotów,799000.0,70.0,5.0,2.0,3.0,do zamieszkania,wtórny,1986.0,28.966666666666665
Wola,913000.0,40.52,2.0,2.0,6.0,do wykończenia,pierwotny,2026.0,28.45
Mokotów,929000.0,64.2,3.0,5.0,11.0,do remontu,wtórny,1979.0,28.966666666666665
Ursus,750000.0,58.9,4.0,2.0,4.0,do zamieszkania,wtórny,1976.0,26.083333333333332
Białołęka,1004900.0,70.82,4.0,2.0,4.0,do wykończenia,pierwotny,2026.0,66.41666666666667
Białołęka,815800.0,53.36,3.0,3.0,4.0,do wykończenia,pierwotny,2026.0,66.41666666666667
Białołęka,875000.0,59.17,3.0,1.0,4.0,do wykończenia,pierwotny,2026.0,66.41666666666667
Białołęka,861600.0,58.26,3.0,1.0,4.0,do wykończenia,pierwotny,2026.0,66.41666666666667
Bielany,940000.0,77.15,4.0,2.0,2.0,do wykończenia,pierwotny,2014.0,41.05
Białołęka,497517.0,38.3,2.0,0.0,2.0,do wykończenia,pierwotny,2026.0,66.41666666666667
Ochota,625000.0,31.3,1.0,2.0,3.0,do zamieszkania,wtórny,2012.0,21.283333333333335
Białołęka,1090000.0,66.91,3.0,0.0,6.0,do zamieszkania,wtórny,2019.0,66.41666666666667
Targówek,565000.0,46.0,2.0,10.0,13.0,do remontu,wtórny,1980.0,34.8
Włochy,1280000.0,83.52,4.0,0.0,5.0,do wykończenia,wtórny,2007.0,34.9
Włochy,964180.0,66.6,3.0,1.0,7.0,do wykończenia,pierwotny,2025.0,34.9
Wilanów,1149000.0,57.4,2.0,1.0,3.0,do zamieszkania,wtórny,2008.0,51.13333333333333
Mokotów,799000.0,70.0,5.0,2.0,3.0,do zamieszkania,wtórny,1986.0,28.966666666666665
Wola,699000.0,36.76,1.0,10.0,16.0,do zamieszkania,wtórny,2005.0,28.45
Wola,399000.0,21.02,1.0,5.0,11.0,do zamieszkania,wtórny,2019.0,23.233333333333334
Włochy,670000.0,31.74,1.0,4.0,5.0,do zamieszkania,wtórny,2018.0,34.9
Bemowo,650000.0,36.0,2.0,0.0,5.0,do wykończenia,wtórny,2025.0,38.28333333333333
Bielany,2400000.0,89.6,4.0,6.0,6.0,do zamieszkania,wtórny,2020.0,41.05
Ursynów,970000.0,68.0,3.0,9.0,10.0,do remontu,wtórny,1978.0,52.61666666666667
Mokotów,1786679.99,48.61,2.0,0.0,3.0,do zamieszkania,pierwotny,2026.0,28.966666666666665
Praga-Południe,719000.0,59.4,3.0,9.0,10.0,do remontu,wtórny,1979.0,31.733333333333334
Bemowo,585000.0,49.91,2.0,0.0,10.0,do zamieszkania,wtórny,1977.0,38.28333333333333
Wola,649000.0,34.64,2.0,2.0,10.0,do zamieszkania,wtórny,1963.0,16.816666666666666
Ochota,960000.0,55.0,2.0,0.0,3.0,do zamieszkania,wtórny,2000.0,21.283333333333335
Mokotów,790000.0,59.23,3.0,4.0,10.0,do remontu,wtórny,1975.0,31.766666666666666
Targówek,1330000.0,74.0,3.0,0.0,3.0,do zamieszkania,wtórny,2009.0,34.8
Śródmieście,5850000.0,133.31,3.0,3.0,6.0,do zamieszkania,wtórny,1986.0,15.55
Mokotów,5032000.39,107.89,4.0,3.0,3.0,do zamieszkania,pierwotny,2026.0,28.966666666666665
Śródmieście,1050000.0,38.5,1.0,1.0,4.0,do zamieszkania,wtórny,1910.0,12.35
Mokotów,2678000.0,103.0,3.0,3.0,4.0,do zamieszkania,wtórny,1939.0,28.966666666666665
Wola,600000.0,32.4,1.0,1.0,4.0,do zamieszkania,wtórny,1955.0,28.45
Wola,945000.0,37.0,2.0,10.0,27.0,do zamieszkania,pierwotny,2022.0,28.45
Mokotów,4100000.0,120.0,5.0,5.0,6.0,do zamieszkania,wtórny,2020.0,28.966666666666665
Śródmieście,1099999.0,54.16,2.0,3.0,5.0,do zamieszkania,wtórny,1958.0,12.35
Praga-Południe,899999.0,36.0,2.0,2.0,2.0,do zamieszkania,wtórny,1935.0,31.733333333333334
Mokotów,1628000.0,79.0,3.0,3.0,4.0,do zamieszkania,wtórny,1952.0,28.966666666666665
Ochota,850000.0,53.3,2.0,2.0,5.0,do remontu,wtórny,1951.0,15.833333333333334
Wola,699000.0,36.76,1.0,10.0,16.0,do zamieszkania,wtórny,2005.0,28.45
Bemowo,721795.0,37.36,2.0,0.0,7.0,do wykończenia,pierwotny,2027.0,38.28333333333333
Włochy,1030000.0,103.0,5.0,3.0,4.0,do zamieszkania,wtórny,1999.0,34.9
Mokotów,5950000.0,182.7,5.0,6.0,6.0,do zamieszkania,wtórny,1930.0,24.166666666666668
Mokotów,1191575.0,86.66,4.0,1.0,6.0,do wykończenia,pierwotny,2027.0,28.966666666666665
Wola,1004634.0,76.34,4.0,0.0,5.0,do wykończenia,pierwotny,2025.0,15.333333333333334
Bemowo,783525.0,45.03,2.0,1.0,7.0,do wykończenia,pierwotny,2025.0,38.28333333333333
Ursus,695000.0,36.0,2.0,5.0,6.0,do zamieszkania,wtórny,2021.0,26.083333333333332
Białołęka,735000.0,46.69,2.0,2.0,3.0,do zamieszkania,wtórny,2020.0,70.15
Praga-Południe,1195000.0,52.0,2.0,1.0,3.0,do zamieszkania,wtórny,1928.0,31.733333333333334
Włochy,700000.0,43.0,2.0,0.0,5.0,do wykończenia,pierwotny,2025.0,34.9
Wola,995000.0,56.1,3.0,5.0,8.0,do zamieszkania,wtórny,2008.0,28.45
Wola,1390000.0,63.25,3.0,7.0,7.0,do zamieszkania,wtórny,2020.0,28.45
Mokotów,470000.0,22.87,1.0,0.0,6.0,do zamieszkania,wtórny,1955.0,22.816666666666666
Śródmieście,799000.0,46.15,2.0,0.0,3.0,do zamieszkania,wtórny,1948.0,14.5
Praga,1188940.0,82.0,3.0,1.0,5.0,do wykończenia,pierwotny,2026.0,31.783333333333335
Targówek,772149.0,59.57,3.0,4.0,8.0,do wykończenia,wtórny,2025.0,34.8
Praga,939769.0,63.5,3.0,3.0,5.0,do wykończenia,pierwotny,2026.0,31.783333333333335
Wola,794000.0,31.5,2.0,0.0,7.0,do zamieszkania,wtórny,2020.0,28.466666666666665
Ochota,540000.0,36.0,2.0,3.0,10.0,do remontu,wtórny,1967.0,21.283333333333335
Bemowo,717000.0,42.2,2.0,4.0,5.0,do zamieszkania,wtórny,2003.0,38.28333333333333
Wawer,916940.0,72.2,4.0,1.0,3.0,do wykończenia,pierwotny,2026.0,41.81666666666667
Ursus,634878.0,39.19,2.0,5.0,5.0,do wykończenia,pierwotny,2026.0,26.083333333333332
Śródmieście,1011067.0,37.71,2.0,3.0,11.0,do zamieszkania,pierwotny,2019.0,12.333333333333334
Bemowo,1080000.0,59.64,3.0,2.0,5.0,do zamieszkania,wtórny,2014.0,38.28333333333333
Ursus,589900.0,35.0,2.0,1.0,7.0,do zamieszkania,wtórny,2024.0,41.96666666666667
Białołęka,780000.0,52.0,2.0,3.0,4.0,do zamieszkania,wtórny,2006.0,80.83333333333333
Mokotów,542000.0,31.0,2.0,3.0,10.0,do zamieszkania,wtórny,1975.0,28.916666666666668
Bielany,543900.0,37.0,2.0,0.0,3.0,do remontu,wtórny,1958.0,41.05
Mokotów,2040000.0,75.18,5.0,1.0,2.0,do wykończenia,pierwotny,2026.0,28.916666666666668
Mokotów,1250000.0,82.48,3.0,4.0,5.0,do wykończenia,wtórny,2005.0,28.916666666666668
Bemowo,707743.0,43.69,2.0,1.0,5.0,do wykończenia,pierwotny,2027.0,38.28333333333333
Białołęka,480000.0,30.6,1.0,0.0,4.0,do zamieszkania,wtórny,2007.0,80.83333333333333
Bemowo,900000.0,60.5,3.0,3.0,10.0,do zamieszkania,wtórny,1978.0,38.28333333333333
Wola,1268000.0,59.0,2.0,5.0,8.0,do zamieszkania,wtórny,2009.0,22.183333333333334
Mokotów,3880000.0,143.53,5.0,2.0,2.0,do wykończenia,pierwotny,2026.0,28.916666666666668
Praga,825000.0,67.74,3.0,5.0,10.0,do remontu,wtórny,1970.0,31.783333333333335
Mokotów,1040000.0,47.59,2.0,0.0,8.0,do zamieszkania,wtórny,2018.0,28.916666666666668
Ursus,1250000.0,80.36,4.0,7.0,7.0,do zamieszkania,wtórny,2004.0,26.083333333333332
Mokotów,1400000.0,70.0,2.0,2.0,6.0,do zamieszkania,wtórny,2006.0,28.916666666666668
Wola,625000.0,30.0,1.0,1.0,3.0,do zamieszkania,wtórny,1931.0,28.466666666666665
Bielany,740000.0,51.0,3.0,4.0,10.0,do remontu,wtórny,1971.0,41.05
Mokotów,1690000.0,96.13,3.0,3.0,5.0,do zamieszkania,wtórny,2011.0,28.916666666666668
Praga-Północ,585000.0,38.0,2.0,0.0,4.0,do wykończenia,pierwotny,2025.0,32.25
Wola,2400000.0,70.5,3.0,10.0,12.0,do zamieszkania,wtórny,2019.0,28.466666666666665
Białołęka,550000.0,38.0,2.0,1.0,4.0,do zamieszkania,wtórny,2010.0,85.51666666666667
Mokotów,655000.0,39.0,2.0,5.0,10.0,do remontu,wtórny,1962.0,29.583333333333332
Mokotów,655000.0,39.0,2.0,5.0,10.0,do remontu,wtórny,1962.0,29.583333333333332
Włochy,715000.0,44.08,1.0,0.0,5.0,do zamieszkania,wtórny,2013.0,34.9
Ursus,749000.0,56.0,3.0,3.0,3.0,do zamieszkania,wtórny,1956.0,26.083333333333332
Wola,420000.0,24.7,1.0,2.0,10.0,do remontu,wtórny,1970.0,28.466666666666665
Ochota,509000.0,34.82,2.0,3.0,4.0,do remontu,wtórny,1970.0,21.283333333333335
Praga-Północ,749000.0,44.0,2.0,5.0,7.0,do zamieszkania,wtórny,2015.0,32.25
Żoliborz,2950000.0,94.73,4.0,3.0,4.0,do zamieszkania,wtórny,2018.0,33.9
Mokotów,1786680.0,48.61,2.0,0.0,3.0,do wykończenia,pierwotny,2026.0,28.9
Bielany,1690000.0,82.5,4.0,4.0,7.0,do zamieszkania,wtórny,2016.0,41.05
Mokotów,1685205.0,45.15,2.0,0.0,3.0,do wykończenia,pierwotny,2026.0,28.9
Mokotów,1477760.0,45.18,2.0,1.0,3.0,do wykończenia,pierwotny,2026.0,28.9
Mokotów,925000.0,51.0,2.0,2.0,3.0,do remontu,wtórny,1936.0,28.9
Mokotów,1684700.0,48.58,2.0,0.0,3.0,do wykończenia,pierwotny,2026.0,28.9
Ursus,1250000.0,80.36,4.0,7.0,7.0,do zamieszkania,wtórny,2004.0,26.083333333333332
Mokotów,1431270.0,45.16,2.0,0.0,3.0,do wykończenia,pierwotny,2026.0,28.9
Śródmieście,780680.0,26.92,1.0,1.0,10.0,do zamieszkania,wtórny,1968.0,15.683333333333334
Żoliborz,775500.0,43.5,2.0,6.0,10.0,do zamieszkania,wtórny,1967.0,33.9
Targówek,900000.0,58.0,2.0,4.0,8.0,do zamieszkania,wtórny,2001.0,34.8
Wilanów,5299000.0,280.0,5.0,0.0,1.0,do wykończenia,pierwotny,2024.0,61.43333333333333
Bemowo,679648.0,43.71,2.0,0.0,5.0,do wykończenia,pierwotny,2027.0,38.28333333333333
Bemowo,884247.0,64.31,3.0,1.0,5.0,do wykończenia,pierwotny,2027.0,38.28333333333333
Włochy,882000.0,59.81,3.0,0.0,4.0,do wykończenia,pierwotny,2024.0,34.9
Wola,850000.0,56.7,3.0,5.0,11.0,do zamieszkania,wtórny,1968.0,28.466666666666665
Targówek,1060000.0,57.1,3.0,0.0,4.0,do zamieszkania,wtórny,2018.0,34.8
Ochota,987500.0,62.5,3.0,2.0,6.0,do remontu,wtórny,1989.0,21.283333333333335
Wola,1366000.0,64.32,3.0,1.0,7.0,do wykończenia,pierwotny,2026.0,28.466666666666665
Mokotów,3217794.75,98.3,3.0,2.0,2.0,do wykończenia,pierwotny,2024.0,28.9
Mokotów,3014175.0,97.7,3.0,0.0,2.0,do wykończenia,pierwotny,2024.0,28.9
Białołęka,456390.0,25.69,1.0,2.0,3.0,do wykończenia,pierwotny,2026.0,85.51666666666667
Ochota,1690000.0,115.0,5.0,3.0,4.0,do remontu,wtórny,1999.0,21.283333333333335
Praga-Północ,799000.0,50.0,2.0,0.0,3.0,do zamieszkania,wtórny,2007.0,32.25
Praga,699000.0,42.33,2.0,0.0,5.0,do zamieszkania,wtórny,1956.0,32.96666666666667
Białołęka,780000.0,54.0,3.0,2.0,3.0,do zamieszkania,wtórny,2017.0,70.15
Ursus,950000.0,63.4,2.0,3.0,4.0,do zamieszkania,wtórny,2009.0,26.083333333333332
Mokotów,1431270.0,45.16,2.0,0.0,3.0,do wykończenia,pierwotny,2026.0,28.9
Targówek,1100000.0,68.2,3.0,1.0,3.0,do zamieszkania,wtórny,2014.0,34.8
Wola,485000.0,18.0,1.0,10.0,28.0,do zamieszkania,wtórny,2021.0,28.466666666666665
Śródmieście,499000.0,20.13,1.0,7.0,15.0,do zamieszkania,wtórny,1966.0,8.85
Mokotów,569000.0,34.57,1.0,0.0,7.0,do wykończenia,wtórny,1957.0,28.9
Wilanów,2240000.0,93.11,3.0,2.0,4.0,do zamieszkania,wtórny,2017.0,50.71666666666667
Ochota,1050000.0,52.69,2.0,5.0,5.0,do remontu,wtórny,1960.0,14.933333333333334
Bemowo,827278.0,50.91,3.0,0.0,8.0,do wykończenia,wtórny,2026.0,38.28333333333333
Włochy,966607.0,65.98,3.0,0.0,4.0,do wykończenia,pierwotny,2025.0,34.9
Bemowo,959541.0,59.79,3.0,2.0,8.0,do wykończenia,wtórny,2026.0,38.28333333333333
Wawer,888118.0,65.69,3.0,0.0,5.0,do wykończenia,pierwotny,2025.0,41.81666666666667
Mokotów,749000.0,56.2,3.0,3.0,12.0,do remontu,wtórny,1976.0,28.9
Praga-Południe,725500.0,60.55,3.0,7.0,10.0,do zamieszkania,wtórny,1978.0,34.016666666666666
Wola,1350000.0,70.0,3.0,2.0,6.0,do zamieszkania,wtórny,2010.0,28.466666666666665
Ursus,870000.0,66.2,3.0,4.0,4.0,do zamieszkania,wtórny,2000.0,26.083333333333332
Wawer,889000.0,69.0,3.0,1.0,3.0,do zamieszkania,wtórny,2008.0,41.81666666666667
Białołęka,1180000.0,92.0,4.0,1.0,6.0,do zamieszkania,wtórny,2005.0,85.51666666666667
Bemowo,1334560.0,83.41,4.0,0.0,4.0,do wykończenia,pierwotny,2026.0,47.1
Targówek,1100000.0,68.2,3.0,1.0,3.0,do zamieszkania,wtórny,2014.0,34.8
Praga-Południe,598000.0,34.0,1.0,3.0,4.0,do zamieszkania,wtórny,1965.0,31.733333333333334
Żoliborz,1680000.0,76.0,3.0,5.0,5.0,do zamieszkania,wtórny,1950.0,33.9
Wola,695000.0,35.0,2.0,1.0,4.0,do zamieszkania,wtórny,1938.0,22.033333333333335
Ursus,730100.0,59.68,4.0,1.0,8.0,do wykończenia,pierwotny,2026.0,26.083333333333332
Targówek,953000.0,62.53,3.0,3.0,6.0,do wykończenia,pierwotny,2025.0,34.8
Bemowo,1399000.0,71.0,3.0,0.0,8.0,do zamieszkania,wtórny,2019.0,38.28333333333333
Wawer,1200000.0,77.01,3.0,0.0,1.0,do zamieszkania,wtórny,2020.0,41.81666666666667
Wilanów,2500000.0,139.14,4.0,0.0,3.0,do zamieszkania,wtórny,2008.0,61.43333333333333
Wilanów,2480000.0,124.38,4.0,1.0,3.0,do zamieszkania,wtórny,2009.0,61.43333333333333
Śródmieście,3200000.0,125.0,4.0,6.0,6.0,do zamieszkania,wtórny,2006.0,12.35
Wola,825000.0,31.18,2.0,9.0,9.0,do wykończenia,pierwotny,2025.0,28.466666666666665
Ochota,1499000.0,86.0,3.0,10.0,16.0,do zamieszkania,wtórny,1999.0,15.883333333333333
Mokotów,799000.0,38.0,2.0,7.0,10.0,do zamieszkania,wtórny,1970.0,28.9
Białołęka,799000.0,63.0,3.0,2.0,4.0,do zamieszkania,wtórny,2018.0,85.51666666666667
Mokotów,2000000.0,88.1,3.0,1.0,9.0,do zamieszkania,wtórny,2006.0,28.9
Targówek,772149.74,59.57,3.0,4.0,8.0,do wykończenia,wtórny,2025.0,34.8
Białołęka,496786.0,35.74,1.0,2.0,3.0,do wykończenia,pierwotny,2027.0,85.51666666666667
Śródmieście,1109000.0,45.31,2.0,4.0,6.0,do zamieszkania,wtórny,1930.0,12.35
Targówek,595000.0,43.1,2.0,10.0,12.0,do wykończenia,wtórny,1976.0,34.8
Śródmieście,875000.0,38.0,2.0,2.0,15.0,do zamieszkania,wtórny,2007.0,12.35
Ursus,817966.0,51.77,3.0,1.0,5.0,do wykończenia,pierwotny,2026.0,26.083333333333332
Śródmieście,1236929.0,41.08,3.0,5.0,11.0,do zamieszkania,pierwotny,2019.0,12.35
Bielany,888000.0,74.0,4.0,2.0,2.0,do zamieszkania,wtórny,1980.0,41.05
Bielany,609000.0,45.8,3.0,0.0,4.0,do remontu,wtórny,1972.0,41.05
Ursynów,830000.0,46.41,2.0,6.0,8.0,do zamieszkania,wtórny,2016.0,52.95
Ochota,819000.0,49.3,3.0,2.0,10.0,do wykończenia,wtórny,1976.0,21.316666666666666
Bemowo,1350313.0,71.85,4.0,4.0,4.0,do wykończenia,pierwotny,2027.0,38.28333333333333
Wola,840000.0,38.15,2.0,3.0,6.0,do wykończenia,pierwotny,2026.0,28.466666666666665
Wola,878000.0,38.15,2.0,5.0,6.0,do wykończenia,pierwotny,2026.0,28.466666666666665
Białołęka,796966.0,66.65,3.0,0.0,3.0,do wykończenia,pierwotny,2027.0,85.51666666666667
Ursynów,850000.0,50.5,2.0,0.0,8.0,do zamieszkania,wtórny,1982.0,52.95
Wola,385000.0,19.0,1.0,2.0,3.0,do remontu,wtórny,1956.0,28.466666666666665
Mokotów,479000.0,19.0,1.0,3.0,4.0,do zamieszkania,wtórny,1968.0,27.533333333333335
Bemowo,990000.0,62.0,3.0,2.0,3.0,do zamieszkania,wtórny,2000.0,38.28333333333333
Wilanów,1957693.0,100.41,4.0,4.0,4.0,do wykończenia,pierwotny,2026.0,61.43333333333333
Wola,750000.0,42.0,2.0,1.0,3.0,do remontu,wtórny,1952.0,20.383333333333333
Wawer,660000.0,37.0,2.0,2.0,5.0,do zamieszkania,wtórny,2018.0,41.81666666666667
Białołęka,1199000.0,76.9,3.0,0.0,3.0,do zamieszkania,wtórny,2013.0,85.51666666666667
Praga-Południe,899000.0,57.8,3.0,3.0,4.0,do zamieszkania,wtórny,1964.0,31.733333333333334
Wilanów,1050000.0,54.0,2.0,1.0,3.0,do zamieszkania,wtórny,2005.0,61.43333333333333
Mokotów,1540000.0,79.0,3.0,2.0,4.0,do zamieszkania,wtórny,1935.0,28.85
Wola,878000.0,38.15,2.0,5.0,6.0,do wykończenia,pierwotny,2026.0,28.466666666666665
Śródmieście,3075000.0,110.8,4.0,6.0,12.0,do zamieszkania,wtórny,2007.0,13.15
Ursynów,910000.0,55.26,2.0,3.0,5.0,do zamieszkania,wtórny,2001.0,52.95
Wola,530000.0,24.5,1.0,6.0,8.0,do zamieszkania,wtórny,2018.0,22.383333333333333
Mokotów,825000.0,57.0,3.0,4.0,12.0,do zamieszkania,wtórny,1977.0,28.85
Praga-Południe,599000.0,30.62,1.0,2.0,3.0,do wykończenia,wtórny,1935.0,31.733333333333334
Wilanów,1350000.0,93.7,3.0,3.0,4.0,do remontu,wtórny,2000.0,61.43333333333333
Wilanów,1630000.0,110.9,3.0,8.0,11.0,do zamieszkania,wtórny,2000.0,61.43333333333333
Targówek,845000.0,62.0,3.0,0.0,12.0,do zamieszkania,wtórny,1987.0,34.8
Bemowo,822000.0,46.41,2.0,3.0,5.0,do zamieszkania,wtórny,2006.0,38.28333333333333
Śródmieście,1300000.0,49.9,2.0,10.0,25.0,do zamieszkania,wtórny,2000.0,20.25
Białołęka,725000.0,54.0,3.0,2.0,3.0,do wykończenia,wtórny,2025.0,85.51666666666667
Wola,595600.0,31.0,2.0,1.0,9.0,do wykończenia,pierwotny,2026.0,28.466666666666665
Białołęka,490000.0,30.22,1.0,3.0,4.0,do zamieszkania,wtórny,2012.0,85.51666666666667
Mokotów,870000.0,51.2,3.0,9.0,10.0,do zamieszkania,wtórny,1970.0,28.816666666666666
Wawer,775801.0,56.13,3.0,0.0,4.0,do wykończenia,pierwotny,2026.0,41.81666666666667
Mokotów,1285000.0,63.13,3.0,4.0,8.0,do zamieszkania,wtórny,2022.0,28.816666666666666
Mokotów,950000.0,45.11,2.0,5.0,8.0,do zamieszkania,wtórny,2022.0,28.816666666666666
Mokotów,1050000.0,45.29,2.0,8.0,8.0,do zamieszkania,wtórny,2022.0,28.816666666666666
Mokotów,1380000.0,66.65,3.0,5.0,8.0,do zamieszkania,wtórny,2022.0,28.816666666666666
Żoliborz,3494000.0,125.19,5.0,3.0,4.0,do wykończenia,pierwotny,2026.0,33.9
Bielany,750000.0,47.0,2.0,10.0,15.0,do zamieszkania,wtórny,2005.0,41.05
Wilanów,2190000.0,115.9,5.0,0.0,4.0,do remontu,wtórny,2014.0,61.43333333333333
Wola,649000.0,34.64,2.0,2.0,10.0,do zamieszkania,wtórny,1971.0,13.583333333333334
Ursynów,790000.0,35.32,1.0,2.0,6.0,do zamieszkania,wtórny,2001.0,44.53333333333333
Śródmieście,1089000.0,57.0,3.0,2.0,6.0,do zamieszkania,wtórny,1965.0,20.2
Praga-Południe,639000.0,57.0,3.0,2.0,7.0,do remontu,wtórny,1974.0,31.733333333333334
Bielany,1249000.0,74.72,3.0,5.0,8.0,do zamieszkania,wtórny,2006.0,41.05
Bielany,1399000.0,76.93,4.0,2.0,10.0,do zamieszkania,wtórny,2014.0,41.05
Wola,654122.0,38.32,2.0,5.0,7.0,do wykończenia,pierwotny,2025.0,28.466666666666665
Wola,568454.0,28.66,1.0,2.0,7.0,do wykończenia,pierwotny,2025.0,28.466666666666665
Mokotów,1380000.0,66.65,3.0,5.0,8.0,do zamieszkania,wtórny,2022.0,28.816666666666666
Śródmieście,1050000.0,57.0,3.0,10.0,16.0,do zamieszkania,wtórny,1972.0,19.583333333333332
Praga,1266698.0,99.74,4.0,1.0,4.0,do wykończenia,wtórny,2024.0,32.96666666666667
Wola,1300000.0,94.0,3.0,3.0,3.0,do wykończenia,wtórny,2008.0,28.283333333333335
Ochota,690000.0,43.0,2.0,3.0,7.0,do remontu,wtórny,1954.0,20.583333333333332
Bemowo,592000.0,28.2,1.0,3.0,5.0,do wykończenia,pierwotny,2025.0,38.28333333333333
Ursus,608322.0,42.54,2.0,1.0,8.0,do wykończenia,pierwotny,2026.0,26.083333333333332
Wilanów,885000.0,46.6,2.0,4.0,4.0,do wykończenia,pierwotny,2025.0,61.43333333333333
Mokotów,1115000.0,51.0,2.0,6.0,16.0,do zamieszkania,wtórny,2025.0,33.31666666666667
Wola,945000.0,57.0,2.0,1.0,4.0,do wykończenia,wtórny,2025.0,28.466666666666665
Włochy,670000.0,30.98,1.0,1.0,6.0,do zamieszkania,wtórny,2024.0,34.9
Włochy,616322.0,27.53,1.0,0.0,6.0,do zamieszkania,wtórny,2024.0,34.9
Targówek,887000.0,66.0,4.0,3.0,4.0,do zamieszkania,wtórny,1970.0,34.8
Mokotów,2290000.0,111.36,4.0,7.0,7.0,do zamieszkania,wtórny,2020.0,28.766666666666666
Praga-Południe,917000.0,46.15,2.0,6.0,12.0,do zamieszkania,wtórny,2015.0,31.733333333333334
Wola,630000.0,29.24,1.0,4.0,6.0,do zamieszkania,wtórny,2018.0,28.466666666666665
Bielany,790000.0,65.0,3.0,6.0,10.0,do remontu,wtórny,1977.0,41.05
Włochy,1249000.0,96.0,4.0,3.0,3.0,do wykończenia,wtórny,2007.0,34.9
Ursynów,1099000.0,70.0,4.0,2.0,4.0,do zamieszkania,wtórny,1980.0,52.38333333333333
Włochy,938000.0,67.1,3.0,2.0,2.0,do zamieszkania,wtórny,2001.0,34.9
Praga-Południe,1085000.0,61.23,3.0,1.0,4.0,do zamieszkania,wtórny,2021.0,31.733333333333334
Mokotów,2100000.0,85.49,4.0,8.0,8.0,do zamieszkania,wtórny,2022.0,28.766666666666666
Bielany,530000.0,51.0,3.0,0.0,4.0,do zamieszkania,wtórny,2000.0,41.05
Mokotów,1000000.0,48.72,2.0,4.0,8.0,do zamieszkania,wtórny,2022.0,28.766666666666666
Ursynów,995000.0,68.2,3.0,1.0,3.0,do remontu,wtórny,1991.0,52.38333333333333
Mokotów,960000.0,45.11,2.0,3.0,8.0,do zamieszkania,wtórny,2022.0,28.766666666666666
Praga,1085000.0,61.23,3.0,1.0,4.0,do zamieszkania,wtórny,2021.0,32.96666666666667
Ursus,1730000.0,180.0,6.0,2.0,2.0,do remontu,wtórny,1936.0,26.083333333333332
Praga-Północ,550000.0,34.27,1.0,1.0,6.0,do wykończenia,wtórny,2000.0,28.416666666666668
Praga-Południe,649000.0,56.0,4.0,1.0,6.0,do remontu,wtórny,1970.0,31.733333333333334
Wilanów,1180000.0,68.41,3.0,2.0,2.0,do zamieszkania,wtórny,2022.0,61.43333333333333
Włochy,792400.0,45.28,2.0,3.0,5.0,do wykończenia,pierwotny,2025.0,27.866666666666667
Białołęka,1360000.0,80.4,4.0,3.0,11.0,do zamieszkania,wtórny,2016.0,85.51666666666667
Białołęka,1539000.0,97.14,4.0,5.0,5.0,do zamieszkania,wtórny,2024.0,70.15
Wilanów,1410000.0,82.0,3.0,1.0,4.0,do zamieszkania,wtórny,2013.0,61.43333333333333
Wola,1390000.0,54.38,2.0,4.0,6.0,do zamieszkania,wtórny,2010.0,28.466666666666665
Wola,1690000.0,66.18,3.0,4.0,6.0,do zamieszkania,wtórny,2013.0,28.466666666666665
Śródmieście,685000.0,37.37,2.0,4.0,5.0,do remontu,wtórny,1959.0,17.116666666666667
Włochy,899000.0,52.0,2.0,1.0,5.0,do zamieszkania,wtórny,2024.0,19.3
Praga,739000.0,55.47,3.0,2.0,4.0,do remontu,wtórny,1936.0,32.96666666666667
Wola,1998990.0,120.0,3.0,7.0,12.0,do zamieszkania,wtórny,2000.0,28.466666666666665
Wilanów,999999.0,50.0,2.0,3.0,4.0,do zamieszkania,wtórny,2017.0,50.71666666666667
Wawer,465000.0,36.0,2.0,0.0,4.0,do zamieszkania,wtórny,1967.0,41.81666666666667
Targówek,1050000.0,68.0,3.0,4.0,5.0,do zamieszkania,wtórny,2005.0,34.8
Targówek,770000.0,41.69,2.0,1.0,5.0,do zamieszkania,wtórny,2018.0,34.8
Bemowo,1813555.0,98.03,4.0,0.0,1.0,do wykończenia,pierwotny,2025.0,38.28333333333333
Wola,1205698.0,75.83,3.0,1.0,16.0,do wykończenia,pierwotny,2027.0,28.233333333333334
Wola,1050000.0,57.5,3.0,10.0,15.0,do zamieszkania,wtórny,1970.0,16.316666666666666
Mokotów,745000.0,35.5,2.0,1.0,4.0,do zamieszkania,wtórny,1945.0,28.783333333333335
Białołęka,655545.0,47.85,2.0,2.0,3.0,do wykończenia,pierwotny,2027.0,85.51666666666667
Białołęka,690000.0,45.0,2.0,0.0,4.0,do zamieszkania,wtórny,2021.0,85.51666666666667
Ochota,720000.0,45.0,2.0,0.0,4.0,do zamieszkania,wtórny,1960.0,29.133333333333333
Bielany,785000.0,60.41,3.0,3.0,3.0,do remontu,wtórny,1984.0,41.05
Śródmieście,799000.0,35.0,1.0,5.0,5.0,do zamieszkania,wtórny,1911.0,11.583333333333334
Praga-Południe,929000.0,59.61,3.0,10.0,17.0,do zamieszkania,wtórny,2019.0,34.016666666666666
Bielany,725000.0,54.81,3.0,9.0,12.0,do zamieszkania,wtórny,1976.0,41.05
Ursynów,959000.0,70.4,4.0,0.0,2.0,do zamieszkania,wtórny,1989.0,52.21666666666667
Wola,545000.0,38.2,2.0,9.0,9.0,do remontu,wtórny,1965.0,36.55
Wawer,605294.0,46.03,2.0,1.0,3.0,do wykończenia,pierwotny,2026.0,41.81666666666667
Ursus,627040.0,39.19,2.0,4.0,5.0,do wykończenia,pierwotny,2026.0,26.083333333333332
Śródmieście,1848008.0,66.63,3.0,2.0,11.0,do zamieszkania,pierwotny,2019.0,17.116666666666667
Praga,739000.0,55.47,3.0,2.0,4.0,do remontu,wtórny,1936.0,32.96666666666667
Żoliborz,741000.0,38.0,1.0,3.0,4.0,do zamieszkania,wtórny,1950.0,33.9
Żoliborz,1525000.0,61.42,3.0,6.0,6.0,do zamieszkania,wtórny,2016.0,33.9
Śródmieście,939000.0,38.89,2.0,1.0,15.0,do zamieszkania,wtórny,2007.0,17.116666666666667
Żoliborz,490000.0,25.5,1.0,3.0,4.0,do zamieszkania,wtórny,1960.0,33.9
Mokotów,4700000.0,122.62,5.0,5.0,6.0,do zamieszkania,wtórny,2018.0,28.783333333333335
Targówek,598000.0,47.89,2.0,2.0,4.0,do zamieszkania,wtórny,2005.0,34.8
Białołęka,871650.0,58.5,3.0,3.0,3.0,do zamieszkania,wtórny,2019.0,85.51666666666667
Wola,2595000.0,113.0,3.0,6.0,7.0,do zamieszkania,wtórny,2010.0,20.383333333333333
Wilanów,1295000.0,72.67,3.0,2.0,4.0,do wykończenia,pierwotny,2025.0,51.9
Praga-Północ,550000.0,36.9,2.0,0.0,2.0,do zamieszkania,wtórny,1950.0,28.416666666666668
Wilanów,799000.0,44.27,2.0,1.0,4.0,do wykończenia,wtórny,2025.0,51.9
Bielany,829000.0,36.85,2.0,1.0,6.0,do zamieszkania,wtórny,2025.0,41.05
Bielany,849000.0,37.24,2.0,5.0,6.0,do zamieszkania,wtórny,2025.0,41.05
Praga,1250000.0,54.0,2.0,3.0,5.0,do zamieszkania,wtórny,2017.0,32.96666666666667
Białołęka,749000.0,59.5,3.0,1.0,4.0,do zamieszkania,wtórny,2009.0,85.51666666666667
Wola,1896000.0,92.06,4.0,2.0,7.0,do wykończenia,pierwotny,2025.0,28.466666666666665
Mokotów,755000.0,38.0,2.0,5.0,8.0,do zamieszkania,wtórny,1962.0,28.733333333333334
Białołęka,948460.0,71.42,4.0,1.0,3.0,do wykończenia,pierwotny,2026.0,85.51666666666667
Praga,494000.0,37.0,1.0,3.0,6.0,do zamieszkania,wtórny,1993.0,22.6
Mokotów,999999.0,53.0,3.0,6.0,8.0,do zamieszkania,wtórny,2003.0,28.733333333333334
Włochy,1339000.0,71.0,3.0,3.0,3.0,do zamieszkania,wtórny,2013.0,34.9
Białołęka,1202233.0,106.07,5.0,1.0,3.0,do wykończenia,pierwotny,2027.0,85.51666666666667
Praga-Południe,580000.0,33.75,2.0,2.0,4.0,do zamieszkania,wtórny,1964.0,31.733333333333334
Żoliborz,741000.0,38.0,1.0,3.0,4.0,do zamieszkania,wtórny,1950.0,33.9
Mokotów,2480000.0,104.46,4.0,2.0,5.0,do zamieszkania,wtórny,2011.0,31.416666666666668
Mokotów,1096815.0,62.1,3.0,1.0,9.0,do wykończenia,pierwotny,2025.0,27.533333333333335
Mokotów,1212941.0,70.8,3.0,2.0,9.0,do wykończenia,pierwotny,2025.0,27.533333333333335
Białołęka,641135.0,46.01,2.0,0.0,3.0,do wykończenia,pierwotny,2026.0,85.51666666666667
Bemowo,690000.0,41.0,2.0,7.0,11.0,do zamieszkania,wtórny,1976.0,38.28333333333333
Białołęka,545000.0,40.0,2.0,2.0,2.0,do zamieszkania,wtórny,2011.0,85.51666666666667
Białołęka,903500.0,62.3,3.0,0.0,4.0,do zamieszkania,wtórny,2014.0,85.51666666666667
Wola,933300.0,41.48,2.0,0.0,6.0,do zamieszkania,wtórny,2020.0,28.466666666666665
Śródmieście,550000.0,28.03,1.0,0.0,3.0,do remontu,wtórny,1950.0,161.48333333333332
Żoliborz,888000.0,37.0,2.0,2.0,3.0,do zamieszkania,wtórny,1935.0,33.9
Praga,1100000.0,70.0,3.0,10.0,12.0,do zamieszkania,wtórny,1986.0,32.96666666666667
Mokotów,649000.0,27.0,1.0,3.0,3.0,do zamieszkania,wtórny,2025.0,28.733333333333334
Bemowo,2520000.0,158.22,5.0,3.0,3.0,do zamieszkania,wtórny,2006.0,38.28333333333333
Białołęka,667000.0,43.0,3.0,0.0,2.0,do zamieszkania,wtórny,2026.0,85.51666666666667
Praga-Południe,620000.0,56.0,3.0,5.0,5.0,do remontu,wtórny,1970.0,31.733333333333334
Ochota,600000.0,35.8,2.0,0.0,5.0,do zamieszkania,wtórny,1962.0,15.85
Wola,1050000.0,50.0,3.0,6.0,14.0,do zamieszkania,wtórny,2019.0,28.466666666666665
Białołęka,849000.0,67.87,3.0,1.0,3.0,do zamieszkania,wtórny,2015.0,85.51666666666667
Bemowo,1134000.0,59.73,3.0,0.0,5.0,do zamieszkania,wtórny,2024.0,38.28333333333333
Praga,989000.0,55.0,3.0,4.0,7.0,do zamieszkania,wtórny,2022.0,32.96666666666667
Włochy,852159.0,57.97,3.0,0.0,6.0,do wykończenia,pierwotny,2027.0,34.9
Śródmieście,1789000.0,78.0,3.0,0.0,3.0,do zamieszkania,wtórny,1937.0,22.716666666666665
Mokotów,1096815.0,62.11,3.0,1.0,9.0,do wykończenia,pierwotny,2025.0,27.55
Wola,2595000.0,62.12,3.0,10.0,29.0,do zamieszkania,wtórny,2024.0,28.466666666666665
Mokotów,2790175.0,141.5,5.0,2.0,7.0,do wykończenia,pierwotny,2025.0,27.55
Ursus,1290000.0,78.0,4.0,4.0,7.0,do zamieszkania,wtórny,2017.0,26.083333333333332
Mokotów,2599120.0,66.96,3.0,6.0,8.0,do wykończenia,pierwotny,2025.0,28.75
Bielany,480000.0,27.0,2.0,7.0,10.0,do remontu,wtórny,1975.0,41.05
Ursynów,885000.0,63.4,3.0,0.0,3.0,do zamieszkania,wtórny,1977.0,45.8
Mokotów,950000.0,65.19,4.0,0.0,4.0,do remontu,wtórny,1972.0,28.75
Mokotów,5260342.0,149.0,4.0,3.0,3.0,do wykończenia,pierwotny,2025.0,28.75
Mokotów,3900000.0,125.0,4.0,1.0,5.0,do zamieszkania,wtórny,2007.0,28.75
Ursynów,1198000.0,67.4,3.0,5.0,8.0,do zamieszkania,wtórny,2015.0,45.8
Włochy,1339000.0,71.0,3.0,3.0,3.0,do zamieszkania,wtórny,2013.0,34.9
Białołęka,667000.0,42.92,3.0,0.0,2.0,do zamieszkania,pierwotny,2026.0,85.51666666666667
Włochy,852159.0,57.97,3.0,0.0,6.0,do wykończenia,pierwotny,2027.0,34.9
Mokotów,595000.0,41.1,2.0,4.0,10.0,do remontu,wtórny,1968.0,28.75
Włochy,410000.0,26.5,1.0,3.0,4.0,do zamieszkania,wtórny,2018.0,34.9
Bemowo,1145776.0,75.38,4.0,1.0,4.0,do wykończenia,pierwotny,2026.0,38.28333333333333
Wilanów,1101000.0,57.97,3.0,3.0,4.0,do zamieszkania,wtórny,2020.0,61.43333333333333
Bemowo,518958.0,26.21,1.0,4.0,4.0,do wykończenia,pierwotny,2025.0,38.28333333333333
Bemowo,750992.0,42.67,2.0,2.0,3.0,do wykończenia,pierwotny,2025.0,38.28333333333333
Wilanów,1771100.0,89.0,3.0,2.0,4.0,do zamieszkania,wtórny,2008.0,50.71666666666667
Wilanów,840000.0,40.82,2.0,1.0,5.0,do zamieszkania,wtórny,2017.0,61.43333333333333
Mokotów,1290000.0,64.0,4.0,9.0,15.0,do zamieszkania,wtórny,1975.0,27.55
Praga,689000.0,39.0,2.0,2.0,6.0,do wykończenia,wtórny,2024.0,27.4
Praga,669000.0,39.0,2.0,2.0,6.0,do wykończenia,wtórny,2024.0,27.4
Mokotów,944720.0,67.48,4.0,2.0,5.0,do wykończenia,pierwotny,2026.0,28.75
Białołęka,685000.0,55.16,3.0,3.0,3.0,do wykończenia,wtórny,2025.0,85.51666666666667
Ursus,1056000.0,66.0,3.0,6.0,7.0,do zamieszkania,wtórny,2020.0,26.083333333333332
Mokotów,906072.0,59.61,3.0,5.0,5.0,do wykończenia,pierwotny,2026.0,28.75
Praga-Północ,969000.0,56.9,3.0,10.0,13.0,do zamieszkania,wtórny,2011.0,28.416666666666668
Ursynów,1680000.0,149.88,3.0,0.0,3.0,do remontu,wtórny,1994.0,45.78333333333333
Wola,980000.0,58.79,4.0,0.0,4.0,do zamieszkania,wtórny,1962.0,18.666666666666668
Ursynów,945000.0,52.6,2.0,2.0,10.0,do zamieszkania,wtórny,1981.0,42.63333333333333
Bemowo,799000.0,51.3,2.0,2.0,3.0,do zamieszkania,wtórny,1998.0,38.28333333333333
Praga-Południe,730000.0,57.45,2.0,3.0,4.0,do zamieszkania,wtórny,1997.0,31.733333333333334
Bemowo,699000.0,61.7,3.0,2.0,3.0,do remontu,wtórny,1980.0,38.28333333333333
Śródmieście,750000.0,41.5,2.0,1.0,3.0,do zamieszkania,wtórny,1959.0,17.116666666666667
Mokotów,699000.0,37.94,2.0,2.0,3.0,do remontu,wtórny,1920.0,28.75
Targówek,635000.0,49.0,2.0,1.0,2.0,do wykończenia,wtórny,2025.0,34.8
Wola,510000.0,26.3,1.0,3.0,4.0,do zamieszkania,wtórny,1964.0,16.3
Wilanów,1191960.0,66.22,3.0,1.0,4.0,do wykończenia,pierwotny,2025.0,61.43333333333333
Włochy,799000.0,53.91,3.0,3.0,10.0,do zamieszkania,wtórny,1974.0,25.2
Mokotów,811024.0,47.29,3.0,6.0,6.0,do wykończenia,pierwotny,2025.0,28.75
Wawer,590570.0,40.45,2.0,2.0,3.0,do wykończenia,pierwotny,2025.0,41.81666666666667
Białołęka,990000.0,60.3,3.0,2.0,7.0,do zamieszkania,wtórny,2020.0,85.51666666666667
Ursus,598000.0,44.31,2.0,5.0,7.0,do zamieszkania,wtórny,2002.0,26.083333333333332
Białołęka,699000.0,48.8,2.0,0.0,2.0,do zamieszkania,wtórny,2009.0,85.51666666666667
Białołęka,630000.0,45.92,2.0,1.0,4.0,do zamieszkania,wtórny,2002.0,85.51666666666667
Mokotów,1011358.0,58.46,3.0,4.0,5.0,do wykończenia,pierwotny,2025.0,33.31666666666667
Białołęka,582144.0,37.98,2.0,0.0,3.0,do wykończenia,pierwotny,2024.0,85.51666666666667
Ochota,2574400.0,80.45,3.0,3.0,3.0,do zamieszkania,wtórny,2018.0,30.833333333333332
Mokotów,1048730.0,61.69,3.0,4.0,5.0,do wykończenia,pierwotny,2025.0,33.31666666666667
Praga-Południe,730000.0,57.45,2.0,3.0,4.0,do zamieszkania,wtórny,1997.0,31.733333333333334
Praga-Południe,1249000.0,80.7,3.0,2.0,4.0,do zamieszkania,wtórny,1997.0,31.733333333333334
Włochy,1002558.0,58.36,3.0,1.0,7.0,do wykończenia,pierwotny,2026.0,34.9
Targówek,915165.0,67.79,3.0,4.0,5.0,do wykończenia,pierwotny,2026.0,34.8
Mokotów,999000.0,67.0,4.0,10.0,10.0,do zamieszkania,wtórny,1975.0,22.316666666666666
Ursynów,959000.0,55.09,2.0,2.0,10.0,do zamieszkania,wtórny,2012.0,45.78333333333333
Praga-Południe,598000.0,40.0,1.0,5.0,5.0,do zamieszkania,wtórny,2000.0,31.733333333333334
Bielany,750000.0,35.0,2.0,0.0,4.0,do zamieszkania,wtórny,2011.0,41.05
Mokotów,679000.0,37.0,2.0,4.0,10.0,do zamieszkania,wtórny,1971.0,28.75
Wawer,892884.0,80.53,4.0,2.0,2.0,do wykończenia,pierwotny,2027.0,41.81666666666667
Wawer,848893.0,70.32,4.0,1.0,2.0,do wykończenia,pierwotny,2027.0,41.81666666666667
Praga-Południe,849000.0,49.38,3.0,2.0,3.0,do zamieszkania,wtórny,1965.0,31.733333333333334
Wawer,863880.0,82.26,4.0,2.0,2.0,do zamieszkania,pierwotny,2027.0,41.81666666666667
Wawer,1450000.0,90.5,4.0,0.0,2.0,do zamieszkania,wtórny,2013.0,41.81666666666667
Wawer,799000.0,67.0,3.0,1.0,1.0,do zamieszkania,wtórny,2025.0,41.81666666666667
Wawer,830000.0,68.6,3.0,1.0,1.0,do zamieszkania,wtórny,2002.0,41.81666666666667
Śródmieście,875000.0,38.0,2.0,2.0,16.0,do zamieszkania,wtórny,2006.0,17.116666666666667
Włochy,779000.0,60.0,3.0,0.0,4.0,do zamieszkania,wtórny,1981.0,25.216666666666665
Bielany,750000.0,41.37,2.0,2.0,5.0,do zamieszkania,wtórny,2015.0,41.05
Praga-Południe,900000.0,69.0,3.0,1.0,3.0,do remontu,wtórny,1937.0,32.6
Mokotów,770000.0,48.0,3.0,8.0,10.0,do remontu,wtórny,1968.0,28.7
Ochota,1165000.0,67.0,2.0,0.0,4.0,do remontu,wtórny,1936.0,18.016666666666666
Praga,520000.0,27.97,1.0,9.0,10.0,do wykończenia,wtórny,1966.0,21.7
Bielany,669000.0,52.0,3.0,6.0,10.0,do remontu,wtórny,1972.0,35.233333333333334
Śródmieście,1225000.0,54.43,2.0,6.0,6.0,do zamieszkania,wtórny,1950.0,15.1
Żoliborz,2750000.0,99.6,3.0,0.0,4.0,do zamieszkania,wtórny,1928.0,33.3
Praga-Północ,859000.0,45.0,2.0,3.0,8.0,do zamieszkania,wtórny,2016.0,28.416666666666668
Ursynów,989982.0,61.11,3.0,0.0,3.0,do wykończenia,pierwotny,2025.0,45.78333333333333
Śródmieście,999000.0,45.91,3.0,4.0,7.0,do wykończenia,wtórny,1964.0,17.116666666666667
Wola,1105680.0,54.55,2.0,10.0,16.0,do wykończenia,pierwotny,2027.0,28.233333333333334
Ursynów,880000.0,47.0,2.0,1.0,3.0,do zamieszkania,wtórny,1980.0,45.78333333333333
Bielany,3500000.0,143.0,4.0,0.0,1.0,do zamieszkania,wtórny,2020.0,32.81666666666667
Praga-Południe,1190000.0,77.8,4.0,2.0,3.0,do zamieszkania,wtórny,1988.0,31.733333333333334
Mokotów,800000.0,54.97,3.0,1.0,4.0,do remontu,wtórny,1968.0,24.266666666666666
Mokotów,972000.0,61.0,3.0,2.0,6.0,do wykończenia,pierwotny,2027.0,28.7
Włochy,854883.0,60.63,3.0,1.0,4.0,do wykończenia,pierwotny,2025.0,34.9
Targówek,822000.0,61.0,3.0,0.0,4.0,do wykończenia,pierwotny,2026.0,34.8
Mokotów,427000.0,26.74,1.0,6.0,6.0,do wykończenia,wtórny,2025.0,28.7
Włochy,1011144.0,63.2,3.0,0.0,5.0,do wykończenia,pierwotny,2025.0,34.9
Mokotów,1100000.0,58.0,3.0,0.0,5.0,do zamieszkania,wtórny,2018.0,28.7
Wilanów,3200000.0,166.5,4.0,2.0,2.0,do zamieszkania,wtórny,2009.0,61.43333333333333
Ursynów,1100000.0,55.0,2.0,2.0,4.0,do zamieszkania,wtórny,2004.0,45.78333333333333
Praga-Północ,984079.0,53.41,3.0,2.0,6.0,do wykończenia,pierwotny,2025.0,28.416666666666668
Bemowo,2599000.0,149.4,5.0,2.0,6.0,do zamieszkania,wtórny,2010.0,38.28333333333333
Żoliborz,1290000.0,69.31,3.0,3.0,3.0,do zamieszkania,wtórny,2010.0,33.9
Praga-Południe,485000.0,36.6,1.0,10.0,16.0,do remontu,wtórny,1980.0,31.733333333333334
Wawer,780000.0,53.0,2.0,1.0,2.0,do zamieszkania,wtórny,2004.0,41.81666666666667
Mokotów,1675000.0,73.0,3.0,7.0,7.0,do zamieszkania,wtórny,2008.0,28.7
Mokotów,1096814.0,62.11,3.0,1.0,9.0,do wykończenia,pierwotny,2025.0,27.566666666666666
Włochy,999000.0,66.98,3.0,3.0,3.0,do wykończenia,wtórny,2025.0,34.9
Ursynów,799000.0,49.0,2.0,4.0,4.0,do zamieszkania,wtórny,1974.0,45.78333333333333
Praga-Południe,840000.0,67.0,3.0,2.0,6.0,do remontu,wtórny,2000.0,26.416666666666668
Wawer,870000.0,72.0,3.0,1.0,2.0,do wykończenia,pierwotny,2025.0,41.81666666666667
Włochy,792187.0,65.47,3.0,2.0,2.0,do wykończenia,pierwotny,2025.0,34.9
Wawer,1251480.0,94.0,4.0,0.0,1.0,do wykończenia,pierwotny,2025.0,41.81666666666667
Ursynów,1200000.0,63.63,3.0,2.0,3.0,do zamieszkania,wtórny,2020.0,45.78333333333333
Ursus,470000.0,35.0,1.0,2.0,2.0,do zamieszkania,wtórny,1962.0,26.083333333333332
Białołęka,1040000.0,74.79,4.0,3.0,3.0,do zamieszkania,wtórny,2018.0,85.51666666666667
Śródmieście,1221534.0,44.98,3.0,2.0,11.0,do zamieszkania,pierwotny,2019.0,17.116666666666667
Wola,3990000.0,104.54,4.0,5.0,12.0,do zamieszkania,wtórny,2018.0,13.15
Mokotów,1599000.0,106.0,5.0,1.0,5.0,do remontu,wtórny,1932.0,24.283333333333335
Ursynów,1890000.0,136.1,3.0,3.0,4.0,do zamieszkania,wtórny,2002.0,45.78333333333333
Ursynów,890036.0,33.46,2.0,3.0,6.0,do wykończenia,pierwotny,2027.0,45.78333333333333
Praga-Północ,2249000.0,70.77,3.0,6.0,6.0,do zamieszkania,wtórny,2024.0,30.466666666666665
Ursynów,829000.0,39.74,2.0,1.0,4.0,do zamieszkania,wtórny,2022.0,45.78333333333333
Żoliborz,3335000.0,127.26,4.0,1.0,4.0,do wykończenia,pierwotny,2026.0,33.9
Włochy,951765.0,55.68,3.0,3.0,6.0,do wykończenia,pierwotny,2025.0,34.9
Targówek,750000.0,48.34,2.0,1.0,6.0,do zamieszkania,wtórny,2017.0,34.8
Włochy,599999.0,31.18,1.0,0.0,6.0,do wykończenia,pierwotny,2025.0,34.9
Ursus,623121.0,39.19,2.0,3.0,5.0,do wykończenia,pierwotny,2026.0,26.083333333333332
Włochy,943388.0,68.61,3.0,2.0,5.0,do wykończenia,pierwotny,2025.0,34.9
Białołęka,701520.0,58.46,3.0,2.0,3.0,do wykończenia,pierwotny,2025.0,85.51666666666667
Ursynów,1200000.0,63.63,3.0,2.0,3.0,do zamieszkania,wtórny,2020.0,45.8
Wilanów,2550000.0,104.0,4.0,1.0,4.0,do zamieszkania,wtórny,2011.0,61.43333333333333
Mokotów,899000.0,34.09,2.0,2.0,8.0,do zamieszkania,wtórny,2023.0,27.483333333333334
Włochy,1374000.0,69.49,3.0,2.0,4.0,do zamieszkania,wtórny,2023.0,34.9
Wola,1762000.0,76.63,4.0,4.0,4.0,do wykończenia,pierwotny,2026.0,35.3
Wola,853000.0,37.05,2.0,5.0,6.0,do wykończenia,pierwotny,2026.0,33.46666666666667
Śródmieście,845000.0,44.0,2.0,6.0,7.0,do remontu,wtórny,1950.0,18.683333333333334
Ochota,1650000.0,73.0,3.0,1.0,3.0,do remontu,wtórny,1954.0,28.166666666666668
Praga-Południe,948160.76,61.57,4.0,0.0,6.0,do wykończenia,pierwotny,2026.0,31.733333333333334
Wilanów,1030000.0,62.6,2.0,1.0,4.0,do zamieszkania,wtórny,2014.0,61.43333333333333
Mokotów,1190000.0,68.0,3.0,3.0,4.0,do zamieszkania,wtórny,1930.0,28.666666666666668
Śródmieście,4449000.0,118.6,3.0,3.0,4.0,do zamieszkania,wtórny,1929.0,18.383333333333333
Praga-Północ,699900.0,46.5,2.0,5.0,5.0,do remontu,wtórny,1958.0,28.416666666666668
Praga,659000.0,40.06,1.0,1.0,3.0,do zamieszkania,wtórny,1998.0,34.166666666666664
Śródmieście,725000.0,30.0,1.0,1.0,3.0,do zamieszkania,wtórny,1956.0,17.116666666666667
Wola,555555.0,35.0,1.0,2.0,4.0,do zamieszkania,wtórny,1956.0,33.46666666666667
Włochy,917956.0,72.28,4.0,2.0,6.0,do wykończenia,pierwotny,2027.0,34.9
Śródmieście,3200000.0,74.93,3.0,2.0,5.0,do zamieszkania,wtórny,2020.0,12.233333333333333
Śródmieście,1428680.0,38.2,2.0,2.0,8.0,do wykończenia,pierwotny,2027.0,13.15
Mokotów,1876616.0,86.48,4.0,5.0,5.0,do wykończenia,pierwotny,2026.0,28.666666666666668
Ochota,739000.0,37.06,3.0,8.0,8.0,do zamieszkania,wtórny,1968.0,30.833333333333332
Mokotów,2950000.0,122.0,4.0,2.0,5.0,do zamieszkania,wtórny,2020.0,28.666666666666668
Śródmieście,1350000.0,71.2,2.0,10.0,19.0,do zamieszkania,wtórny,1976.0,12.233333333333333
Ursynów,790000.0,46.36,2.0,4.0,7.0,do zamieszkania,wtórny,2018.0,45.8
Bielany,655000.0,36.11,2.0,1.0,3.0,do zamieszkania,wtórny,1952.0,32.81666666666667
Śródmieście,819000.0,46.8,2.0,6.0,8.0,do remontu,wtórny,1968.0,12.233333333333333
Ursus,835000.0,57.8,3.0,2.0,3.0,do zamieszkania,wtórny,2008.0,26.083333333333332
Wola,749000.0,47.0,2.0,5.0,9.0,do zamieszkania,wtórny,1977.0,13.55
Wola,1445000.0,41.47,2.0,2.0,8.0,do wykończenia,pierwotny,2026.0,14.033333333333333
Wola,555555.0,35.0,1.0,2.0,4.0,do zamieszkania,wtórny,1956.0,33.46666666666667
Ursus,624315.0,38.22,2.0,2.0,4.0,do wykończenia,pierwotny,2026.0,26.083333333333332
Wola,899000.0,40.0,2.0,2.0,3.0,do zamieszkania,wtórny,1936.0,33.46666666666667
Wola,790000.0,60.4,3.0,3.0,4.0,do remontu,wtórny,1950.0,24.1
Wawer,1950000.0,101.0,4.0,2.0,3.0,do zamieszkania,wtórny,2018.0,41.81666666666667
Włochy,939000.0,56.95,3.0,0.0,6.0,do wykończenia,pierwotny,2025.0,34.9
Śródmieście,1150000.0,45.75,2.0,9.0,19.0,do zamieszkania,wtórny,2010.0,18.666666666666668
Wilanów,1315000.0,86.7,4.0,1.0,2.0,do zamieszkania,wtórny,1986.0,61.43333333333333
Praga-Południe,979000.0,83.5,4.0,4.0,13.0,do zamieszkania,wtórny,1980.0,38.7
Białołęka,981442.5,80.25,4.0,1.0,3.0,do wykończenia,pierwotny,2025.0,85.51666666666667
Praga,1132659.0,74.03,4.0,5.0,5.0,do wykończenia,pierwotny,2025.0,34.166666666666664
Praga,634748.0,35.66,2.0,2.0,5.0,do wykończenia,pierwotny,2025.0,34.166666666666664
Białołęka,880000.0,56.0,3.0,1.0,3.0,do zamieszkania,wtórny,2024.0,85.51666666666667
Mokotów,1304000.0,44.2,2.0,9.0,10.0,do wykończenia,pierwotny,2027.0,28.666666666666668
Śródmieście,2990000.0,83.24,3.0,3.0,6.0,do zamieszkania,wtórny,2009.0,13.15
Białołęka,710000.0,53.02,3.0,1.0,3.0,do zamieszkania,wtórny,2020.0,85.51666666666667
Śródmieście,1023999.0,37.98,2.0,4.0,11.0,do zamieszkania,pierwotny,2019.0,12.3
Targówek,499000.0,38.0,2.0,4.0,10.0,do remontu,wtórny,1970.0,34.8
Ursus,1150000.0,65.0,3.0,6.0,7.0,do zamieszkania,wtórny,2019.0,26.083333333333332
Wilanów,2330000.0,117.0,4.0,3.0,5.0,do zamieszkania,wtórny,2009.0,61.43333333333333
Białołęka,785000.0,68.0,3.0,2.0,3.0,do zamieszkania,wtórny,2010.0,85.51666666666667
Mokotów,3499000.0,209.0,6.0,4.0,4.0,do zamieszkania,wtórny,2002.0,26.666666666666668
Mokotów,1304000.0,44.2,2.0,9.0,10.0,do wykończenia,pierwotny,2027.0,28.683333333333334
Żoliborz,1290000.0,43.0,2.0,0.0,6.0,do zamieszkania,wtórny,2014.0,26.433333333333334
Ursynów,748000.0,47.2,3.0,6.0,10.0,do zamieszkania,wtórny,1979.0,45.8
Ochota,1750000.0,109.4,4.0,10.0,16.0,do zamieszkania,wtórny,2004.0,27.516666666666666
Mokotów,2790175.0,141.5,5.0,2.0,7.0,do wykończenia,pierwotny,2025.0,24.783333333333335
Wola,1942000.0,95.87,5.0,0.0,7.0,do wykończenia,pierwotny,2026.0,33.46666666666667
Białołęka,570000.0,30.0,1.0,0.0,3.0,do zamieszkania,wtórny,2021.0,85.51666666666667
Ursynów,1119000.0,66.73,2.0,1.0,4.0,do zamieszkania,wtórny,1970.0,45.8
Targówek,1299000.0,104.5,3.0,4.0,5.0,do zamieszkania,wtórny,2009.0,34.8
Wilanów,1240000.0,62.6,3.0,3.0,3.0,do zamieszkania,wtórny,2011.0,61.43333333333333
Targówek,415000.0,27.0,1.0,1.0,10.0,do zamieszkania,wtórny,1976.0,34.8
Ursynów,870000.0,46.0,2.0,2.0,5.0,do wykończenia,wtórny,2002.0,45.8
Białołęka,930000.0,57.7,3.0,4.0,4.0,do zamieszkania,wtórny,2017.0,85.51666666666667
Bemowo,645316.77,36.69,2.0,1.0,5.0,do wykończenia,pierwotny,2025.0,38.28333333333333
Białołęka,629000.0,40.3,2.0,4.0,4.0,do zamieszkania,wtórny,2013.0,85.51666666666667
Praga,749000.0,63.09,3.0,2.0,12.0,do zamieszkania,wtórny,1978.0,34.166666666666664
Praga,779000.0,49.0,2.0,10.0,16.0,do zamieszkania,wtórny,2010.0,34.166666666666664
Praga-Południe,859999.0,72.0,3.0,2.0,13.0,do remontu,wtórny,1980.0,38.7
Wola,1166899.0,53.8,3.0,2.0,8.0,do wykończenia,wtórny,2023.0,33.46666666666667
Śródmieście,749000.0,46.0,2.0,0.0,4.0,do zamieszkania,wtórny,1968.0,21.033333333333335
Żoliborz,1290000.0,43.0,2.0,0.0,6.0,do zamieszkania,wtórny,2014.0,26.433333333333334
Targówek,748000.0,50.0,3.0,2.0,7.0,do wykończenia,pierwotny,2025.0,34.8
Śródmieście,2211000.0,88.44,3.0,1.0,3.0,do zamieszkania,wtórny,1930.0,10.833333333333334
Białołęka,583883.0,37.19,2.0,1.0,4.0,do wykończenia,wtórny,2024.0,38.2
Włochy,1150000.0,86.12,4.0,3.0,4.0,do zamieszkania,wtórny,2008.0,34.9
Wawer,688800.0,49.2,2.0,0.0,3.0,do wykończenia,pierwotny,2025.0,41.81666666666667
Białołęka,724921.0,65.9,4.0,2.0,2.0,do wykończenia,pierwotny,2025.0,85.51666666666667
Mokotów,829124.0,58.27,3.0,1.0,4.0,do wykończenia,pierwotny,2025.0,28.683333333333334
Wola,2820000.0,80.23,3.0,2.0,6.0,do zamieszkania,wtórny,2019.0,23.633333333333333
Ursynów,2250000.0,131.76,5.0,3.0,4.0,do zamieszkania,wtórny,1995.0,45.8
Białołęka,1449000.0,104.0,4.0,0.0,2.0,do zamieszkania,wtórny,1999.0,85.51666666666667
Wola,568450.0,28.66,1.0,2.0,7.0,do wykończenia,pierwotny,2025.0,33.46666666666667
Praga-Północ,1470000.0,76.41,3.0,7.0,17.0,do zamieszkania,wtórny,2019.0,28.416666666666668
Bemowo,770000.0,65.0,3.0,1.0,10.0,do zamieszkania,wtórny,1987.0,38.28333333333333
Białołęka,515692.0,36.73,2.0,0.0,2.0,do zamieszkania,pierwotny,2025.0,85.51666666666667
Mokotów,485093.0,30.15,1.0,1.0,4.0,do wykończenia,pierwotny,2025.0,28.683333333333334
Wilanów,767082.0,39.52,2.0,1.0,4.0,do wykończenia,pierwotny,2025.0,61.43333333333333
Mokotów,611146.0,39.35,2.0,1.0,4.0,do wykończenia,pierwotny,2025.0,28.683333333333334
Białołęka,411992.0,26.58,1.0,1.0,2.0,do wykończenia,pierwotny,2025.0,85.51666666666667
Białołęka,452731.0,34.69,2.0,1.0,2.0,do wykończenia,pierwotny,2025.0,85.51666666666667
Śródmieście,1360933.0,46.86,3.0,4.0,11.0,do zamieszkania,pierwotny,2019.0,15.633333333333333
Bielany,840000.0,68.74,4.0,6.0,12.0,do remontu,wtórny,1976.0,32.81666666666667
Praga-Południe,1540000.0,95.94,3.0,3.0,3.0,do zamieszkania,wtórny,1999.0,31.733333333333334
Śródmieście,935000.0,46.4,2.0,2.0,5.0,do zamieszkania,wtórny,1951.0,11.55
Targówek,748000.0,50.0,3.0,2.0,7.0,do wykończenia,pierwotny,2025.0,34.8
Mokotów,1750000.0,72.0,4.0,3.0,5.0,do zamieszkania,wtórny,2019.0,28.683333333333334
Bielany,730000.0,48.4,2.0,3.0,4.0,do remontu,wtórny,1971.0,32.81666666666667
Praga,1014000.0,55.0,3.0,4.0,7.0,do zamieszkania,wtórny,2021.0,34.166666666666664
Praga-Południe,785296.0,42.45,2.0,3.0,4.0,do wykończenia,wtórny,2025.0,31.733333333333334
Praga-Południe,653681.0,39.74,2.0,1.0,4.0,do wykończenia,wtórny,2025.0,31.733333333333334
Białołęka,709000.0,68.4,4.0,2.0,2.0,do wykończenia,pierwotny,2026.0,85.51666666666667
Praga-Południe,574970.0,31.42,1.0,3.0,4.0,do wykończenia,wtórny,2025.0,31.733333333333334
Mokotów,1038303.0,59.5,3.0,4.0,7.0,do wykończenia,wtórny,2025.0,33.416666666666664
Śródmieście,550000.0,18.21,1.0,3.0,6.0,do zamieszkania,wtórny,1950.0,11.55
Żoliborz,1119000.0,38.82,2.0,1.0,4.0,do wykończenia,pierwotny,2026.0,26.483333333333334
Mokotów,1168014.0,59.9,3.0,7.0,7.0,do wykończenia,wtórny,2025.0,33.416666666666664
Białołęka,411990.0,26.58,1.0,0.0,2.0,do wykończenia,pierwotny,2025.0,85.51666666666667
Białołęka,411990.0,26.58,1.0,0.0,2.0,do wykończenia,pierwotny,2025.0,85.51666666666667
Włochy,643000.0,37.0,2.0,2.0,4.0,do zamieszkania,wtórny,2023.0,34.9
Białołęka,790000.0,63.3,3.0,2.0,2.0,do wykończenia,pierwotny,2026.0,85.51666666666667
Ursus,408200.72,27.18,1.0,2.0,3.0,do wykończenia,pierwotny,2026.0,26.083333333333332
Mokotów,1750000.0,72.0,4.0,3.0,5.0,do zamieszkania,wtórny,2019.0,28.683333333333334
Wola,850000.0,54.27,2.0,2.0,4.0,do zamieszkania,wtórny,1953.0,20.366666666666667
Wilanów,835000.0,46.76,2.0,2.0,4.0,do zamieszkania,wtórny,2020.0,61.43333333333333
Wilanów,1199000.0,63.8,2.0,1.0,4.0,do zamieszkania,wtórny,2012.0,61.43333333333333
Bielany,1099000.0,72.0,3.0,10.0,11.0,do zamieszkania,wtórny,2001.0,32.81666666666667
Wilanów,1670720.0,70.82,3.0,1.0,3.0,do wykończenia,pierwotny,2026.0,61.43333333333333
Praga-Południe,1080000.0,56.47,3.0,1.0,17.0,do zamieszkania,wtórny,2018.0,31.733333333333334
Bielany,490000.0,33.3,1.0,10.0,11.0,do remontu,wtórny,1975.0,32.81666666666667
Wilanów,1770000.0,89.8,3.0,2.0,4.0,do zamieszkania,wtórny,2008.0,56.583333333333336
Praga-Południe,585000.0,45.02,2.0,1.0,3.0,do remontu,wtórny,1955.0,31.733333333333334
Śródmieście,599000.0,26.9,1.0,2.0,7.0,do zamieszkania,wtórny,1959.0,7.233333333333333
Mokotów,630000.0,45.9,2.0,5.0,10.0,do remontu,wtórny,1976.0,28.683333333333334
Wilanów,1771100.0,89.0,3.0,2.0,4.0,do zamieszkania,wtórny,2008.0,56.6
Ursus,467387.0,38.31,2.0,2.0,3.0,do wykończenia,pierwotny,2025.0,50.583333333333336
Włochy,1480000.0,116.5,4.0,1.0,2.0,do remontu,wtórny,2000.0,34.9
Praga,875000.0,73.3,4.0,2.0,10.0,do zamieszkania,wtórny,1994.0,34.166666666666664
Włochy,599000.0,33.5,2.0,4.0,4.0,do zamieszkania,wtórny,2020.0,34.9
Włochy,826000.0,38.07,2.0,4.0,6.0,do zamieszkania,wtórny,2024.0,34.9
Śródmieście,795000.0,49.52,2.0,3.0,4.0,do remontu,wtórny,1956.0,11.616666666666667
Targówek,439000.0,25.5,1.0,1.0,4.0,do zamieszkania,wtórny,1975.0,34.8
Mokotów,2770000.0,120.7,4.0,10.0,12.0,do zamieszkania,wtórny,2011.0,28.683333333333334
Białołęka,921000.0,73.68,4.0,2.0,2.0,do wykończenia,pierwotny,2027.0,85.51666666666667
Białołęka,783104.0,58.88,3.0,0.0,2.0,do wykończenia,pierwotny,2027.0,85.51666666666667
Ochota,650000.0,47.3,3.0,2.0,4.0,do remontu,wtórny,1970.0,24.4
Wola,699000.0,32.6,1.0,2.0,6.0,do zamieszkania,wtórny,2018.0,33.46666666666667
Wola,760000.0,48.0,3.0,8.0,15.0,do zamieszkania,wtórny,1972.0,23.633333333333333
Białołęka,549900.0,32.0,1.0,3.0,3.0,do zamieszkania,wtórny,2003.0,85.51666666666667
Wilanów,1089000.0,42.86,2.0,2.0,4.0,do zamieszkania,wtórny,2006.0,61.43333333333333
Targówek,479000.0,25.0,1.0,1.0,4.0,do zamieszkania,wtórny,1970.0,34.8
Ursus,1170000.0,65.0,3.0,5.0,7.0,do zamieszkania,wtórny,2021.0,26.083333333333332
Praga,1050000.0,84.7,5.0,2.0,6.0,do remontu,wtórny,1993.0,30.65
Białołęka,474562.0,34.69,2.0,2.0,2.0,do zamieszkania,pierwotny,2025.0,85.51666666666667
Białołęka,650000.0,57.4,3.0,3.0,7.0,do zamieszkania,wtórny,2002.0,70.15
Wilanów,1770000.0,89.0,3.0,2.0,4.0,do zamieszkania,wtórny,2008.0,61.43333333333333
Bielany,680000.0,54.44,3.0,9.0,12.0,do remontu,wtórny,1976.0,32.81666666666667
Mokotów,1248000.0,62.4,3.0,1.0,10.0,do wykończenia,pierwotny,2027.0,28.683333333333334
Wola,2800000.0,109.0,4.0,7.0,11.0,do zamieszkania,wtórny,2020.0,33.46666666666667
Wola,850000.0,44.97,2.0,7.0,9.0,do zamieszkania,wtórny,1965.0,33.46666666666667
Ursynów,760000.0,45.0,2.0,7.0,7.0,do zamieszkania,wtórny,2002.0,45.78333333333333
Praga,1349000.0,64.03,3.0,4.0,8.0,do zamieszkania,wtórny,2024.0,34.166666666666664
Ursynów,699000.0,35.04,1.0,6.0,10.0,do zamieszkania,wtórny,2003.0,45.78333333333333
Białołęka,685000.0,45.0,2.0,2.0,4.0,do zamieszkania,wtórny,2018.0,85.51666666666667
Ursynów,530000.0,31.0,1.0,6.0,7.0,do zamieszkania,wtórny,1980.0,45.78333333333333
Śródmieście,1005793.0,37.96,2.0,2.0,11.0,do zamieszkania,pierwotny,2019.0,15.583333333333334
Targówek,549000.0,33.1,2.0,3.0,12.0,do zamieszkania,wtórny,1980.0,34.8
Białołęka,1360000.0,75.0,4.0,5.0,5.0,do zamieszkania,wtórny,2022.0,85.51666666666667
Ursus,850000.0,64.0,3.0,1.0,7.0,do zamieszkania,wtórny,2000.0,26.083333333333332
Białołęka,709000.0,51.0,2.0,1.0,5.0,do zamieszkania,wtórny,2008.0,85.51666666666667
Mokotów,839000.0,49.37,2.0,4.0,5.0,do zamieszkania,wtórny,1957.0,28.666666666666668
Mokotów,499000.0,32.2,1.0,6.0,11.0,do remontu,wtórny,1980.0,28.666666666666668
Śródmieście,1100000.0,44.0,2.0,2.0,5.0,do zamieszkania,wtórny,1957.0,12.416666666666666
Włochy,914755.85,58.64,3.0,0.0,6.0,do wykończenia,pierwotny,2026.0,34.9
Mokotów,922083.0,46.46,2.0,4.0,16.0,do wykończenia,pierwotny,2025.0,24.783333333333335
Bielany,669000.0,43.3,2.0,5.0,7.0,do zamieszkania,wtórny,2003.0,32.81666666666667
Mokotów,2900000.0,95.5,3.0,7.0,10.0,do zamieszkania,wtórny,2006.0,24.133333333333333
Mokotów,795000.0,53.5,3.0,2.0,10.0,do zamieszkania,wtórny,1976.0,28.666666666666668
Praga-Południe,590000.0,31.53,2.0,3.0,3.0,do zamieszkania,wtórny,1938.0,31.733333333333334
Śródmieście,1829000.0,63.0,3.0,7.0,7.0,do zamieszkania,wtórny,2015.0,18.666666666666668
Żoliborz,1119000.0,38.82,2.0,1.0,4.0,do wykończenia,pierwotny,2026.0,26.466666666666665
Praga-Północ,1065000.0,59.72,4.0,4.0,4.0,do zamieszkania,wtórny,1920.0,30.45
Wilanów,1771100.0,89.0,3.0,2.0,3.0,do zamieszkania,wtórny,2008.0,61.43333333333333
Ursynów,790000.0,47.0,2.0,6.0,10.0,do remontu,wtórny,2008.0,45.78333333333333
Targówek,680000.0,40.67,2.0,1.0,5.0,do zamieszkania,wtórny,2003.0,34.8
Śródmieście,862000.0,44.0,2.0,6.0,7.0,do remontu,wtórny,1950.0,18.666666666666668
Praga-Południe,644000.0,38.04,2.0,3.0,4.0,do wykończenia,wtórny,2025.0,31.733333333333334
Ursus,983848.0,56.0,3.0,8.0,8.0,do wykończenia,pierwotny,2026.0,26.083333333333332
Wola,699000.0,46.0,3.0,10.0,12.0,do remontu,wtórny,1972.0,22.9
Wola,1500000.0,50.0,2.0,6.0,6.0,do zamieszkania,wtórny,2014.0,33.46666666666667
Białołęka,546937.0,35.06,2.0,2.0,2.0,do zamieszkania,pierwotny,2025.0,85.51666666666667
Wilanów,1620000.0,91.29,3.0,2.0,2.0,do zamieszkania,wtórny,2022.0,61.43333333333333
Wilanów,2200000.0,101.0,4.0,1.0,2.0,do zamieszkania,wtórny,2018.0,61.43333333333333
Włochy,1250000.0,75.92,4.0,4.0,6.0,do zamieszkania,wtórny,2024.0,36.483333333333334
Włochy,964000.0,55.29,3.0,4.0,6.0,do zamieszkania,wtórny,2024.0,36.483333333333334
Targówek,1180000.0,68.78,3.0,3.0,3.0,do zamieszkania,wtórny,2015.0,34.8
Żoliborz,1119000.0,38.82,2.0,1.0,4.0,do wykończenia,pierwotny,2026.0,26.466666666666665
Mokotów,1184907.0,54.7,3.0,5.0,9.0,do wykończenia,pierwotny,2025.0,31.766666666666666
Wilanów,1670000.0,93.5,3.0,1.0,3.0,do zamieszkania,wtórny,2008.0,61.43333333333333
Wilanów,985000.0,53.0,2.0,4.0,4.0,do zamieszkania,wtórny,2018.0,61.43333333333333
Mokotów,1140000.0,61.68,3.0,1.0,3.0,do zamieszkania,wtórny,2015.0,28.683333333333334
Bielany,1500000.0,67.0,2.0,0.0,3.0,do zamieszkania,wtórny,2009.0,32.81666666666667
Wola,625000.0,31.38,2.0,7.0,10.0,do wykończenia,wtórny,2025.0,33.46666666666667
Mokotów,950000.0,50.0,2.0,2.0,5.0,do zamieszkania,wtórny,1954.0,28.683333333333334
Bielany,1800000.0,76.7,3.0,2.0,2.0,do zamieszkania,wtórny,2009.0,32.81666666666667
Mokotów,759000.0,47.6,2.0,2.0,3.0,do zamieszkania,wtórny,1963.0,28.683333333333334
Praga-Północ,1030000.0,72.0,4.0,1.0,5.0,do zamieszkania,wtórny,2008.0,28.416666666666668
Mokotów,514000.0,31.0,1.0,7.0,10.0,do zamieszkania,wtórny,1975.0,28.683333333333334
Ursus,993000.0,60.0,3.0,4.0,6.0,do zamieszkania,wtórny,2017.0,26.083333333333332
Białołęka,696064.0,54.38,4.0,2.0,2.0,do wykończenia,pierwotny,2025.0,85.51666666666667
Śródmieście,1700000.0,82.28,3.0,6.0,6.0,do remontu,wtórny,1929.0,15.6
Białołęka,489486.0,35.47,1.0,0.0,3.0,do wykończenia,pierwotny,2027.0,85.51666666666667
Ursynów,899000.0,69.0,3.0,1.0,3.0,do remontu,wtórny,1993.0,59.7
Białołęka,474562.0,34.69,2.0,2.0,2.0,do zamieszkania,pierwotny,2025.0,85.51666666666667
Praga,1950000.0,94.2,3.0,8.0,8.0,do remontu,wtórny,1984.0,34.166666666666664
Wola,2291000.0,53.27,3.0,5.0,8.0,do wykończenia,pierwotny,2026.0,14.033333333333333
Śródmieście,1150000.0,55.7,2.0,4.0,15.0,do zamieszkania,wtórny,2006.0,26.916666666666668
Śródmieście,774375.0,27.59,1.0,3.0,11.0,do zamieszkania,pierwotny,2019.0,12.216666666666667
Ursus,540000.0,38.0,2.0,0.0,3.0,do wykończenia,wtórny,1960.0,26.083333333333332
Mokotów,2061381.0,79.59,3.0,0.0,2.0,do wykończenia,pierwotny,2025.0,33.516666666666666
Mokotów,783000.0,31.32,2.0,0.0,3.0,do wykończenia,pierwotny,2025.0,33.516666666666666
Bemowo,960000.0,71.8,3.0,1.0,3.0,do wykończenia,wtórny,2001.0,38.28333333333333
Bemowo,637436.0,31.84,1.0,5.0,7.0,do wykończenia,pierwotny,2027.0,38.28333333333333
Mokotów,1938000.0,68.0,3.0,6.0,6.0,do zamieszkania,wtórny,2005.0,25.816666666666666
Wola,619000.0,37.14,2.0,9.0,10.0,do zamieszkania,wtórny,1973.0,33.46666666666667
Ursynów,1499000.0,75.71,3.0,2.0,3.0,do zamieszkania,wtórny,2002.0,44.53333333333333
Praga-Południe,623000.0,56.8,3.0,4.0,6.0,do remontu,wtórny,1970.0,31.733333333333334
Wola,1615000.0,73.81,4.0,0.0,6.0,do wykończenia,pierwotny,2026.0,33.46666666666667
Praga,719000.0,39.17,2.0,9.0,10.0,do zamieszkania,wtórny,1966.0,34.5
Mokotów,635100.0,43.8,2.0,3.0,4.0,do wykończenia,pierwotny,2025.0,33.516666666666666
Mokotów,899000.0,56.2,3.0,2.0,12.0,do zamieszkania,wtórny,1976.0,33.516666666666666
Wilanów,1400000.0,70.03,2.0,2.0,4.0,do zamieszkania,wtórny,2017.0,57.11666666666667
Bielany,669000.0,36.0,2.0,4.0,4.0,do zamieszkania,wtórny,1972.0,32.81666666666667
Żoliborz,3400000.0,154.0,4.0,1.0,2.0,do zamieszkania,wtórny,2000.0,26.466666666666665
Bemowo,999000.0,82.4,3.0,5.0,12.0,do zamieszkania,wtórny,1977.0,38.28333333333333
Śródmieście,1190000.0,63.0,2.0,5.0,5.0,do zamieszkania,wtórny,1955.0,11.533333333333333
Mokotów,890000.0,62.0,3.0,2.0,5.0,do zamieszkania,wtórny,1995.0,33.516666666666666
Wilanów,1400000.0,59.0,2.0,3.0,5.0,do zamieszkania,wtórny,2021.0,61.43333333333333
Śródmieście,774375.0,27.59,1.0,3.0,11.0,do zamieszkania,pierwotny,2019.0,12.216666666666667
Wilanów,1398415.0,75.59,3.0,2.0,4.0,do zamieszkania,wtórny,2013.0,61.43333333333333
Śródmieście,2417000.0,63.62,3.0,6.0,7.0,do wykończenia,wtórny,2025.0,15.9
Ochota,998000.0,44.0,3.0,1.0,4.0,do zamieszkania,wtórny,1928.0,25.833333333333332
Śródmieście,1788000.0,44.71,2.0,5.0,7.0,do wykończenia,wtórny,2025.0,15.9
Praga-Południe,599000.0,47.0,2.0,9.0,10.0,do remontu,wtórny,1978.0,31.733333333333334
Białołęka,452730.0,34.69,2.0,1.0,2.0,do wykończenia,pierwotny,2025.0,85.51666666666667
Mokotów,1637000.0,60.4,3.0,4.0,6.0,do zamieszkania,wtórny,2023.0,28.683333333333334
Bemowo,855000.0,61.5,3.0,7.0,8.0,do remontu,wtórny,1982.0,38.28333333333333
Ursus,680000.0,46.72,2.0,1.0,4.0,do remontu,wtórny,1958.0,26.083333333333332
Wola,1350000.0,42.8,2.0,1.0,16.0,do zamieszkania,wtórny,2023.0,33.46666666666667
Białołęka,411991.0,26.58,1.0,1.0,2.0,do wykończenia,pierwotny,2025.0,85.51666666666667
Praga,939769.52,63.5,3.0,3.0,4.0,do wykończenia,pierwotny,2026.0,27.4
Mokotów,1350000.0,67.84,3.0,10.0,11.0,do zamieszkania,wtórny,2001.0,31.766666666666666
Mokotów,1789000.0,74.0,3.0,2.0,6.0,do zamieszkania,wtórny,1934.0,21.816666666666666
Wola,899000.0,47.9,2.0,10.0,11.0,do zamieszkania,wtórny,1972.0,13.666666666666666
Wola,665000.0,32.66,1.0,0.0,3.0,do zamieszkania,wtórny,1950.0,33.46666666666667
Białołęka,540000.0,44.0,2.0,6.0,10.0,do remontu,wtórny,2001.0,85.51666666666667
Targówek,880000.0,52.27,3.0,2.0,3.0,do zamieszkania,wtórny,2017.0,48.083333333333336
Wilanów,1398415.0,75.59,3.0,2.0,4.0,do zamieszkania,wtórny,2013.0,61.43333333333333
Praga-Południe,999000.0,59.0,3.0,1.0,6.0,do zamieszkania,wtórny,2024.0,31.733333333333334
Białołęka,546936.0,35.06,2.0,2.0,2.0,do zamieszkania,pierwotny,2025.0,85.51666666666667
Białołęka,411990.0,26.58,2.0,1.0,2.0,do wykończenia,pierwotny,2025.0,85.51666666666667
Wola,1385000.0,42.8,2.0,7.0,16.0,do zamieszkania,wtórny,2023.0,33.46666666666667
Ursynów,890000.0,70.2,3.0,2.0,3.0,do remontu,wtórny,1986.0,59.65
Bielany,495000.0,25.7,1.0,1.0,4.0,do zamieszkania,wtórny,1964.0,32.81666666666667
Włochy,1054000.0,57.92,3.0,3.0,7.0,do wykończenia,pierwotny,2025.0,36.4
Ochota,1699000.0,73.8,2.0,0.0,2.0,do wykończenia,wtórny,1925.0,25.783333333333335
Białołęka,515691.0,36.73,2.0,0.0,2.0,do zamieszkania,pierwotny,2025.0,85.51666666666667
Białołęka,474561.0,34.69,2.0,2.0,2.0,do zamieszkania,pierwotny,2025.0,85.51666666666667
Białołęka,715000.0,50.16,3.0,0.0,3.0,do zamieszkania,wtórny,2011.0,85.51666666666667
Ursus,699000.0,57.8,4.0,3.0,4.0,do zamieszkania,wtórny,1974.0,26.083333333333332
Bielany,839000.0,42.0,2.0,5.0,8.0,do zamieszkania,wtórny,2014.0,32.81666666666667
Białołęka,1215000.0,71.82,3.0,1.0,2.0,do zamieszkania,wtórny,2016.0,42.65
Bielany,750000.0,50.7,3.0,4.0,11.0,do zamieszkania,wtórny,1975.0,32.81666666666667
Śródmieście,1780000.0,68.34,2.0,7.0,11.0,do zamieszkania,wtórny,2009.0,8.85
Bemowo,730000.0,53.0,2.0,5.0,8.0,do zamieszkania,wtórny,1978.0,38.28333333333333
Praga,490000.0,33.0,2.0,4.0,4.0,do zamieszkania,wtórny,1967.0,34.166666666666664
Praga-Północ,769000.0,36.0,2.0,1.0,11.0,do zamieszkania,wtórny,2025.0,28.416666666666668
Wola,1625000.0,67.0,2.0,1.0,16.0,do zamieszkania,wtórny,2019.0,33.46666666666667
Praga,389000.0,22.97,1.0,1.0,10.0,do zamieszkania,wtórny,1967.0,34.18333333333333
Mokotów,610000.0,31.0,2.0,0.0,11.0,do zamieszkania,wtórny,1975.0,33.516666666666666
Bemowo,645000.0,44.5,2.0,9.0,9.0,do zamieszkania,wtórny,1991.0,38.28333333333333
Białołęka,546936.0,35.06,2.0,2.0,2.0,do zamieszkania,pierwotny,2025.0,85.51666666666667
Mokotów,1950000.0,60.0,2.0,0.0,6.0,do zamieszkania,wtórny,2010.0,24.15
Wola,599000.0,36.4,2.0,0.0,4.0,do remontu,wtórny,1937.0,20.75
Praga-Północ,575000.0,48.0,2.0,8.0,10.0,do zamieszkania,wtórny,1982.0,34.016666666666666
Ursynów,849000.0,63.0,3.0,1.0,4.0,do zamieszkania,wtórny,1980.0,49.35
Ursynów,849000.0,63.0,2.0,1.0,4.0,do zamieszkania,wtórny,1980.0,49.35
Bemowo,740000.0,61.7,4.0,2.0,3.0,do remontu,wtórny,1979.0,38.28333333333333
Praga-Południe,585000.0,38.0,2.0,0.0,4.0,do wykończenia,pierwotny,2025.0,31.733333333333334
Mokotów,1540000.0,106.56,4.0,1.0,3.0,do zamieszkania,wtórny,1980.0,33.516666666666666
Mokotów,2620000.0,156.0,4.0,9.0,9.0,do zamieszkania,wtórny,2003.0,33.516666666666666
Mokotów,625000.0,42.0,2.0,1.0,4.0,do wykończenia,pierwotny,2025.0,33.516666666666666
Śródmieście,996336.0,36.63,2.0,0.0,11.0,do zamieszkania,pierwotny,2019.0,12.233333333333333
Żoliborz,634000.0,47.0,3.0,3.0,4.0,do remontu,wtórny,1969.0,26.45
Ursynów,790000.0,47.0,2.0,5.0,7.0,do zamieszkania,wtórny,2015.0,49.35
Targówek,660000.0,53.0,3.0,0.0,4.0,do remontu,wtórny,1974.0,34.8
Targówek,1339758.0,101.03,1.0,8.0,8.0,do wykończenia,pierwotny,2024.0,34.8
Targówek,759541.0,59.71,3.0,3.0,8.0,do wykończenia,pierwotny,2024.0,34.8
Targówek,712097.0,51.62,1.0,8.0,8.0,do wykończenia,pierwotny,2024.0,34.8
Wilanów,920000.0,47.61,2.0,1.0,4.0,do zamieszkania,wtórny,2012.0,61.43333333333333
Śródmieście,799000.0,39.8,2.0,0.0,9.0,do zamieszkania,wtórny,1965.0,20.033333333333335
Mokotów,1072000.0,32.96,1.0,8.0,10.0,do wykończenia,pierwotny,2027.0,33.516666666666666
Mokotów,1379000.0,65.7,3.0,4.0,5.0,do zamieszkania,wtórny,1996.0,32.71666666666667
Bielany,999000.0,64.16,4.0,5.0,5.0,do zamieszkania,wtórny,2009.0,41.05
Mokotów,1499000.0,77.14,2.0,1.0,6.0,do zamieszkania,wtórny,2012.0,33.516666666666666
Mokotów,690000.0,38.0,1.0,4.0,5.0,do zamieszkania,wtórny,1957.0,33.516666666666666
Praga-Południe,4400000.0,149.51,5.0,5.0,5.0,do wykończenia,pierwotny,2025.0,31.733333333333334
Wilanów,1600000.0,86.72,3.0,3.0,4.0,do zamieszkania,wtórny,2012.0,61.43333333333333
Targówek,839000.0,63.5,3.0,10.0,11.0,do zamieszkania,wtórny,1976.0,34.8
Bemowo,649000.0,37.47,2.0,3.0,5.0,do wykończenia,pierwotny,2025.0,38.28333333333333
Śródmieście,664000.0,23.79,1.0,3.0,3.0,do zamieszkania,wtórny,1960.0,12.216666666666667
Bielany,549000.0,37.0,2.0,0.0,10.0,do zamieszkania,wtórny,1969.0,41.05
Śródmieście,5950000.0,93.0,3.0,10.0,53.0,do zamieszkania,wtórny,2018.0,12.216666666666667
Żoliborz,625000.0,37.0,2.0,3.0,7.0,do zamieszkania,wtórny,1968.0,26.4
Praga-Północ,899000.0,54.14,3.0,1.0,6.0,do zamieszkania,wtórny,1956.0,27.116666666666667
Ochota,1071000.0,51.0,2.0,5.0,6.0,do zamieszkania,wtórny,2012.0,25.783333333333335
Mokotów,760000.0,50.0,2.0,1.0,4.0,do zamieszkania,wtórny,1957.0,33.516666666666666
Ursus,945000.2,70.0,3.0,0.0,7.0,do wykończenia,pierwotny,2027.0,26.083333333333332
Mokotów,625000.0,35.5,1.0,3.0,3.0,do zamieszkania,wtórny,1951.0,25.05
Targówek,500000.0,37.7,2.0,9.0,10.0,do remontu,wtórny,1972.0,34.8
Wawer,1066000.0,68.0,3.0,2.0,4.0,do wykończenia,wtórny,2024.0,41.81666666666667
Białołęka,515690.0,36.73,2.0,1.0,2.0,do zamieszkania,pierwotny,2025.0,85.51666666666667
Białołęka,504045.0,39.43,3.0,1.0,2.0,do wykończenia,pierwotny,2025.0,85.51666666666667
Praga-Południe,959000.0,55.5,3.0,2.0,5.0,do wykończenia,wtórny,2024.0,31.733333333333334
Ursynów,1400000.0,69.0,3.0,0.0,5.0,do zamieszkania,wtórny,2005.0,49.31666666666667
Wilanów,726064.0,39.46,2.0,1.0,4.0,do wykończenia,pierwotny,2025.0,61.43333333333333
Bemowo,679000.0,43.0,2.0,0.0,5.0,do wykończenia,wtórny,2024.0,38.28333333333333
Bielany,800000.0,38.78,2.0,10.0,14.0,do zamieszkania,wtórny,2020.0,41.05
Białołęka,530000.0,39.0,2.0,2.0,5.0,do zamieszkania,wtórny,2000.0,85.51666666666667
Białołęka,535000.0,41.32,2.0,1.0,3.0,do zamieszkania,wtórny,2011.0,85.51666666666667
Wilanów,1765000.0,107.0,4.0,1.0,2.0,do zamieszkania,wtórny,2010.0,61.43333333333333
Mokotów,875000.0,44.0,2.0,1.0,11.0,do zamieszkania,wtórny,1975.0,31.766666666666666
Bemowo,973845.6,58.8,3.0,3.0,4.0,do wykończenia,pierwotny,2025.0,38.28333333333333
Wola,592200.0,29.34,2.0,6.0,7.0,do wykończenia,pierwotny,2025.0,33.46666666666667
Ursynów,1953000.0,93.0,4.0,3.0,5.0,do zamieszkania,wtórny,2000.0,47.81666666666667
Wola,568457.0,28.66,1.0,2.0,7.0,do wykończenia,pierwotny,2025.0,33.46666666666667
Wola,930389.0,56.02,3.0,4.0,7.0,do wykończenia,pierwotny,2025.0,33.46666666666667
Wola,1380000.0,52.48,2.0,2.0,9.0,do zamieszkania,wtórny,2015.0,33.46666666666667
Ursynów,1455000.0,103.0,4.0,2.0,3.0,do zamieszkania,wtórny,1995.0,47.81666666666667
Białołęka,474561.0,34.69,2.0,2.0,2.0,do zamieszkania,pierwotny,2025.0,85.51666666666667
Ursynów,695000.0,55.0,3.0,1.0,2.0,do zamieszkania,wtórny,2018.0,47.81666666666667
Bemowo,749078.0,47.0,2.0,1.0,3.0,do wykończenia,pierwotny,2027.0,38.28333333333333
Bemowo,1239953.02,82.39,4.0,1.0,3.0,do wykończenia,pierwotny,2027.0,38.28333333333333
Włochy,750000.0,37.84,2.0,6.0,6.0,do zamieszkania,wtórny,2024.0,30.616666666666667
Bielany,950000.0,68.6,3.0,4.0,5.0,do zamieszkania,wtórny,1996.0,41.05
Wola,1720000.0,68.0,3.0,0.0,6.0,do zamieszkania,wtórny,2018.0,33.46666666666667
Praga-Północ,1437920.0,68.8,3.0,1.0,6.0,do zamieszkania,wtórny,2016.0,28.416666666666668
Praga,875000.0,41.77,2.0,10.0,17.0,do zamieszkania,wtórny,2018.0,34.016666666666666
Białołęka,452730.0,34.69,2.0,1.0,2.0,do wykończenia,pierwotny,2025.0,85.51666666666667
Ochota,414500.0,27.8,1.0,4.0,4.0,do remontu,wtórny,1964.0,25.8
Ursus,799000.0,53.7,3.0,2.0,5.0,do zamieszkania,wtórny,2008.0,26.083333333333332
Wola,1135000.0,54.03,2.0,5.0,8.0,do zamieszkania,wtórny,2016.0,33.46666666666667
Włochy,1449000.0,83.85,2.0,3.0,4.0,do remontu,wtórny,2008.0,30.616666666666667
Włochy,594000.0,31.81,2.0,3.0,9.0,do zamieszkania,wtórny,2022.0,30.783333333333335
Mokotów,610000.0,31.31,2.0,0.0,2.0,do zamieszkania,wtórny,1975.0,33.516666666666666
Wilanów,1930000.0,91.1,4.0,1.0,4.0,do zamieszkania,wtórny,2013.0,61.43333333333333
Żoliborz,3343000.0,125.19,5.0,1.0,4.0,do wykończenia,pierwotny,2026.0,26.4
Targówek,863500.0,47.65,2.0,1.0,4.0,do zamieszkania,wtórny,2011.0,34.8
Żoliborz,1180000.0,50.82,2.0,5.0,6.0,do zamieszkania,wtórny,2014.0,26.4
Bielany,645000.0,30.76,1.0,3.0,4.0,do zamieszkania,wtórny,2022.0,41.05
Praga-Południe,2130000.0,87.0,4.0,2.0,6.0,do zamieszkania,wtórny,2024.0,31.733333333333334
Ursus,1174000.0,58.14,3.0,6.0,7.0,do zamieszkania,wtórny,2024.0,31.016666666666666
Białołęka,1050000.0,70.1,3.0,2.0,2.0,do zamieszkania,wtórny,2009.0,85.51666666666667
Wola,659000.0,48.0,3.0,3.0,3.0,do remontu,wtórny,1960.0,33.46666666666667
Wilanów,2650000.0,145.49,4.0,1.0,4.0,do zamieszkania,wtórny,2010.0,61.43333333333333
Włochy,932412.0,72.28,4.0,2.0,6.0,do wykończenia,pierwotny,2027.0,30.616666666666667
Wola,1290000.0,39.42,2.0,10.0,22.0,do zamieszkania,wtórny,2009.0,13.15
Białołęka,495000.0,44.18,3.0,2.0,2.0,do wykończenia,pierwotny,2025.0,85.51666666666667
Włochy,1399000.0,113.0,4.0,4.0,5.0,do zamieszkania,wtórny,1993.0,30.616666666666667
Wola,930375.0,56.02,3.0,4.0,9.0,do wykończenia,pierwotny,2025.0,33.46666666666667
Żoliborz,1300000.0,41.0,2.0,1.0,4.0,do zamieszkania,wtórny,2016.0,26.4
Żoliborz,3343000.0,125.19,5.0,1.0,4.0,do wykończenia,pierwotny,2026.0,26.4
Ochota,669000.0,38.0,2.0,10.0,12.0,do zamieszkania,wtórny,1978.0,12.766666666666667
Wola,660000.0,37.0,2.0,0.0,4.0,do zamieszkania,wtórny,1972.0,16.316666666666666
Bemowo,1586070.94,106.45,2.0,3.0,3.0,do wykończenia,pierwotny,2025.0,38.28333333333333
Bemowo,1587000.0,97.52,4.0,1.0,4.0,do wykończenia,pierwotny,2026.0,38.28333333333333
Wawer,860000.0,51.26,3.0,1.0,3.0,do zamieszkania,wtórny,2024.0,41.81666666666667
Bielany,899895.0,51.0,2.0,3.0,4.0,do remontu,wtórny,1956.0,41.05
Bielany,813054.0,64.02,3.0,2.0,3.0,do wykończenia,pierwotny,2025.0,41.05
Ursus,1199000.0,86.09,4.0,7.0,7.0,do wykończenia,wtórny,2025.0,26.083333333333332
Wola,988000.0,51.2,3.0,0.0,6.0,do zamieszkania,wtórny,2015.0,33.46666666666667
Bemowo,1045000.0,69.69,3.0,2.0,4.0,do zamieszkania,wtórny,2002.0,38.28333333333333
Wilanów,1060990.0,46.0,2.0,2.0,3.0,do wykończenia,pierwotny,2026.0,61.43333333333333
Wola,1332096.49,44.01,2.0,5.0,7.0,do wykończenia,pierwotny,2025.0,33.46666666666667
Praga-Południe,1319000.0,88.26,4.0,1.0,5.0,do wykończenia,wtórny,2024.0,32.68333333333333
Ochota,1440000.0,76.13,3.0,3.0,3.0,do remontu,wtórny,2006.0,25.8
Mokotów,2861580.0,75.11,3.0,1.0,3.0,do wykończenia,pierwotny,2026.0,33.516666666666666
Mokotów,3150000.0,118.0,4.0,2.0,3.0,do zamieszkania,wtórny,2006.0,33.516666666666666
Ochota,1681000.0,85.59,4.0,2.0,5.0,do zamieszkania,wtórny,2024.0,25.8
Śródmieście,765000.0,48.61,3.0,2.0,15.0,do remontu,wtórny,1968.0,32.95
Mokotów,1320000.0,64.9,2.0,6.0,11.0,do zamieszkania,wtórny,2005.0,33.516666666666666
Praga-Południe,540000.0,27.0,1.0,0.0,7.0,do zamieszkania,wtórny,1968.0,25.55
Mokotów,660000.0,56.6,3.0,4.0,4.0,do remontu,wtórny,1974.0,33.516666666666666
Bielany,1150000.0,50.0,2.0,8.0,8.0,do zamieszkania,wtórny,2015.0,41.05
Wola,1723000.0,67.59,3.0,5.0,8.0,do zamieszkania,wtórny,2024.0,33.46666666666667
Ochota,600000.0,37.0,2.0,4.0,8.0,do zamieszkania,wtórny,2002.0,25.8
Mokotów,965000.0,56.8,3.0,6.0,15.0,do zamieszkania,wtórny,1982.0,36.233333333333334
Śródmieście,760000.0,44.9,2.0,3.0,4.0,do zamieszkania,wtórny,1963.0,16.316666666666666
Bielany,888000.0,49.41,2.0,3.0,4.0,do zamieszkania,wtórny,2017.0,41.05
Wawer,999000.0,72.53,3.0,2.0,7.0,do zamieszkania,wtórny,2023.0,41.81666666666667
Mokotów,650000.0,37.0,2.0,4.0,10.0,do zamieszkania,wtórny,1974.0,33.516666666666666
Ursynów,649000.0,40.0,1.0,3.0,3.0,do zamieszkania,wtórny,2008.0,49.21666666666667
Wilanów,2520000.0,127.0,4.0,0.0,4.0,do zamieszkania,wtórny,2016.0,61.43333333333333
Praga-Południe,1600000.0,65.84,3.0,1.0,6.0,do zamieszkania,wtórny,2014.0,32.666666666666664
Białołęka,840000.0,62.32,3.0,3.0,3.0,do zamieszkania,wtórny,2007.0,85.51666666666667
Białołęka,740000.0,52.43,3.0,0.0,2.0,do zamieszkania,wtórny,2020.0,85.51666666666667
Mokotów,599000.0,39.0,2.0,6.0,6.0,do wykończenia,wtórny,2025.0,33.516666666666666
Wola,1508100.0,50.27,2.0,1.0,5.0,do wykończenia,pierwotny,2023.0,33.46666666666667
Wola,1402000.0,65.3,3.0,1.0,7.0,do wykończenia,pierwotny,2026.0,33.46666666666667
Ochota,1440000.0,76.13,3.0,3.0,3.0,do remontu,wtórny,2006.0,25.8
Bielany,1600000.0,55.11,2.0,2.0,2.0,do zamieszkania,wtórny,2010.0,38.88333333333333
Wola,968000.0,48.6,3.0,3.0,15.0,do zamieszkania,wtórny,1975.0,33.46666666666667
Praga-Południe,600000.0,31.09,2.0,1.0,2.0,do zamieszkania,wtórny,1957.0,32.666666666666664
Ursus,488391.0,40.03,2.0,2.0,3.0,do wykończenia,pierwotny,2025.0,39.95
Wola,925000.0,56.85,3.0,1.0,11.0,do remontu,wtórny,1975.0,16.65
Ursus,981700.0,81.99,4.0,3.0,4.0,do wykończenia,pierwotny,2024.0,39.95
Żoliborz,668800.0,38.0,2.0,6.0,8.0,do zamieszkania,wtórny,1964.0,26.4
Praga,950000.0,41.5,2.0,5.0,6.0,do zamieszkania,wtórny,2024.0,34.18333333333333
Praga-Północ,719000.0,49.0,2.0,3.0,3.0,do zamieszkania,wtórny,1953.0,28.416666666666668
Śródmieście,1200000.0,49.1,2.0,4.0,6.0,do zamieszkania,wtórny,1950.0,17.85
Wola,958000.0,53.25,3.0,5.0,17.0,do zamieszkania,pierwotny,2027.0,33.46666666666667
Białołęka,693246.0,65.13,2.0,1.0,3.0,do wykończenia,pierwotny,2025.0,85.51666666666667
Targówek,1350000.0,60.43,3.0,2.0,3.0,do zamieszkania,wtórny,2019.0,34.8
Białołęka,474565.0,34.69,2.0,2.0,2.0,do zamieszkania,pierwotny,2025.0,85.51666666666667
Wilanów,965640.0,49.52,2.0,4.0,4.0,do zamieszkania,wtórny,2022.0,61.43333333333333
Ursus,639000.0,34.0,2.0,7.0,7.0,do zamieszkania,wtórny,2020.0,26.083333333333332
Wawer,689432.0,47.53,2.0,1.0,3.0,do wykończenia,pierwotny,2025.0,41.81666666666667
Wola,654121.0,38.32,2.0,5.0,7.0,do wykończenia,pierwotny,2025.0,33.46666666666667
Praga,1120000.0,51.0,2.0,4.0,5.0,do zamieszkania,wtórny,2008.0,34.18333333333333
Wola,568459.0,28.66,1.0,2.0,7.0,do wykończenia,pierwotny,2025.0,33.46666666666667
Mokotów,829124.0,58.27,3.0,1.0,4.0,do wykończenia,pierwotny,2025.0,54.78333333333333
Wilanów,1191966.0,66.22,3.0,1.0,4.0,do wykończenia,pierwotny,2025.0,61.43333333333333
Bemowo,745000.0,52.7,2.0,5.0,8.0,do zamieszkania,wtórny,1978.0,38.28333333333333
Bielany,1600000.0,55.11,2.0,2.0,2.0,do zamieszkania,wtórny,2010.0,37.65
Białołęka,1290000.0,165.92,4.0,3.0,4.0,do zamieszkania,wtórny,2002.0,85.51666666666667
Praga-Południe,419621.0,22.01,1.0,3.0,9.0,do zamieszkania,pierwotny,2022.0,32.766666666666666
Ochota,3699000.0,117.9,4.0,2.0,3.0,do zamieszkania,wtórny,2025.0,25.816666666666666
Śródmieście,4860000.0,135.0,5.0,3.0,5.0,do wykończenia,wtórny,2023.0,12.233333333333333
Ursus,599000.0,35.5,2.0,5.0,5.0,do zamieszkania,wtórny,1950.0,26.083333333333332
Wola,429000.0,19.74,1.0,1.0,6.0,do zamieszkania,pierwotny,2018.0,29.216666666666665
Wilanów,1200000.0,51.0,2.0,1.0,3.0,do zamieszkania,wtórny,2017.0,61.43333333333333
Śródmieście,1393000.0,70.0,3.0,3.0,4.0,do remontu,wtórny,1951.0,12.233333333333333
Wola,649000.0,34.5,2.0,2.0,10.0,do zamieszkania,wtórny,1960.0,13.516666666666667
Wawer,840000.0,55.01,2.0,3.0,3.0,do zamieszkania,wtórny,2018.0,41.81666666666667
Śródmieście,1835000.0,92.0,3.0,2.0,6.0,do zamieszkania,wtórny,2000.0,14.483333333333333
Bemowo,699000.0,43.78,2.0,0.0,4.0,do zamieszkania,wtórny,2015.0,38.28333333333333
Bielany,730000.0,57.0,3.0,7.0,10.0,do remontu,wtórny,1971.0,35.166666666666664
Białołęka,652960.0,46.64,2.0,2.0,3.0,do wykończenia,pierwotny,2027.0,85.51666666666667
Praga-Południe,1346000.0,73.1,3.0,4.0,4.0,do zamieszkania,wtórny,2012.0,32.766666666666666
Żoliborz,829000.0,40.3,2.0,7.0,8.0,do zamieszkania,wtórny,2015.0,26.433333333333334
Praga-Południe,1080000.0,64.0,4.0,3.0,6.0,do zamieszkania,wtórny,2020.0,32.766666666666666
Białołęka,452730.0,34.69,2.0,1.0,2.0,do wykończenia,pierwotny,2025.0,85.51666666666667
Ursynów,890000.0,94.0,3.0,1.0,1.0,do wykończenia,pierwotny,2024.0,49.18333333333333
Włochy,969000.0,59.1,3.0,0.0,3.0,do wykończenia,pierwotny,2024.0,30.616666666666667
Mokotów,1178576.0,86.6,4.0,1.0,6.0,do wykończenia,pierwotny,2027.0,33.516666666666666
Włochy,1033000.0,66.22,3.0,5.0,5.0,do wykończenia,pierwotny,2025.0,30.616666666666667
Białołęka,1290000.0,165.92,4.0,3.0,4.0,do zamieszkania,wtórny,2002.0,85.51666666666667
Włochy,869024.0,45.08,2.0,7.0,7.0,do wykończenia,pierwotny,2026.0,30.616666666666667
Białołęka,500040.0,37.04,2.0,0.0,3.0,do wykończenia,pierwotny,2026.0,42.65
Śródmieście,899000.0,36.18,1.0,2.0,6.0,do zamieszkania,wtórny,1956.0,17.45
Białołęka,899000.0,65.4,4.0,1.0,3.0,do wykończenia,wtórny,2019.0,85.51666666666667
Ursus,684000.0,48.2,2.0,4.0,5.0,do zamieszkania,wtórny,2003.0,26.083333333333332
Bemowo,758000.0,44.7,2.0,2.0,4.0,do zamieszkania,wtórny,2013.0,30.25
Śródmieście,649999.0,37.1,2.0,6.0,7.0,do wykończenia,wtórny,1963.0,12.233333333333333
Białołęka,1212036.0,106.06,5.0,0.0,3.0,do wykończenia,pierwotny,2027.0,85.51666666666667
Praga,419000.0,26.35,2.0,1.0,4.0,do remontu,wtórny,1936.0,34.18333333333333
Ursynów,2453035.0,145.15,5.0,2.0,3.0,do zamieszkania,wtórny,2003.0,45.71666666666667
Wola,720000.0,37.0,1.0,3.0,5.0,do zamieszkania,wtórny,1952.0,29.983333333333334
Bemowo,1339881.0,79.66,4.0,5.0,7.0,do wykończenia,pierwotny,2027.0,30.25
Białołęka,837900.0,68.4,3.0,2.0,2.0,do wykończenia,pierwotny,2025.0,85.51666666666667
Mokotów,670000.0,31.2,1.0,0.0,3.0,do remontu,wtórny,1959.0,33.516666666666666
Ursus,850000.0,51.0,3.0,1.0,3.0,do zamieszkania,wtórny,2018.0,26.083333333333332
Włochy,869024.0,45.08,2.0,7.0,7.0,do wykończenia,pierwotny,2026.0,30.616666666666667
Ochota,599000.0,36.64,2.0,4.0,10.0,do remontu,wtórny,1970.0,10.833333333333334
Białołęka,900000.0,50.04,3.0,0.0,3.0,do zamieszkania,wtórny,2017.0,85.51666666666667
Ursus,1190000.0,82.0,3.0,6.0,6.0,do zamieszkania,wtórny,2010.0,26.083333333333332
Mokotów,2350000.0,86.0,4.0,1.0,8.0,do zamieszkania,wtórny,2024.0,33.516666666666666
Praga-Południe,2139000.0,87.0,4.0,2.0,6.0,do zamieszkania,wtórny,2025.0,32.766666666666666
Mokotów,790000.0,69.3,3.0,0.0,10.0,do remontu,wtórny,1971.0,25.95
Bielany,695000.0,36.0,2.0,1.0,4.0,do zamieszkania,wtórny,1955.0,37.65
Wola,440000.0,24.6,1.0,1.0,3.0,do remontu,wtórny,1968.0,33.46666666666667
Ursynów,970000.0,67.6,3.0,9.0,10.0,do wykończenia,wtórny,1978.0,45.71666666666667
Praga-Południe,849000.0,42.0,2.0,9.0,17.0,do zamieszkania,wtórny,2021.0,32.766666666666666
Mokotów,1100000.0,61.24,3.0,2.0,3.0,do remontu,wtórny,1949.0,24.1
Wola,1666250.0,77.0,3.0,8.0,14.0,do zamieszkania,wtórny,2008.0,20.7
Praga-Południe,1080000.0,64.0,4.0,3.0,5.0,do zamieszkania,wtórny,2020.0,32.766666666666666
Ursynów,685000.0,47.2,2.0,9.0,10.0,do zamieszkania,wtórny,1980.0,45.71666666666667
Ursynów,890000.0,94.0,3.0,1.0,1.0,do wykończenia,pierwotny,2024.0,45.71666666666667
Włochy,456000.0,25.62,1.0,1.0,3.0,do wykończenia,pierwotny,2024.0,30.616666666666667
Praga,664960.0,41.56,2.0,1.0,3.0,do wykończenia,wtórny,2025.0,34.18333333333333
Mokotów,569000.0,41.7,2.0,9.0,10.0,do wykończenia,wtórny,1972.0,33.516666666666666
Mokotów,779000.0,47.0,2.0,2.0,3.0,do zamieszkania,wtórny,2015.0,33.516666666666666
Żoliborz,1799000.0,68.44,3.0,0.0,6.0,do zamieszkania,wtórny,2017.0,26.433333333333334
Mokotów,1999000.0,93.0,4.0,1.0,9.0,do wykończenia,pierwotny,2025.0,31.766666666666666
Ursynów,1049000.0,55.25,2.0,3.0,3.0,do zamieszkania,wtórny,2019.0,45.666666666666664
Bemowo,1690000.0,130.94,5.0,4.0,4.0,do zamieszkania,wtórny,1998.0,30.85
Mokotów,790000.0,69.3,3.0,0.0,10.0,do remontu,wtórny,1971.0,25.95
Włochy,899000.0,74.0,4.0,3.0,5.0,do zamieszkania,wtórny,1995.0,30.616666666666667
Ursus,838902.0,52.89,3.0,1.0,4.0,do wykończenia,pierwotny,2026.0,26.083333333333332
Białołęka,469000.0,31.0,1.0,2.0,3.0,do zamieszkania,wtórny,2014.0,85.51666666666667
Białołęka,525000.0,34.4,2.0,0.0,6.0,do zamieszkania,wtórny,2002.0,85.51666666666667
Ursus,361480.52,25.14,1.0,1.0,3.0,do wykończenia,pierwotny,2026.0,26.083333333333332
Mokotów,830000.0,40.05,2.0,3.0,9.0,do wykończenia,wtórny,2025.0,33.516666666666666
Żoliborz,714900.0,48.0,2.0,3.0,4.0,do zamieszkania,wtórny,1960.0,26.433333333333334
Bemowo,895000.0,66.46,3.0,3.0,3.0,do zamieszkania,wtórny,1990.0,30.85
Białołęka,643089.0,39.87,2.0,1.0,5.0,do wykończenia,pierwotny,2026.0,85.51666666666667
Ursynów,1200000.0,64.0,3.0,3.0,6.0,do zamieszkania,wtórny,2015.0,45.666666666666664
Wola,789000.0,32.22,2.0,5.0,6.0,do wykończenia,wtórny,2024.0,33.46666666666667
Bielany,564000.0,27.7,1.0,6.0,6.0,do wykończenia,wtórny,2025.0,34.25
Targówek,769000.0,52.54,3.0,1.0,6.0,do wykończenia,pierwotny,2025.0,34.8
Śródmieście,2970000.0,126.0,4.0,2.0,2.0,do zamieszkania,wtórny,1949.0,18.8
Bemowo,750000.0,52.0,3.0,10.0,11.0,do remontu,wtórny,1978.0,30.85
Bielany,449000.0,26.58,1.0,1.0,6.0,do zamieszkania,wtórny,2000.0,37.65
Śródmieście,766487.0,27.53,1.0,2.0,11.0,do zamieszkania,pierwotny,2019.0,12.233333333333333
Bielany,690000.0,48.0,2.0,3.0,4.0,do zamieszkania,wtórny,1975.0,37.65
Bielany,630000.0,49.0,3.0,10.0,11.0,do zamieszkania,wtórny,1991.0,29.833333333333332
Białołęka,474565.0,34.69,2.0,2.0,2.0,do zamieszkania,pierwotny,2025.0,85.51666666666667
Ursus,838902.0,52.89,3.0,1.0,4.0,do wykończenia,pierwotny,2026.0,26.083333333333332
Żoliborz,1150000.0,38.82,2.0,2.0,4.0,do wykończenia,pierwotny,2026.0,26.433333333333334
Bemowo,698091.0,36.76,2.0,1.0,5.0,do wykończenia,pierwotny,2025.0,30.85
Wola,930381.0,56.02,3.0,4.0,7.0,do wykończenia,pierwotny,2025.0,33.46666666666667
Wawer,850000.0,66.0,3.0,2.0,3.0,do zamieszkania,wtórny,2012.0,41.81666666666667
Wola,592202.0,29.34,2.0,6.0,7.0,do wykończenia,pierwotny,2025.0,33.46666666666667
Wola,568456.0,28.66,1.0,2.0,7.0,do wykończenia,pierwotny,2025.0,33.46666666666667
Wola,895000.0,57.5,3.0,1.0,15.0,do zamieszkania,wtórny,1972.0,13.15
Ursynów,890000.0,94.0,3.0,1.0,1.0,do wykończenia,pierwotny,2024.0,45.666666666666664
Włochy,1140000.0,68.89,3.0,0.0,3.0,do wykończenia,pierwotny,2024.0,30.616666666666667
Białołęka,629865.0,36.27,2.0,5.0,8.0,do wykończenia,pierwotny,2025.0,85.51666666666667
Bielany,625000.0,48.0,3.0,4.0,4.0,do remontu,wtórny,1971.0,37.65
Śródmieście,720000.0,46.2,3.0,3.0,4.0,do remontu,wtórny,1973.0,12.233333333333333
Mokotów,3999999.0,121.6,4.0,3.0,4.0,do remontu,wtórny,1996.0,33.516666666666666
Żoliborz,1500000.0,52.0,2.0,4.0,8.0,do zamieszkania,wtórny,2011.0,26.516666666666666
Bielany,1150000.0,87.0,4.0,2.0,9.0,do zamieszkania,wtórny,1980.0,37.65
Praga-Południe,640000.0,32.31,1.0,1.0,4.0,do zamieszkania,wtórny,2019.0,32.766666666666666
Mokotów,880000.0,67.0,3.0,4.0,10.0,do zamieszkania,wtórny,1978.0,33.516666666666666
Ochota,565000.0,37.2,2.0,3.0,4.0,do remontu,wtórny,1971.0,25.8
Ursus,949000.0,90.2,5.0,0.0,2.0,do wykończenia,pierwotny,2026.0,26.083333333333332
Ursus,642841.17,46.21,3.0,1.0,3.0,do wykończenia,pierwotny,2026.0,26.083333333333332
Włochy,950000.0,61.54,3.0,3.0,3.0,do wykończenia,wtórny,2025.0,30.616666666666667
Ochota,660000.0,47.3,3.0,2.0,4.0,do zamieszkania,wtórny,1970.0,25.8
Mokotów,925000.0,45.3,2.0,6.0,6.0,do zamieszkania,wtórny,2014.0,33.516666666666666
Żoliborz,1270000.0,56.8,2.0,4.0,4.0,do zamieszkania,wtórny,2009.0,26.516666666666666
Ochota,770000.0,56.1,3.0,1.0,10.0,do zamieszkania,wtórny,1970.0,25.8
Żoliborz,999000.0,54.23,2.0,4.0,4.0,do remontu,wtórny,1931.0,26.516666666666666
Wilanów,1500000.0,74.5,3.0,0.0,4.0,do zamieszkania,wtórny,2014.0,61.43333333333333
Białołęka,492000.0,36.0,2.0,1.0,2.0,do wykończenia,pierwotny,2025.0,85.51666666666667
Białołęka,978694.7,75.29,4.0,2.0,2.0,do wykończenia,pierwotny,2026.0,85.51666666666667
Bielany,750000.0,44.23,2.0,4.0,10.0,do zamieszkania,wtórny,2006.0,34.25
Wola,1642000.0,41.05,2.0,1.0,8.0,do wykończenia,pierwotny,2026.0,12.966666666666667
Mokotów,3999999.0,121.6,4.0,3.0,4.0,do remontu,wtórny,1996.0,33.516666666666666
Białołęka,950000.0,70.0,3.0,0.0,2.0,do zamieszkania,wtórny,2008.0,85.51666666666667
Białołęka,654465.0,62.33,3.0,0.0,2.0,do wykończenia,pierwotny,2027.0,85.51666666666667
Ochota,950000.0,53.8,3.0,3.0,4.0,do zamieszkania,wtórny,1950.0,25.8
Ursynów,1150000.0,57.0,3.0,0.0,4.0,do remontu,wtórny,2000.0,45.63333333333333
Ursynów,899000.0,58.0,3.0,2.0,10.0,do zamieszkania,wtórny,1984.0,45.63333333333333
Wilanów,2400000.0,121.0,3.0,4.0,4.0,do zamieszkania,wtórny,2008.0,61.43333333333333
Włochy,819999.0,66.3,4.0,0.0,4.0,do zamieszkania,wtórny,1997.0,30.616666666666667
Białołęka,1099000.0,69.04,3.0,2.0,5.0,do zamieszkania,wtórny,2021.0,85.51666666666667
Ursus,710000.0,53.85,2.0,0.0,3.0,do zamieszkania,wtórny,1960.0,26.083333333333332
Ursus,1270000.0,114.0,4.0,6.0,7.0,do zamieszkania,wtórny,2002.0,26.083333333333332
Wola,1342750.0,65.5,3.0,3.0,11.0,do zamieszkania,wtórny,2009.0,33.46666666666667
Włochy,1391000.0,73.26,4.0,1.0,6.0,do zamieszkania,wtórny,2024.0,30.616666666666667
Żoliborz,675000.0,47.0,2.0,3.0,4.0,do zamieszkania,wtórny,1973.0,26.516666666666666
Wola,1625000.0,67.0,2.0,1.0,16.0,do zamieszkania,wtórny,2019.0,29.216666666666665
Mokotów,1350000.0,55.2,3.0,4.0,5.0,do zamieszkania,wtórny,2015.0,33.516666666666666
Bemowo,935000.0,53.07,3.0,1.0,4.0,do zamieszkania,wtórny,2014.0,31.066666666666666
Praga,770000.0,33.01,1.0,4.0,4.0,do zamieszkania,wtórny,2018.0,32.45
Ursynów,262000.0,18.94,1.0,1.0,4.0,do zamieszkania,wtórny,2002.0,45.63333333333333
Ursynów,299000.0,20.8,1.0,4.0,4.0,do zamieszkania,wtórny,2002.0,45.63333333333333
Ursynów,425000.0,29.35,1.0,3.0,4.0,do zamieszkania,wtórny,2002.0,45.63333333333333
Praga-Południe,679500.0,33.22,2.0,3.0,5.0,do zamieszkania,wtórny,2017.0,32.766666666666666
